Workbook

Sheet ESCALA
A1: DATA | B1: ESCALA | C1: ESCALA
B2: 07:00h às 19:00h | C2: 19:00h às 07:00h
A3: 43922 | E3: DIGITAR PRIMEIRO DIA DO MÊS
A4: =ESCALA!A3+1 -> 43923
A5: =ESCALA!A4+1 -> 43924
A6: =ESCALA!A5+1 -> 43925
A7: =ESCALA!A6+1 -> 43926
A8: =ESCALA!A7+1 -> 43927
A9: =ESCALA!A8+1 -> 43928
A10: =ESCALA!A9+1 -> 43929
A11: =ESCALA!A10+1 -> 43930
A12: =ESCALA!A11+1 -> 43931
A13: =ESCALA!A12+1 -> 43932
A14: =ESCALA!A13+1 -> 43933
A15: =ESCALA!A14+1 -> 43934
... A33: =ESCALA!A32+1 -> 43952

Sheet 1
D2: CONTROLE DE ANÁLISE FÍSICO - QUÍMICAS \ ETA CASTELO BRANCO | AB2: CONTROLE DE PRODUTOS QUÍMICOS APLICADOS \ ETA CASTELO BRANCO
A4: HORA | B4: COR (Uc) | F4: TURBIDEZ (Ut) | K4: Ph | O4: CLORO RESIDUAL (mg/L) | R4: DOSAGEM DO COAGULANTE | T4: VAZÃO DA ETA | U4: TIPO DE COAGU LANTE | V4: TÉCNICO | X4: Hora | Y4: Vazão ETA (l/s) | Z4: Vazão Coagulante (l/h) | AA4: Código | AB4: Dosagem (mg/l) | AC4: Vazão Polímero (l/h) | AD4: Dosagem (mg/l) | AE4: Pré 1 (Lib/dia) | AF4: Pré 1 (Kg/h) | AG4: Pré 2 (Lib/dia) | AH4: Pré 2 (Kg/h) | AI4: Pós (Lib/dia) | AJ4: Pós (Kg/h) | AK4: Pré 1 (Lib/dia) cilindros | AL4: Pré 1 (Kg/h) cilindros | AM4: Pré 2 (Lib/dia) cilindros | AN4: Pré 2 (Kg/h) cilindros | AO4: Pós (Lib/dia) cilindros | AP4: Pós (Kg/h) cilindros | AQ4: COAGULANTE | AU4: Tempo de Utilização (h)
AQ5: Codigo | AR5: Nome | AS5: d (g/ml) | AT5: C (%)
B6: Bruta | C6: DEC_1 | D6: DEC_2 | E6: TRAT | F6: Bruta | G6: DEC_1 | H6: DEC_2 | I6: TRAT | J6: FILT | K6: Bruta | L6: DEC_1 | M6: DEC_2 | N6: TRAT | O6: TRAT | P6: DEC_1 | Q6: DEC_2 | R6: L/h | S6: mg/l | T6: L/s | X6: 0.041666667 | Y6: 3187 | Z6: 1320 | AA6: 1 | AB6: =IF('1'!AA6=1,(('1'!Z6*'1'!$AS$6*'1'!$AT$6)/('1'!Y6*0.0036)),IF('1'!AA6=2,(('1'!Z6*'1'!$AS$7*'1'!$AT$7)/('1'!Y6*0.0036)))) -> 76.508733 | AD6: =(('1'!AC6*'1'!$Q$10*1000000))/('1'!Z10*3600) -> 0 | AE6: 2000 | AF6: =('1'!AE6/24)*0.454 -> 37.833333 | AG6: 500 | AH6: =('1'!AG6/24)*0.454 -> 9.4583333 | AI6: 2500 | AJ6: =('1'!AI6/24)*0.454 -> 47.291667 | AL6: =('1'!AK6/24)*0.454 -> 0 | AN6: =('1'!AM6/24)*0.454 -> 0 | AP6: =('1'!AO6/24)*0.454 -> 0 | AQ6: 1 | AR6: S.A.L | AS6: 1.33 | AT6: 0.5 | AU6: 0
A7: 0 | B7: 219 | C7: 10 | D7: 11 | E7: 9 | F7: 56 | G7: 1.3 | H7: 1.7 | I7: 0.8 | J7: 0.7 | K7: 6.7 | L7: 6.1 | M7: 6.2 | N7: 6 | O7: 3.5 | P7: 0.6 | Q7: 0.3 | U7: =IF('1'!AA6=1,'1'!AR6,'1'!AR7) -> S.A.L | X7: 0.083333333 | Y7: 3177 | Z7: 1320 | AA7: 1 | AB7: =IF('1'!AA7=1,(('1'!Z7*'1'!$AS$6*'1'!$AT$6)/('1'!Y7*0.0036)),IF('1'!AA7=2,(('1'!Z7*'1'!$AS$7*'1'!$AT$7)/('1'!Y7*0.0036)))) -> 76.749554 | AD7: =(('1'!AC7*'1'!$Q$10*1000000))/('1'!Z11*3600) -> 0 | AE7: 2000 | AF7: =('1'!AE7/24)*0.454 -> 37.833333 | AG7: 500 | AH7: =('1'!AG7/24)*0.454 -> 9.4583333 | AI7: 2500 | AJ7: =('1'!AI7/24)*0.454 -> 47.291667 | AL7: =('1'!AK7/24)*0.454 -> 0 | AN7: =('1'!AM7/24)*0.454 -> 0 | AP7: =('1'!AO7/24)*0.454 -> 0 | AQ7: 2 | AR7: PAC 18 | AS7: 1.377 | AT7: 1 | AU7: 24
A8: 0.083333333 | B8: 222 | C8: 10 | D8: 11 | E8: 8 | F8: 57 | G8: 1.3 | H8: 1.7 | I8: 0.8 | J8: 0.7 | K8: 6.7 | L8: 6.1 | M8: 6.2 | N8: 6 | O8: 3.5 | P8: 0.6 | Q8: 0.3 | R8: ='1'!Z7 -> 1320 | S8: ='1'!AB7 -> 76.749554 | T8: ='1'!Y7 -> 3177 | U8: =IF('1'!AA7=1,'1'!AR6,'1'!AR7) -> S.A.L | X8: 0.125 | Y8: 3158 | Z8: 1320 | AA8: 1 | AB8: =IF('1'!AA8=1,(('1'!Z8*'1'!$AS$6*'1'!$AT$6)/('1'!Y8*0.0036)),IF('1'!AA8=2,(('1'!Z8*'1'!$AS$7*'1'!$AT$7)/('1'!Y8*0.0036)))) -> 77.211315 | AD8: =(('1'!AC8*'1'!$Q$10*1000000))/('1'!Z12*3600) -> 0 | AE8: 2000 | AF8: =('1'!AE8/24)*0.454 -> 37.833333 | AG8: 500 | AH8: =('1'!AG8/24)*0.454 -> 9.4583333 | AI8: 2500 | AJ8: =('1'!AI8/24)*0.454 -> 47.291667 | AL8: =('1'!AK8/24)*0.454 -> 0 | AN8: =('1'!AM8/24)*0.454 -> 0 | AP8: =('1'!AO8/24)*0.454 -> 0 | AQ8: Polímero Catiônico
A9: 0.16666667 | B9: 226 | C9: 10 | D9: 11 | E9: 8 | F9: 57 | G9: 1.3 | H9: 1.8 | I9: 0.8 | J9: 0.7 | K9: 6.7 | L9: 6.1 | M9: 6.2 | N9: 6 | O9: 3.5 | P9: 0.6 | Q9: 0.3 | R9: ='1'!Z9 -> 1320 | S9: ='1'!AB9 -> 75.701128 | T9: ='1'!Y9 -> 3221 | U9: =IF('1'!AA9=1,'1'!AR6,'1'!AR7) -> S.A.L | X9: 0.16666667 | Y9: 3221 | Z9: 1320 | AA9: 1 | AB9: =IF('1'!AA9=1,(('1'!Z9*'1'!$AS$6*'1'!$AT$6)/('1'!Y9*0.0036)),IF('1'!AA9=2,(('1'!Z9*'1'!$AS$7*'1'!$AT$7)/('1'!Y9*0.0036)))) -> 75.701128 | AD9: =(('1'!AC9*'1'!$Q$10*1000000))/('1'!Z13*3600) -> 0 | AE9: 2000 | AF9: =('1'!AE9/24)*0.454 -> 37.833333 | AG9: 500 | AH9: =('1'!AG9/24)*0.454 -> 9.4583333 | AI9: 2500 | AJ9: =('1'!AI9/24)*0.454 -> 47.291667 | AL9: =('1'!AK9/24)*0.454 -> 0 | AN9: =('1'!AM9/24)*0.454 -> 0 | AP9: =('1'!AO9/24)*0.454 -> 0 | AQ9: Nome | AT9: C (%)
A10: 0.25 | B10: 230 | C10: 11 | D10: 11 | E10: 7 | F10: 60 | G10: 1.4 | H10: 1.8 | I10: 0.8 | J10: 0.7 | K10: 6.7 | L10: 6.1 | M10: 6.2 | N10: 6 | O10: 3.5 | P10: 0.6 | Q10: 0.3 | R10: ='1'!Z11 -> 1320 | S10: ='1'!AB11 -> 75.842405 | T10: ='1'!Y11 -> 3215 | U10: =IF('1'!AA11=1,'1'!AR6,'1'!AR7) -> S.A.L | X10: 0.20833333 | Y10: 3199 | Z10: 1320 | AA10: 1 | AB10: =IF('1'!AA10=1,(('1'!Z10*'1'!$AS$6*'1'!$AT$6)/('1'!Y10*0.0036)),IF('1'!AA10=2,(('1'!Z10*'1'!$AS$7*'1'!$AT$7)/('1'!Y10*0.0036)))) -> 76.221736 | AD10: =(('1'!AC10*'1'!$Q$10*1000000))/('1'!Z14*3600) -> 0 | AE10: 2000 | AF10: =('1'!AE10/24)*0.454 -> 37.833333 | AG10: 500 | AH10: =('1'!AG10/24)*0.454 -> 9.4583333 | AI10: 2500 | AJ10: =('1'!AI10/24)*0.454 -> 47.291667 | AL10: =('1'!AK10/24)*0.454 -> 0 | AN10: =('1'!AM10/24)*0.454 -> 0 | AP10: =('1'!AO10/24)*0.454 -> 0 | AQ10: Aguapol 200 | AT10: 0.002
A11: 0.33333333 | B11: 233 | C11: 11 | D11: 12 | E11: 7 | F11: 62 | G11: 1.5 | H11: 1.7 | I11: 0.7 | J11: 0.7 | K11: 6.9 | L11: 6.3 | M11: 6.3 | N11: 6 | O11: 3.6 | P11: 0.5 | Q11: 0.3 | R11: ='1'!Z13 -> 1320 | S11: ='1'!AB13 -> 76.60488 | T11: ='1'!Y13 -> 3183 | U11: =IF('1'!AA13=1,'1'!AR6,'1'!AR7) -> S.A.L | X11: 0.25 | Y11: 3215 | Z11: 1320 | AA11: 1 | AB11: =IF('1'!AA11=1,(('1'!Z11*'1'!$AS$6*'1'!$AT$6)/('1'!Y11*0.0036)),IF('1'!AA11=2,(('1'!Z11*'1'!$AS$7*'1'!$AT$7)/('1'!Y11*0.0036)))) -> 75.842405 | AD11: =(('1'!AC11*'1'!$Q$10*1000000))/('1'!Z15*3600) -> 0 | AE11: 2000 | AF11: =('1'!AE11/24)*0.454 -> 37.833333 | AG11: 500 | AH11: =('1'!AG11/24)*0.454 -> 9.4583333 | AI11: 2500 | AJ11: =('1'!AI11/24)*0.454 -> 47.291667 | AL11: =('1'!AK11/24)*0.454 -> 0 | AN11: =('1'!AM11/24)*0.454 -> 0 | AP11: =('1'!AO11/24)*0.454 -> 0
A12: 0.41666667 | B12: 226 | C12: 12 | D12: 13 | E12: 7 | F12: 59 | G12: 1.6 | H12: 1.9 | I12: 0.7 | J12: 0.6 | K12: 6.9 | L12: 6.3 | M12: 6.3 | N12: 6 | O12: 3.6 | P12: 0.4 | Q12: 0.1 | R12: ='1'!Z15 -> 1320 | S12: ='1'!AB15 -> 76.749554 | T12: ='1'!Y15 -> 3177 | U12: =IF('1'!AA15=1,'1'!AR6,'1'!AR7) -> S.A.L | V12: =ESCALA!$B$3 -> 0 | X12: 0.29166667 | Y12: 3189 | Z12: 1320 | AA12: 1 | AB12: =IF('1'!AA12=1,(('1'!Z12*'1'!$AS$6*'1'!$AT$6)/('1'!Y12*0.0036)),IF('1'!AA12=2,(('1'!Z12*'1'!$AS$7*'1'!$AT$7)/('1'!Y12*0.0036)))) -> 76.46075 | AD12: =(('1'!AC12*'1'!$Q$10*1000000))/('1'!Z16*3600) -> 0 | AE12: 2000 | AF12: =('1'!AE12/24)*0.454 -> 37.833333 | AG12: 500 | AH12: =('1'!AG12/24)*0.454 -> 9.4583333 | AI12: 2500 | AJ12: =('1'!AI12/24)*0.454 -> 47.291667 | AL12: =('1'!AK12/24)*0.454 -> 0 | AN12: =('1'!AM12/24)*0.454 -> 0 | AP12: =('1'!AO12/24)*0.454 -> 0
A13: 0.5 | B13: 223 | C13: 12 | D13: 13 | E13: 7 | F13: 57 | G13: 1.6 | H13: 1.8 | I13: 0.7 | J13: 0.6 | K13: 6.9 | L13: 6.3 | M13: 6.3 | N13: 6 | O13: 3.2 | R13: ='1'!Z17 -> 1320 | S13: ='1'!AB17 -> 76.484734 | T13: ='1'!Y17 -> 3188 | U13: =IF('1'!AA17=1,'1'!AR6,'1'!AR7) -> S.A.L | X13: 0.33333333 | Y13: 3183 | Z13: 1320 | AA13: 1 | AB13: =IF('1'!AA13=1,(('1'!Z13*'1'!$AS$6*'1'!$AT$6)/('1'!Y13*0.0036)),IF('1'!AA13=2,(('1'!Z13*'1'!$AS$7*'1'!$AT$7)/('1'!Y13*0.0036)))) -> 76.60488 | AD13: =(('1'!AC13*'1'!$Q$10*1000000))/('1'!Z17*3600) -> 0 | AE13: 2000 | AF13: =('1'!AE13/24)*0.454 -> 37.833333 | AG13: 500 | AH13: =('1'!AG13/24)*0.454 -> 9.4583333 | AI13: 2500 | AJ13: =('1'!AI13/24)*0.454 -> 47.291667 | AL13: =('1'!AK13/24)*0.454 -> 0 | AN13: =('1'!AM13/24)*0.454 -> 0 | AP13: =('1'!AO13/24)*0.454 -> 0
A14: 0.58333333 | B14: 220 | C14: 12 | D14: 13 | E14: 7 | F14: 56 | G14: 1.7 | H14: 1.8 | I14: 0.7 | J14: 0.7 | K14: 6.9 | L14: 6.3 | M14: 6.3 | N14: 6 | O14: 3 | R14: ='1'!Z19 -> 1350 | S14: ='1'!AB19 -> 78.002815 | T14: ='1'!Y19 -> 3197 | U14: =IF('1'!AA19=1,'1'!AR6,'1'!AR7) -> S.A.L | X14: 0.375 | Y14: 3187 | Z14: 1320 | AA14: 1 | AB14: =IF('1'!AA14=1,(('1'!Z14*'1'!$AS$6*'1'!$AT$6)/('1'!Y14*0.0036)),IF('1'!AA14=2,(('1'!Z14*'1'!$AS$7*'1'!$AT$7)/('1'!Y14*0.0036)))) -> 76.508733 | AD14: =(('1'!AC14*'1'!$Q$10*1000000))/('1'!Z18*3600) -> 0 | AE14: 2000 | AF14: =('1'!AE14/24)*0.454 -> 37.833333 | AG14: 500 | AH14: =('1'!AG14/24)*0.454 -> 9.4583333 | AI14: 2500 | AJ14: =('1'!AI14/24)*0.454 -> 47.291667 | AL14: =('1'!AK14/24)*0.454 -> 0 | AN14: =('1'!AM14/24)*0.454 -> 0 | AP14: =('1'!AO14/24)*0.454 -> 0
A15: 0.66666667 | B15: 224 | C15: 13 | D15: 13 | E15: 7 | F15: 58 | G15: 1.8 | H15: 1.8 | I15: 0.7 | J15: 0.7 | K15: 6.9 | L15: 6.3 | M15: 6.3 | N15: 6 | O15: 2.8 | R15: ='1'!Z21 -> 1350 | S15: ='1'!AB21 -> 77.421608 | T15: ='1'!Y21 -> 3221 | U15: =IF('1'!AA21=1,'1'!AR6,'1'!AR7) -> S.A.L | X15: 0.41666667 | Y15: 3177 | Z15: 1320 | AA15: 1 | AB15: =IF('1'!AA15=1,(('1'!Z15*'1'!$AS$6*'1'!$AT$6)/('1'!Y15*0.0036)),IF('1'!AA15=2,(('1'!Z15*'1'!$AS$7*'1'!$AT$7)/('1'!Y15*0.0036)))) -> 76.749554 | AD15: =(('1'!AC15*'1'!$Q$10*1000000))/('1'!Z19*3600) -> 0 | AF15: =('1'!AE15/24)*0.454 -> 0 | AH15: =('1'!AG15/24)*0.454 -> 0 | AI15: 2500 | AJ15: =('1'!AI15/24)*0.454 -> 47.291667 | AL15: =('1'!AK15/24)*0.454 -> 0 | AN15: =('1'!AM15/24)*0.454 -> 0 | AP15: =('1'!AO15/24)*0.454 -> 0
A16: 0.75 | B16: 228 | C16: 14 | D16: 14 | E16: 7 | F16: 60 | G16: 1.8 | H16: 1.9 | I16: 0.8 | J16: 0.7 | K16: 6.9 | L16: 6.3 | M16: 6.3 | N16: 6 | O16: 2.6 | R16: ='1'!Z23 -> 1350 | S16: ='1'!AB23 -> 77.566096 | T16: ='1'!Y23 -> 3215 | U16: =IF('1'!AA23=1,'1'!AR6,'1'!AR7) -> S.A.L | X16: 0.45833333 | Y16: 3158 | Z16: 1320 | AA16: 1 | AB16: =IF('1'!AA16=1,(('1'!Z16*'1'!$AS$6*'1'!$AT$6)/('1'!Y16*0.0036)),IF('1'!AA16=2,(('1'!Z16*'1'!$AS$7*'1'!$AT$7)/('1'!Y16*0.0036)))) -> 77.211315 | AD16: =(('1'!AC16*'1'!$Q$10*1000000))/('1'!Z20*3600) -> 0 | AF16: =('1'!AE16/24)*0.454 -> 0 | AH16: =('1'!AG16/24)*0.454 -> 0 | AI16: 2500 | AJ16: =('1'!AI16/24)*0.454 -> 47.291667 | AL16: =('1'!AK16/24)*0.454 -> 0 | AN16: =('1'!AM16/24)*0.454 -> 0 | AP16: =('1'!AO16/24)*0.454 -> 0
A17: 0.83333333 | B17: 244 | C17: 14 | D17: 15 | E17: 7 | F17: 64 | G17: 1.7 | H17: 2 | I17: 0.9 | J17: 0.7 | K17: 6.9 | L17: 6.3 | M17: 6.3 | N17: 6 | O17: 2.5 | R17: ='1'!Z25 -> 1350 | S17: ='1'!AB25 -> 77.638543 | T17: ='1'!Y25 -> 3212 | U17: =IF('1'!AA25=1,'1'!AR6,'1'!AR7) -> S.A.L | V17: =ESCALA!$C$3 -> 0 | X17: 0.5 | Y17: 3188 | Z17: 1320 | AA17: 1 | AB17: =IF('1'!AA17=1,(('1'!Z17*'1'!$AS$6*'1'!$AT$6)/('1'!Y17*0.0036)),IF('1'!AA17=2,(('1'!Z17*'1'!$AS$7*'1'!$AT$7)/('1'!Y17*0.0036)))) -> 76.484734 | AD17: =(('1'!AC17*'1'!$Q$10*1000000))/('1'!Z21*3600) -> 0 | AF17: =('1'!AE17/24)*0.454 -> 0 | AH17: =('1'!AG17/24)*0.454 -> 0 | AI17: 2500 | AJ17: =('1'!AI17/24)*0.454 -> 47.291667 | AL17: =('1'!AK17/24)*0.454 -> 0 | AN17: =('1'!AM17/24)*0.454 -> 0 | AP17: =('1'!AO17/24)*0.454 -> 0
A18: 0.91666667 | B18: 258 | C18: 15 | D18: 16 | E18: 7 | F18: 67 | G18: 1.7 | H18: 2 | I18: 0.9 | J18: 0.7 | K18: 6.9 | L18: 6.3 | M18: 6.3 | N18: 6 | O18: 2.5 | R18: ='1'!Z27 -> 1350 | S18: ='1'!AB27 -> 76.801663 | T18: ='1'!Y27 -> 3247 | U18: =IF('1'!AA27=1,'1'!AR6,'1'!AR7) -> S.A.L | X18: 0.54166667 | Y18: 3204 | Z18: 1320 | AA18: 1 | AB18: =IF('1'!AA18=1,(('1'!Z18*'1'!$AS$6*'1'!$AT$6)/('1'!Y18*0.0036)),IF('1'!AA18=2,(('1'!Z18*'1'!$AS$7*'1'!$AT$7)/('1'!Y18*0.0036)))) -> 76.102788 | AD18: =(('1'!AC18*'1'!$Q$10*1000000))/('1'!Z22*3600) -> 0 | AF18: =('1'!AE18/24)*0.454 -> 0 | AH18: =('1'!AG18/24)*0.454 -> 0 | AI18: 2500 | AJ18: =('1'!AI18/24)*0.454 -> 47.291667 | AL18: =('1'!AK18/24)*0.454 -> 0 | AN18: =('1'!AM18/24)*0.454 -> 0 | AP18: =('1'!AO18/24)*0.454 -> 0
A19: Média | B19: {=IF('1'!B7:B18>0.01,AVERAGE('1'!B7:B18),"")} -> 229.41667 | C19: {=IF('1'!C7:C18>0.01,AVERAGE('1'!C7:C18),"")} -> 12 | D19: {=IF('1'!D7:D18>0.01,AVERAGE('1'!D7:D18),"")} -> 12.75 | E19: {=IF('1'!E7:E18>0.01,AVERAGE('1'!E7:E18),"")} -> 7.3333333 | F19: {=IF('1'!F7:F18>0.01,AVERAGE('1'!F7:F18),"")} -> 59.416667 | G19: {=IF('1'!G7:G18>0.01,AVERAGE('1'!G7:G18),"")} -> 1.5583333 | H19: {=IF('1'!H7:H18>0.01,AVERAGE('1'!H7:H18),"")} -> 1.825 | I19: {=IF('1'!I7:I18>0.01,AVERAGE('1'!I7:I18),"")} -> 0.775 | ... S19: {=IF('1'!S7:S18>0.01,AVERAGE('1'!S7:S18),"")} | X19: 0.58333333 | Y19: 3197 | Z19: 1350 | AA19: 1 | AB19: =IF('1'!AA19=1,(('1'!Z19*'1'!$AS$6*'1'!$AT$6)/('1'!Y19*0.0036)),IF('1'!AA19=2,(('1'!Z19*'1'!$AS$7*'1'!$AT$7)/('1'!Y19*0.0036)))) -> 78.002815 | AD19: =(('1'!AC19*'1'!$Q$10*1000000))/('1'!Z23*3600) -> 0 | AF19: =('1'!AE19/24)*0.454 -> 0 | AH19: =('1'!AG19/24)*0.454 -> 0 | AI19: 2500 | AJ19: =('1'!AI19/24)*0.454 -> 47.291667 | AL19: =('1'!AK19/24)*0.454 -> 0 | AN19: =('1'!AM19/24)*0.454 -> 0 | AP19: =('1'!AO19/24)*0.454 -> 0
A20: Máximo | B20: =MAX('1'!B7:B18) -> 258 | C20: =MAX('1'!C7:C18) -> 15 | D20: =MAX('1'!D7:D18) -> 16 | E20: =MAX('1'!E7:E18) -> 9 | F20: =MAX('1'!F7:F18) -> 67 | G20: =MAX('1'!G7:G18) -> 1.8 | H20: =MAX('1'!H7:H18) -> 2 | I20: =MAX('1'!I7:I18) -> 0.9 | ... S20: =MAX('1'!S7:S18) -> 78.002815 | X20: 0.625 | Y20: 3193 | Z20: 1350 | AA20: 1 | AB20: =IF('1'!AA20=1,(('1'!Z20*'1'!$AS$6*'1'!$AT$6)/('1'!Y20*0.0036)),IF('1'!AA20=2,(('1'!Z20*'1'!$AS$7*'1'!$AT$7)/('1'!Y20*0.0036)))) -> 78.100532 | AD20: =(('1'!AC20*'1'!$Q$10*1000000))/('1'!Z24*3600) -> 0 | AF20: =('1'!AE20/24)*0.454 -> 0 | AH20: =('1'!AG20/24)*0.454 -> 0 | AI20: 2500 | AJ20: =('1'!AI20/24)*0.454 -> 47.291667 | AL20: =('1'!AK20/24)*0.454 -> 0 | AN20: =('1'!AM20/24)*0.454 -> 0 | AP20: =('1'!AO20/24)*0.454 -> 0
A21: Mínimo | B21: =MIN('1'!B7:B18) -> 219 | C21: =MIN('1'!C7:C18) -> 10 | D21: =MIN('1'!D7:D18) -> 11 | E21: =MIN('1'!E7:E18) -> 7 | F21: =MIN('1'!F7:F18) -> 56 | G21: =MIN('1'!G7:G18) -> 1.3 | H21: =MIN('1'!H7:H18) -> 1.7 | I21: =MIN('1'!I7:I18) -> 0.7 | ... S21: =MIN('1'!S7:S18) -> 75.701128 | X21: 0.66666667 | Y21: 3221 | Z21: 1350 | AA21: 1 | AB21: =IF('1'!AA21=1,(('1'!Z21*'1'!$AS$6*'1'!$AT$6)/('1'!Y21*0.0036)),IF('1'!AA21=2,(('1'!Z21*'1'!$AS$7*'1'!$AT$7)/('1'!Y21*0.0036)))) -> 77.421608 | AD21: =(('1'!AC21*'1'!$Q$10*1000000))/('1'!Y21*3600) -> 0 | AF21: =('1'!AE21/24)*0.454 -> 0 | AH21: =('1'!AG21/24)*0.454 -> 0 | AI21: 2500 | AJ21: =('1'!AI21/24)*0.454 -> 47.291667 | AL21: =('1'!AK21/24)*0.454 -> 0 | AN21: =('1'!AM21/24)*0.454 -> 0 | AP21: =('1'!AO21/24)*0.454 -> 0
R22: Total | X22: 0.70833333 | Y22: 3199 | Z22: 1350 | AA22: 1 | AB22: =IF('1'!AA22=1,(('1'!Z22*'1'!$AS$6*'1'!$AT$6)/('1'!Y22*0.0036)),IF('1'!AA22=2,(('1'!Z22*'1'!$AS$7*'1'!$AT$7)/('1'!Y22*0.0036)))) -> 77.954048 | AD22: =(('1'!AC22*'1'!$Q$10*1000000))/('1'!Y22*3600) -> 0 | AF22: =('1'!AE22/24)*0.454 -> 0 | AH22: =('1'!AG22/24)*0.454 -> 0 | AI22: 2500 | AJ22: =('1'!AI22/24)*0.454 -> 47.291667 | AL22: =('1'!AK22/24)*0.454 -> 0 | AN22: =('1'!AM22/24)*0.454 -> 0 | AP22: =('1'!AO22/24)*0.454 -> 0
A23: TURBIDEZ DOS FILTROS DA 1ª E 2ª ETAPAS | R23: 440 | S23: Litros | X23: 0.75 | Y23: 3215 | Z23: 1350 | AA23: 1 | AB23: =IF('1'!AA23=1,(('1'!Z23*'1'!$AS$6*'1'!$AT$6)/('1'!Y23*0.0036)),IF('1'!AA23=2,(('1'!Z23*'1'!$AS$7*'1'!$AT$7)/('1'!Y23*0.0036)))) -> 77.566096 | AD23: =(('1'!AC23*'1'!$Q$10*1000000))/('1'!Y23*3600) -> 0 | AF23: =('1'!AE23/24)*0.454 -> 0 | AH23: =('1'!AG23/24)*0.454 -> 0 | AI23: 2500 | AJ23: =('1'!AI23/24)*0.454 -> 47.291667 | AL23: =('1'!AK23/24)*0.454 -> 0 | AN23: =('1'!AM23/24)*0.454 -> 0 | AP23: =('1'!AO23/24)*0.454 -> 0
A24: HORA | B24: 1 | C24: 2 | D24: 3 | E24: 4 | F24: 5 | G24: 6 | H24: 7 | I24: 8 | J24: 9 | K24: 10 | L24: 11 | M24: 12 | N24: 13 | O24: 14 | P24: 15 | Q24: 16 | R24: 0 | S24: Kilos | X24: 0.79166667 | Y24: 3204 | Z24: 1350 | AA24: 1 | AB24: =IF('1'!AA24=1,(('1'!Z24*'1'!$AS$6*'1'!$AT$6)/('1'!Y24*0.0036)),IF('1'!AA24=2,(('1'!Z24*'1'!$AS$7*'1'!$AT$7)/('1'!Y24*0.0036)))) -> 77.832397 | AD24: =(('1'!AC24*'1'!$Q$10*1000000))/('1'!Y24*3600) -> 0 | AF24: =('1'!AE24/24)*0.454 -> 0 | AH24: =('1'!AG24/24)*0.454 -> 0 | AI24: 3000 | AJ24: =('1'!AI24/24)*0.454 -> 56.75 | AL24: =('1'!AK24/24)*0.454 -> 0 | AN24: =('1'!AM24/24)*0.454 -> 0 | AP24: =('1'!AO24/24)*0.454 -> 0
A25: 0.41666667 | R25: =#DIV/0! -> #DIV/0! | T25: DATA | U25: =ESCALA!$A$3 -> 43922 | X25: 0.83333333 | Y25: 3212 | Z25: 1350 | AA25: 1 | AB25: =IF('1'!AA25=1,(('1'!Z25*'1'!$AS$6*'1'!$AT$6)/('1'!Y25*0.0036)),IF('1'!AA25=2,(('1'!Z25*'1'!$AS$7*'1'!$AT$7)/('1'!Y25*0.0036)))) -> 77.638543 | AD25: =(('1'!AC25*'1'!$Q$10*1000000))/('1'!Y25*3600) -> 0 | AF25: =('1'!AE25/24)*0.454 -> 0 | AH25: =('1'!AG25/24)*0.454 -> 0 | AI25: 3000 | AJ25: =('1'!AI25/24)*0.454 -> 56.75 | AL25: =('1'!AK25/24)*0.454 -> 0 | AN25: =('1'!AM25/24)*0.454 -> 0 | AP25: =('1'!AO25/24)*0.454 -> 0
A26: 0.66666667 | X26: 0.875 | Y26: 3186 | Z26: 1350 | AA26: 1 | AB26: =IF('1'!AA26=1,(('1'!Z26*'1'!$AS$6*'1'!$AT$6)/('1'!Y26*0.0036)),IF('1'!AA26=2,(('1'!Z26*'1'!$AS$7*'1'!$AT$7)/('1'!Y26*0.0036)))) -> 78.272128 | AD26: =(('1'!AC26*'1'!$Q$10*1000000))/('1'!Y26*3600) -> 0 | AF26: =('1'!AE26/24)*0.454 -> 0 | AH26: =('1'!AG26/24)*0.454 -> 0 | AI26: 3000 | AJ26: =('1'!AI26/24)*0.454 -> 56.75 | AL26: =('1'!AK26/24)*0.454 -> 0 | AN26: =('1'!AM26/24)*0.454 -> 0 | AP26: =('1'!AO26/24)*0.454 -> 0
A27: Média | B27: =#DIV/0! -> #DIV/0! | C27: =#DIV/0! -> #DIV/0! | D27: =#DIV/0! -> #DIV/0! | E27: =#DIV/0! -> #DIV/0! | F27: =#DIV/0! -> #DIV/0! | G27: =#DIV/0! -> #DIV/0! | H27: =#DIV/0! -> #DIV/0! | I27: =#DIV/0! -> #DIV/0! | ... Q27: =#DIV/0! -> #DIV/0! | X27: 0.91666667 | Y27: 3247 | Z27: 1350 | AA27: 1 | AB27: =IF('1'!AA27=1,(('1'!Z27*'1'!$AS$6*'1'!$AT$6)/('1'!Y27*0.0036)),IF('1'!AA27=2,(('1'!Z27*'1'!$AS$7*'1'!$AT$7)/('1'!Y27*0.0036)))) -> 76.801663 | AD27: =(('1'!AC27*'1'!$Q$10*1000000))/('1'!Y27*3600) -> 0 | AF27: =('1'!AE27/24)*0.454 -> 0 | AH27: =('1'!AG27/24)*0.454 -> 0 | AI27: 3000 | AJ27: =('1'!AI27/24)*0.454 -> 56.75 | AL27: =('1'!AK27/24)*0.454 -> 0 | AN27: =('1'!AM27/24)*0.454 -> 0 | AP27: =('1'!AO27/24)*0.454 -> 0
A28: OBSERVAÇÕES | X28: 0.95833333 | Y28: 3201 | Z28: 1350 | AA28: 1 | AB28: =IF('1'!AA28=1,(('1'!Z28*'1'!$AS$6*'1'!$AT$6)/('1'!Y28*0.0036)),IF('1'!AA28=2,(('1'!Z28*'1'!$AS$7*'1'!$AT$7)/('1'!Y28*0.0036)))) -> 77.905342 | AD28: =(('1'!AC28*'1'!$Q$10*1000000))/('1'!Y28*3600) -> 0 | AF28: =('1'!AE28/24)*0.454 -> 0 | AH28: =('1'!AG28/24)*0.454 -> 0 | AI28: 3000 | AJ28: =('1'!AI28/24)*0.454 -> 56.75 | AL28: =('1'!AK28/24)*0.454 -> 0 | AN28: =('1'!AM28/24)*0.454 -> 0 | AP28: =('1'!AO28/24)*0.454 -> 0
X29: 1 | Y29: 3243 | Z29: 1350 | AA29: 1 | AB29: =IF('1'!AA29=1,(('1'!Z29*'1'!$AS$6*'1'!$AT$6)/('1'!Y29*0.0036)),IF('1'!AA29=2,(('1'!Z29*'1'!$AS$7*'1'!$AT$7)/('1'!Y29*0.0036)))) -> 76.896392 | AD29: =(('1'!AC29*'1'!$Q$10*1000000))/('1'!Y29*3600) -> 0 | AF29: =('1'!AE29/24)*0.454 -> 0 | AH29: =('1'!AG29/24)*0.454 -> 0 | AI29: 3000 | AJ29: =('1'!AI29/24)*0.454 -> 56.75 | AL29: =('1'!AK29/24)*0.454 -> 0 | AN29: =('1'!AM29/24)*0.454 -> 0 | AP29: =('1'!AO29/24)*0.454 -> 0
X30: Total | Y30: =SUM('1'!Y6:Y29)*3.6 -> 276339.6 | Z30: =SUM('1'!Z6:Z29) -> 32010 | AF30: =SUM('1'!AF6:AF29) -> 340.5 | AH30: =SUM('1'!AH6:AH29) -> 85.125 | AJ30: =SUM('1'!AJ6:AJ29) -> 1191.75 | AL30: =SUM('1'!AL6:AL29) -> 0 | AN30: =SUM('1'!AN6:AN29) -> 0 | AP30: =SUM('1'!AP6:AP29) -> 0
X32: S.A.L (l) - (kg) | Z32: =SUMIF('1'!AA6:AA29,"=1",'1'!Z6:Z29) -> 32010 | AA32: ='1'!Z32*'1'!AS6 -> 42573.3 | AB32: =SUMIF('1'!$AA$6:$AA$29,"=1",'1'!$AB$6:$AB$29)/COUNTIF('1'!$AA$6:$AA$29,"=1") -> 77.031216 | AC32: =SUMIF('1'!AA6:AA29,"=1",'1'!AC6:AC29) -> 0
X33: PAC 18 (l) - (kg) | Z33: =SUMIF('1'!AA6:AA29,"=2",'1'!Z6:Z29) -> 0 | AA33: ='1'!Z33*'1'!AS7 -> 0 | AB33: =SUMIF('1'!$AA$6:$AA$29,"=2",'1'!$AB$6:$AB$29)/COUNTIF('1'!$AA$6:$AA$29,"=2") -> #DIV/0! | AC33: =SUMIF('1'!AA6:AA29,"=2",'1'!AC6:AC29) -> 0
X34: Média | Y34: =AVERAGE('1'!Y6:Y29) -> 3198.375 | Z34: =AVERAGE('1'!Z6:Z29) -> 1333.75 | AC34: =SUM('1'!AC6:AC29)/COUNTIF('1'!AC6:AC29,"<>0") -> 0 | AD34: =SUM('1'!AD6:AD29)/COUNTIF('1'!AD6:AD29,"<>0") -> #DIV/0! | AF34: =AVERAGE('1'!AF6:AF29) -> 14.1875 | AH34: =AVERAGE('1'!AH6:AH29) -> 3.546875 | AJ34: ='1'!AJ30/24 -> 49.65625 | AL34: =AVERAGE('1'!AL6:AL29) -> 0 | AN34: =AVERAGE('1'!AN6:AN29) -> 0 | AP34: =AVERAGE('1'!AP6:AP29) -> 0
C35: Alcalinidade (mg/L) | F35: Ferro (mg/L) | I35: Manganês (mg/L) | L35: Alumínio (mg/L) | U35: TÉCNICO | X35: Decantadores | AA35: Filtros | AC35: Decantadores 2ª etapa | AJ35: CLORAÇÃO INTERMEDIÁRIA | AO35: PÓS CLORAÇÃO
B36: HORA | C36: Bruta | D36: Dec. | E36: Trat (R-3) | F36: Bruta | G36: Filt. | H36: Trat (R-3) | I36: Bruta | J36: Filt. | K36: Trat (R-3) | L36: Trat (R-3) | X36: Lavados | AA36: Lavados | AB36: 5 | AC36: Descargas | AD36: 4
B37: 0.33333333 | C37: 53.1 | D37: 22.1 | E37: 18.1 | F37: 1.8 | G37: 0.2 | H37: 0.1 | I37: 0.15 | J37: 0.06 | K37: 0.03 | L37: 0.15 | U37: ='1'!V12 -> 0 | X37: HORAS OPERANDO | Z37: =COUNTA('1'!Z6:Z29) -> 24 | AC37: Tempo de duração | AD37: 60’ | AJ37: CARRETA | AL37: CILINDROS | AO37: CARRETA | AQ37: CILINDROS
B38: 0.66666667 | AJ38: CONSUMO | AK38: =SUM('1'!AF30+'1'!AH30) -> 425.625 | AL38: CONSUMO | AM38: =SUM('1'!AL30+'1'!AN30) -> 0 | AO38: CONSUMO | AP38: ='1'!AJ30 -> 1191.75 | AQ38: CONSUMO | AR38: ='1'!AP30 -> 0
A39: Nº amostras de água TRATADA | C39: Nº amostras de água FILTRADA | E39: Nº amostras de água tratada/filtrada FORA DO PADRÃO | J39: Nº amostras de água tratada/filtrada no PADRÃO | O39: Nº de amostras com turbidez menor ou igual a 0,5 NTU | R39: ÁGUA FILTRADA | S39: Nº de amostras com turbidez menor ou igual a 1,0 NTU | AJ39: DOSAGEM | AK39: =('1'!AK38/'1'!Y30)*1000 -> 1.5402244 | AL39: DOSAGEM | AM39: =('1'!AM38/'1'!Y30)*1000 -> 0 | AO39: DOSAGEM | AP39: =('1'!AP38/'1'!Y30)*1000 -> 4.3126284 | AQ39: DOSAGEM | AR39: =('1'!AR38/'1'!Y30)*1000 -> 0
A40: COR | B40: TURBIDEZ | C40: TURBIDEZ | E40: COR | G40: TURBIDEZ | J40: COR | L40: TURBIDEZ | X40: ESTOQUE DE COAGULANTE | AJ40: Consumo Total | AL40: =SUM('1'!AK38,'1'!AM38) -> 425.625 | AO40: Consumo Total | AQ40: =SUM('1'!AP38,'1'!AR38) -> 1191.75
A41: =COUNTA('1'!E7:E18) -> 12 | B41: =COUNTA('1'!I7:I18) -> 12 | C41: =COUNTA('1'!J7:J18) -> 12 | D41: =COUNTA('1'!K7:K18) -> 12 | E41: =COUNTIF('1'!E7:E18,">15") -> 0 | G41: =COUNTIF('1'!J7:J18,">1") -> 0 | J41: ='1'!A41-'1'!E41 -> 12 | L41: ='1'!C41-'1'!G41 -> 12 | O41: =COUNTIF('1'!J7:J18,"<=0,5") -> 0 | S41: =COUNTIF('1'!J7:J18,"<=1,0") -> 12 | AJ41: Dosagem Final | AL41: =SUM(('1'!AK38+'1'!AM38)/'1'!Y30)*1000 -> 1.5402244 | AO41: Dosagem Final | AQ41: =SUM(('1'!AP38+'1'!AR38)/'1'!Y30)*1000 -> 4.3126284
O42: ÁGUA FILTRATADA | X42: SULFATO DE ALUMÍNIO
H43: Nº de amostras água tratada com turbidez <= 5,0 NTU | L43: Nº de amostras água tratada para aluminio | Q43: Nº de amostras com turbidez entre 0,5 e 1,0 NTU | X43: TINA 01 | Z43: TINA 02 | AB43: TINA 03 | AD43: TANQUE
X44: ALTURA | Z44: ALTURA | AB44: ALTURA | AF44: Volume total (L) | AG44: =SUM('1'!Y45,'1'!AA45,'1'!AC45,'1'!AE45) -> 0 | AI44: CONSUMO DE SULFATO DE ALUMÍNIO ÀS 24:00hs
H45: =COUNTIF('1'!I7:I18,"<=5,0") -> 12 | L45: =COUNTA('1'!L37) -> 1 | Q45: ='1'!S41-'1'!O41 -> 12 | X45: VOLUME | Y45: ='1'!Y44*275.3 -> 0 | Z45: VOLUME | AA45: =262.4*'1'!AA44 -> 0 | AB45: VOLUME | AC45: ='1'!AC44*277.7 -> 0 | AD45: VOLUME | AI45: TINA 01 | AK45: TINA 02 | AM45: TINA 03
X46: Densidade | Y46: ='1'!AS6 -> 1.33 | Z46: Densidade | AA46: ='1'!Y46 -> 1.33 | AB46: Densidade | AC46: ='1'!Y46 -> 1.33 | AD46: Densidade | AE46: ='1'!Y46 -> 1.33 | AF46: Peso Total (Kg) | AG46: =SUM('1'!Y47,'1'!AA47,'1'!AC47,'1'!AE47) -> 0 | AI46: ALTURA | AK46: ALTURA | AM46: ALTURA
O47: ÁGUA TRATADA - CLORO RESIDUAL | X47: Peso(Kg) | Y47: ='1'!Y45*'1'!Y46 -> 0 | Z47: Peso(Kg) | AA47: ='1'!AA45*'1'!AA46 -> 0 | AB47: Peso(Kg) | AC47: ='1'!AC45*'1'!AC46 -> 0 | AD47: Peso(Kg) | AE47: ='1'!AE45*'1'!AE46 -> 0 | AI47: VOLUME | AJ47: ='1'!AJ46*275.3 -> 0 | AK47: VOLUME | AL47: =262.4*'1'!AL46 -> 0 | AM47: VOLUME | AN47: ='1'!AN46*277.7 -> 0
AI48: Densidade | AJ48: ='1'!Y46 -> 1.33 | AK48: Densidade | AL48: ='1'!AJ48 -> 1.33 | AM48: Densidade | AN48: ='1'!AJ48 -> 1.33
O49: Nº de amostras de água tratada para cloro residual | R49: Nº de amostras de água tratada dentro dos padrões de cloro residual | AI49: Peso(Kg) | AJ49: ='1'!AJ47*'1'!AJ48 -> 0 | AK49: Peso(Kg) | AL49: ='1'!AL47*'1'!AL48 -> 0 | AM49: Peso(Kg) | AN49: ='1'!AN47*'1'!AN48 -> 0
X50: PAC - 18
O51: =COUNTA('1'!O7:O18) -> 12 | P51: =COUNTA('1'!W17:W28) -> 0 | R51: =COUNTIF('1'!O7:O18,">=0,5") -> 12 | X51: TINA 01 | Z51: TINA 02 | AB51: TINA 03 | AD51: TANQUE | AI51: CONSUMO DE PAC ÀS 24:00hs
X52: ALTURA | Z52: ALTURA | AB52: ALTURA | AF52: Volume total (L) | AG52: =SUM('1'!Y53,'1'!AA53,'1'!AC53,'1'!AE53) -> 0 | AI52: TINA 01 | AK52: TINA 02 | AM52: TINA 03
O53: ÁGUA TRATADA - PH | X53: VOLUME | Y53: ='1'!Y52*275.3 -> 0 | Z53: VOLUME | AA53: =262.4*'1'!AA52 -> 0 | AB53: VOLUME | AC53: ='1'!AC52*277.7 -> 0 | AD53: VOLUME | AI53: ALTURA | AK53: ALTURA | AM53: ALTURA
X54: Densidade | Y54: ='1'!AS7 -> 1.377 | Z54: Densidade | AA54: ='1'!Y54 -> 1.377 | AB54: Densidade | AC54: ='1'!Y54 -> 1.377 | AD54: Densidade | AE54: ='1'!Y54 -> 1.377 | AF54: Peso Total (Kg) | AG54: =SUM('1'!Y55,'1'!AA55,'1'!AC55,'1'!AE55) -> 0 | AI54: VOLUME | AJ54: ='1'!AJ53*275.3 -> 0 | AK54: VOLUME | AL54: =262.4*'1'!AL53 -> 0 | AM54: VOLUME | AN54: ='1'!AN53*277.7 -> 0
O55: Nº de amostras de água tratada para PH | R55: Nº de amostras de água tratada dentro dos padrões de PH | X55: Peso(Kg) | Y55: ='1'!Y53*'1'!Y54 -> 0 | Z55: Peso(Kg) | AA55: ='1'!AA53*'1'!AA54 -> 0 | AB55: Peso(Kg) | AC55: ='1'!AC53*'1'!AC54 -> 0 | AD55: Peso(Kg) | AE55: ='1'!AE53*'1'!AE54 -> 0 | AI55: Densidade | AJ55: ='1'!Y54 -> 1.377 | AK55: Densidade | AL55: ='1'!AJ55 -> 1.377 | AM55: Densidade | AN55: ='1'!AJ55 -> 1.377
AI56: Peso(Kg) | AJ56: ='1'!AJ54*'1'!AJ55 -> 0 | AK56: Peso(Kg) | AL56: ='1'!AL54*'1'!AL55 -> 0 | AM56: Peso(Kg) | AN56: ='1'!AN54*'1'!AN55 -> 0
O57: =COUNTA('1'!N7:N18) -> 12 | R57: =COUNTIF('1'!N7:N18,">=6") -> 12
X58: ESTOQUE DE CLORO
AI59: CONTROLE DIÁRIO DO CONSUMO DE COAGULANTE
X60: Carretas com Cloro | AB60: Cilindros com Cloro | AI60: CLORETO DE POLIALUMÍNIO | AN60: SULFATO DE ALUMÍNIO
AI61: CONSUMO REAL | AL61: =AA32 -> 42573.3 | AN61: CONSUMO REAL | AQ61: ='1'!AJ49+'1'!AL49+'1'!AN49 -> 0
X62: Recebido | AB62: Recebido | AI62: CONSUMO TEÓRICO | AL62: =AJ49+AN49 -> 0 | AN62: CONSUMO TEÓRICO | AQ62: ='1'!AA32 -> 42573.3
X63: Peso(kg) | Y63: 0 | AB63: Peso(kg) | AC63: 0 | AI63: DIFERENÇA | AL63: ='1'!AL61-'1'!AL62 -> 42573.3 | AN63: DIFERENÇA | AQ63: ='1'!AQ61-'1'!AQ62 -> -42573.3
X65: Saldo anterior (kg) | AB65: Saldo anterior (kg) | AC65: 0
X66: Consumido | AB66: Consumido
X67: Peso(kg) | Y67: =SUM('1'!AK38,'1'!AP38) -> 1617.375 | AB67: Peso(kg) | AC67: =SUM('1'!AM38,'1'!AR38) -> 0
X68: Saldo(kg) | Y68: =SUM('1'!Y63,'1'!Y65)-'1'!Y67 -> -1617.375 | AB68: Saldo(kg) | AC68: =SUM('1'!AC63,'1'!AC65)-'1'!AC67 -> 0
Z70: TOTAL | AA70: ='1'!Y68+'1'!AC68 -> -1617.375

Sheet 2
D2: CONTROLE DE ANÁLISE FÍSICO - QUÍMICAS \ ETA CASTELO BRANCO | AB2: CONTROLE DE PRODUTOS QUÍMICOS APLICADOS \ ETA CASTELO BRANCO
A4: HORA | B4: COR (Uc) | F4: TURBIDEZ (Ut) | K4: Ph | O4: CLORO RESIDUAL (mg/L) | R4: DOSAGEM DO COAGULANTE | T4: VAZÃO DA ETA | U4: TIPO DE COAGULANTE | V4: TÉCNICO | X4: Hora | Y4: Vazão ETA (l/s) | Z4: Vazão Coagulante (l/h) | AA4: Código | AB4: Dosagem (mg/l) | AC4: Vazão Polímero (l/h) | AD4: Dosagem (mg/l) | AE4: Pré 1 (Lib/dia) | AF4: Pré 1 (Kg/h) | AG4: Pré 2 (Lib/dia) | AH4: Pré 2 (Kg/h) | AI4: Pós (Lib/dia) | AJ4: Pós (Kg/h) | AK4: Pré 1 (Lib/dia) cilindros | AL4: Pré 1 (Kg/h) cilindros | AM4: Pré 2 (Lib/dia) cilindros | AN4: Pré 2 (Kg/h) cilindros | AO4: Pós (Lib/dia) cilindros | AP4: Pós (Kg/h) cilindros | AQ4: COAGULANTE | AU4: Tempo de Utilização (h)
AQ5: Codigo | AR5: Nome | AS5: d (g/ml) | AT5: C (%)
B6: Bruta | C6: DEC_1 | D6: DEC_2 | E6: TRAT | F6: Bruta | G6: DEC_1 | H6: DEC_2 | I6: TRAT | J6: FILT | K6: Bruta | L6: DEC_1 | M6: DEC_2 | N6: TRAT | O6: TRAT | P6: DEC_1 | Q6: DEC_2 | R6: L/h | S6: mg/l | T6: L/s | X6: 0.041666667 | Y6: 3193 | Z6: 1350 | AA6: 1 | AB6: =IF('2'!AA6=1,(('2'!Z6*'2'!$AS$6*'2'!$AT$6)/('2'!Y6*0.0036)),IF('2'!AA6=2,(('2'!Z6*'2'!$AS$7*'2'!$AT$7)/('2'!Y6*0.0036)))) -> 78.100532 | AD6: =(('2'!AC6*'2'!$Q$10*1000000))/('2'!Y6*3600) -> 0 | AF6: =('2'!AE6/24)*0.454 -> 0 | AH6: =('2'!AG6/24)*0.454 -> 0 | AI6: 3300 | AJ6: =('2'!AI6/24)*0.454 -> 62.425 | AL6: =('2'!AK6/24)*0.454 -> 0 | AN6: =('2'!AM6/24)*0.454 -> 0 | AP6: =('2'!AO6/24)*0.454 -> 0 | AQ6: 1 | AR6: S.A.L | AS6: 1.33 | AT6: 0.5 | AU6: 0
A7: 0 | B7: 254 | C7: 15 | D7: 17 | E7: 7 | F7: 66 | G7: 1.7 | H7: 2 | I7: 0.8 | J7: 0.7 | K7: 6.9 | L7: 6.3 | M7: 6.3 | N7: 6 | O7: 2.5 | R7: ='1'!$Z$29 -> 1350 | S7: ='1'!$AB$29 -> 76.896392 | T7: ='1'!$Y$29 -> 3243 | U7: =IF('2'!AA6=1,'2'!AR6,'2'!AR7) -> S.A.L | V7: =ESCALA!$B$3 -> 0 | X7: 2653.0833 | Y7: 3221 | Z7: 1350 | AA7: 1 | AB7: =IF('2'!AA7=1,(('2'!Z7*'2'!$AS$6*'2'!$AT$6)/('2'!Y7*0.0036)),IF('2'!AA7=2,(('2'!Z7*'2'!$AS$7*'2'!$AT$7)/('2'!Y7*0.0036)))) -> 77.421608 | AD7: =(('2'!AC7*'2'!$Q$10*1000000))/('2'!Y7*3600) -> 0 | AF7: =('2'!AE7/24)*0.454 -> 0 | AH7: =('2'!AG7/24)*0.454 -> 0 | AI7: 3300 | AJ7: =('2'!AI7/24)*0.454 -> 62.425 | AL7: =('2'!AK7/24)*0.454 -> 0 | AN7: =('2'!AM7/24)*0.454 -> 0 | AP7: =('2'!AO7/24)*0.454 -> 0 | AQ7: 2 | AR7: PAC 18 | AS7: 1.377 | AT7: 1 | AU7: 24
A8: 0.083333333 | B8: 246 | C8: 15 | D8: 17 | E8: 7 | F8: 64 | G8: 1.7 | H8: 2.1 | I8: 0.7 | J8: 0.7 | K8: 6.9 | L8: 6.3 | M8: 6.3 | N8: 6 | O8: 2.5 | R8: ='2'!Z7 -> 1350 | S8: ='2'!AB7 -> 77.421608 | T8: ='2'!Y7 -> 3221 | U8: =IF('2'!AA7=1,'2'!AR6,'2'!AR7) -> S.A.L | X8: 2645.125 | Y8: 3199 | Z8: 1350 | AA8: 1 | AB8: =IF('2'!AA8=1,(('2'!Z8*'2'!$AS$6*'2'!$AT$6)/('2'!Y8*0.0036)),IF('2'!AA8=2,(('2'!Z8*'2'!$AS$7*'2'!$AT$7)/('2'!Y8*0.0036)))) -> 77.954048 | AD8: =(('2'!AC8*'2'!$Q$10*1000000))/('2'!Y8*3600) -> 0 | AF8: =('2'!AE8/24)*0.454 -> 0 | AH8: =('2'!AG8/24)*0.454 -> 0 | AI8: 3300 | AJ8: =('2'!AI8/24)*0.454 -> 62.425 | AL8: =('2'!AK8/24)*0.454 -> 0 | AN8: =('2'!AM8/24)*0.454 -> 0 | AP8: =('2'!AO8/24)*0.454 -> 0 | AQ8: Polímero Catiônico
A9: 0.16666667 | B9: 238 | C9: 16 | D9: 18 | E9: 8 | F9: 63 | G9: 1.7 | H9: 2.1 | I9: 0.7 | J9: 0.7 | K9: 6.9 | L9: 6.3 | M9: 6.3 | N9: 6 | O9: 2.6 | R9: ='2'!Z9 -> 1350 | S9: ='2'!AB9 -> 77.566096 | T9: ='2'!Y9 -> 3215 | U9: =IF('2'!AA9=1,'2'!AR6,'2'!AR7) -> S.A.L | X9: 0.16666667 | Y9: 3215 | Z9: 1350 | AA9: 1 | AB9: =IF('2'!AA9=1,(('2'!Z9*'2'!$AS$6*'2'!$AT$6)/('2'!Y9*0.0036)),IF('2'!AA9=2,(('2'!Z9*'2'!$AS$7*'2'!$AT$7)/('2'!Y9*0.0036)))) -> 77.566096 | AD9: =(('2'!AC9*'2'!$Q$10*1000000))/('2'!Y9*3600) -> 0 | AF9: =('2'!AE9/24)*0.454 -> 0 | AH9: =('2'!AG9/24)*0.454 -> 0 | AI9: 3300 | AJ9: =('2'!AI9/24)*0.454 -> 62.425 | AL9: =('2'!AK9/24)*0.454 -> 0 | AN9: =('2'!AM9/24)*0.454 -> 0 | AP9: =('2'!AO9/24)*0.454 -> 0 | AQ9: Nome | AT9: C (%)
A10: 0.25 | B10: 232 | C10: 16 | D10: 18 | E10: 8 | F10: 62 | G10: 1.7 | H10: 2.2 | I10: 0.8 | J10: 0.7 | K10: 6.9 | L10: 6.3 | M10: 6.3 | N10: 6 | O10: 2.6 | R10: ='2'!Z11 -> 1350 | S10: ='2'!AB11 -> 77.638543 | T10: ='2'!Y11 -> 3212 | U10: =IF('2'!AA11=1,'2'!AR6,'2'!AR7) -> S.A.L | X10: 0.20833333 | Y10: 3204 | Z10: 1350 | AA10: 1 | AB10: =IF('2'!AA10=1,(('2'!Z10*'2'!$AS$6*'2'!$AT$6)/('2'!Y10*0.0036)),IF('2'!AA10=2,(('2'!Z10*'2'!$AS$7*'2'!$AT$7)/('2'!Y10*0.0036)))) -> 77.832397 | AD10: =(('2'!AC10*'2'!$Q$10*1000000))/('2'!Y10*3600) -> 0 | AF10: =('2'!AE10/24)*0.454 -> 0 | AH10: =('2'!AG10/24)*0.454 -> 0 | AI10: 3300 | AJ10: =('2'!AI10/24)*0.454 -> 62.425 | AL10: =('2'!AK10/24)*0.454 -> 0 | AN10: =('2'!AM10/24)*0.454 -> 0 | AP10: =('2'!AO10/24)*0.454 -> 0 | AQ10: Aguapol 200 | AT10: 0.002
A11: 0.33333333 | B11: 238 | C11: 15 | D11: 18 | E11: 8 | F11: 60 | G11: 1.8 | H11: 2.3 | I11: 0.8 | J11: 0.7 | K11: 7 | L11: 6.2 | M11: 6.3 | N11: 6 | O11: 2 | R11: ='2'!Z13 -> 1320 | S11: ='2'!AB13 -> 76.079043 | T11: ='2'!Y13 -> 3205 | U11: =IF('2'!AA13=1,'2'!AR6,'2'!AR7) -> S.A.L | X11: 0.25 | Y11: 3212 | Z11: 1350 | AA11: 1 | AB11: =IF('2'!AA11=1,(('2'!Z11*'2'!$AS$6*'2'!$AT$6)/('2'!Y11*0.0036)),IF('2'!AA11=2,(('2'!Z11*'2'!$AS$7*'2'!$AT$7)/('2'!Y11*0.0036)))) -> 77.638543 | AD11: =(('2'!AC11*'2'!$Q$10*1000000))/('2'!Y11*3600) -> 0 | AF11: =('2'!AE11/24)*0.454 -> 0 | AH11: =('2'!AG11/24)*0.454 -> 0 | AI11: 3300 | AJ11: =('2'!AI11/24)*0.454 -> 62.425 | AL11: =('2'!AK11/24)*0.454 -> 0 | AN11: =('2'!AM11/24)*0.454 -> 0 | AP11: =('2'!AO11/24)*0.454 -> 0
A12: 0.41666667 | B12: 235 | C12: 15 | D12: 18 | E12: 8 | F12: 59 | G12: 1.8 | H12: 2.2 | I12: 0.8 | J12: 0.7 | K12: 7 | L12: 6.2 | M12: 6.3 | N12: 6 | O12: 2 | R12: ='2'!Z15 -> 1300 | S12: ='2'!AB15 -> 75.705829 | T12: ='2'!Y15 -> 3172 | U12: =IF('2'!AA15=1,'2'!AR6,'2'!AR7) -> S.A.L | V12: =ESCALA!$B$4 -> 0 | X12: 0.29166667 | Y12: 3211 | Z12: 1360 | AA12: 1 | AB12: =IF('2'!AA12=1,(('2'!Z12*'2'!$AS$6*'2'!$AT$6)/('2'!Y12*0.0036)),IF('2'!AA12=2,(('2'!Z12*'2'!$AS$7*'2'!$AT$7)/('2'!Y12*0.0036)))) -> 78.238001 | AD12: =(('2'!AC12*'2'!$Q$10*1000000))/('2'!Y12*3600) -> 0 | AF12: =('2'!AE12/24)*0.454 -> 0 | AH12: =('2'!AG12/24)*0.454 -> 0 | AI12: 3300 | AJ12: =('2'!AI12/24)*0.454 -> 62.425 | AL12: =('2'!AK12/24)*0.454 -> 0 | AN12: =('2'!AM12/24)*0.454 -> 0 | AP12: =('2'!AO12/24)*0.454 -> 0
A13: 0.5 | B13: 233 | C13: 16 | D13: 18 | E13: 9 | F13: 59 | G13: 2 | H13: 2.5 | I13: 0.69 | J13: 0.8 | K13: 7 | L13: 6.2 | M13: 6.3 | N13: 6 | O13: 2.5 | R13: ='2'!Z17 -> 1300 | S13: ='2'!AB17 -> 74.92633 | T13: ='2'!Y17 -> 3205 | U13: =IF('2'!AA17=1,'2'!AR6,'2'!AR7) -> S.A.L | X13: 0.33333333 | Y13: 3205 | Z13: 1320 | AA13: 1 | AB13: =IF('2'!AA13=1,(('2'!Z13*'2'!$AS$6*'2'!$AT$6)/('2'!Y13*0.0036)),IF('2'!AA13=2,(('2'!Z13*'2'!$AS$7*'2'!$AT$7)/('2'!Y13*0.0036)))) -> 76.079043 | AD13: =(('2'!AC13*'2'!$Q$10*1000000))/('2'!Y13*3600) -> 0 | AF13: =('2'!AE13/24)*0.454 -> 0 | AH13: =('2'!AG13/24)*0.454 -> 0 | AI13: 3300 | AJ13: =('2'!AI13/24)*0.454 -> 62.425 | AL13: =('2'!AK13/24)*0.454 -> 0 | AN13: =('2'!AM13/24)*0.454 -> 0 | AP13: =('2'!AO13/24)*0.454 -> 0
A14: 0.58333333 | B14: 233 | C14: 17 | D14: 19 | E14: 9 | F14: 60 | G14: 2.2 | H14: 2.7 | I14: 1 | J14: 1 | K14: 7 | L14: 6.2 | M14: 6.3 | N14: 6 | O14: 2.5 | R14: ='2'!Z19 -> 1300 | S14: ='2'!AB19 -> 74.832935 | T14: ='2'!Y19 -> 3209 | U14: =IF('2'!AA19=1,'2'!AR6,'2'!AR7) -> S.A.L | X14: 0.375 | Y14: 3196 | Z14: 1320 | AA14: 1 | AB14: =IF('2'!AA14=1,(('2'!Z14*'2'!$AS$6*'2'!$AT$6)/('2'!Y14*0.0036)),IF('2'!AA14=2,(('2'!Z14*'2'!$AS$7*'2'!$AT$7)/('2'!Y14*0.0036)))) -> 76.293283 | AD14: =(('2'!AC14*'2'!$Q$10*1000000))/('2'!Y14*3600) -> 0 | AF14: =('2'!AE14/24)*0.454 -> 0 | AH14: =('2'!AG14/24)*0.454 -> 0 | AI14: 4000 | AJ14: =('2'!AI14/24)*0.454 -> 75.666667 | AL14: =('2'!AK14/24)*0.454 -> 0 | AN14: =('2'!AM14/24)*0.454 -> 0 | AP14: =('2'!AO14/24)*0.454 -> 0
A15: 0.66666667 | B15: 243 | C15: 17 | D15: 18 | E15: 8 | F15: 62 | G15: 2.2 | H15: 2.7 | I15: 1 | J15: 1 | K15: 7 | L15: 6.2 | M15: 6.3 | N15: 6 | O15: 3 | R15: ='2'!Z21 -> 1340 | S15: ='2'!AB21 -> 77.473483 | T15: ='2'!Y21 -> 3195 | U15: =IF('2'!AA21=1,'2'!AR6,'2'!AR7) -> S.A.L | X15: 0.41666667 | Y15: 3172 | Z15: 1300 | AA15: 1 | AB15: =IF('2'!AA15=1,(('2'!Z15*'2'!$AS$6*'2'!$AT$6)/('2'!Y15*0.0036)),IF('2'!AA15=2,(('2'!Z15*'2'!$AS$7*'2'!$AT$7)/('2'!Y15*0.0036)))) -> 75.705829 | AD15: =(('2'!AC15*'2'!$Q$10*1000000))/('2'!Y15*3600) -> 0 | AF15: =('2'!AE15/24)*0.454 -> 0 | AH15: =('2'!AG15/24)*0.454 -> 0 | AI15: 4000 | AJ15: =('2'!AI15/24)*0.454 -> 75.666667 | AL15: =('2'!AK15/24)*0.454 -> 0 | AN15: =('2'!AM15/24)*0.454 -> 0 | AP15: =('2'!AO15/24)*0.454 -> 0
A16: 0.75 | B16: 245 | C16: 17 | D16: 18 | E16: 8 | F16: 63 | G16: 2.5 | H16: 2.6 | I16: 1 | J16: 1.2 | K16: 7 | L16: 6.2 | M16: 6.3 | N16: 6 | O16: 3.2 | R16: ='2'!Z23 -> 1360 | S16: ='2'!AB23 -> 78.335585 | T16: ='2'!Y23 -> 3207 | U16: =IF('2'!AA23=1,'2'!AR6,'2'!AR7) -> S.A.L | X16: 0.45833333 | Y16: 3199 | Z16: 1300 | AA16: 1 | AB16: =IF('2'!AA16=1,(('2'!Z16*'2'!$AS$6*'2'!$AT$6)/('2'!Y16*0.0036)),IF('2'!AA16=2,(('2'!Z16*'2'!$AS$7*'2'!$AT$7)/('2'!Y16*0.0036)))) -> 75.066861 | AD16: =(('2'!AC16*'2'!$Q$10*1000000))/('2'!Y16*3600) -> 0 | AF16: =('2'!AE16/24)*0.454 -> 0 | AH16: =('2'!AG16/24)*0.454 -> 0 | AI16: 4000 | AJ16: =('2'!AI16/24)*0.454 -> 75.666667 | AL16: =('2'!AK16/24)*0.454 -> 0 | AN16: =('2'!AM16/24)*0.454 -> 0 | AP16: =('2'!AO16/24)*0.454 -> 0
A17: 0.83333333 | B17: 256 | C17: 18 | D17: 18 | E17: 8 | F17: 67 | G17: 2.9 | H17: 2.5 | I17: 1 | J17: 1.4 | K17: 7 | L17: 6.2 | M17: 6.3 | N17: 6 | O17: 3.3 | R17: ='2'!Z25 -> 1360 | S17: ='2'!AB25 -> 78.286763 | T17: ='2'!Y25 -> 3209 | U17: =IF('2'!AA25=1,'2'!AR6,'2'!AR7) -> S.A.L | V17: =ESCALA!$C$4 -> 0 | X17: 0.5 | Y17: 3205 | Z17: 1300 | AA17: 1 | AB17: =IF('2'!AA17=1,(('2'!Z17*'2'!$AS$6*'2'!$AT$6)/('2'!Y17*0.0036)),IF('2'!AA17=2,(('2'!Z17*'2'!$AS$7*'2'!$AT$7)/('2'!Y17*0.0036)))) -> 74.92633 | AD17: =(('2'!AC17*'2'!$Q$10*1000000))/('2'!Y17*3600) -> 0 | AF17: =('2'!AE17/24)*0.454 -> 0 | AH17: =('2'!AG17/24)*0.454 -> 0 | AI17: 4000 | AJ17: =('2'!AI17/24)*0.454 -> 75.666667 | AL17: =('2'!AK17/24)*0.454 -> 0 | AN17: =('2'!AM17/24)*0.454 -> 0 | AP17: =('2'!AO17/24)*0.454 -> 0
A18: 0.91666667 | B18: 248 | C18: 18 | D18: 18 | E18: 8 | F18: 65 | G18: 2.9 | H18: 2.4 | I18: 1 | J18: 1.4 | K18: 7 | L18: 6.2 | M18: 6.3 | N18: 6 | O18: 3.3 | R18: ='2'!Z27 -> 1400 | S18: ='2'!AB27 -> 81.273134 | T18: ='2'!Y27 -> 3182 | U18: =IF('2'!AA27=1,'2'!AR6,'2'!AR7) -> S.A.L | X18: 0.54166667 | Y18: 3185 | Z18: 1300 | AA18: 1 | AB18: =IF('2'!AA18=1,(('2'!Z18*'2'!$AS$6*'2'!$AT$6)/('2'!Y18*0.0036)),IF('2'!AA18=2,(('2'!Z18*'2'!$AS$7*'2'!$AT$7)/('2'!Y18*0.0036)))) -> 75.396825 | AD18: =(('2'!AC18*'2'!$Q$10*1000000))/('2'!Y18*3600) -> 0 | AF18: =('2'!AE18/24)*0.454 -> 0 | AH18: =('2'!AG18/24)*0.454 -> 0 | AI18: 4000 | AJ18: =('2'!AI18/24)*0.454 -> 75.666667 | AL18: =('2'!AK18/24)*0.454 -> 0 | AN18: =('2'!AM18/24)*0.454 -> 0 | AP18: =('2'!AO18/24)*0.454 -> 0
A19: Média | B19: {=IF('2'!B7:B18>0.01,AVERAGE('2'!B7:B18),"")} -> 241.75 | C19: {=IF('2'!C7:C18>0.01,AVERAGE('2'!C7:C18),"")} -> 16.25 | D19: {=IF('2'!D7:D18>0.01,AVERAGE('2'!D7:D18),"")} -> 17.916667 | E19: {=IF('2'!E7:E18>0.01,AVERAGE('2'!E7:E18),"")} -> 8 | F19: {=IF('2'!F7:F18>0.01,AVERAGE('2'!F7:F18),"")} -> 62.5 | G19: {=IF('2'!G7:G18>0.01,AVERAGE('2'!G7:G18),"")} -> 2.0916667 | H19: {=IF('2'!H7:H18>0.01,AVERAGE('2'!H7:H18),"")} -> 2.3583333 | I19: {=IF('2'!I7:I18>0.01,AVERAGE('2'!I7:I18),"")} -> 0.8575 | ... S19: {=IF('2'!S7:S18>0.01,AVERAGE('2'!S7:S18),"")} -> 77.202979 | X19: 0.58333333 | Y19: 3209 | Z19: 1300 | AA19: 1 | AB19: =IF('2'!AA19=1,(('2'!Z19*'2'!$AS$6*'2'!$AT$6)/('2'!Y19*0.0036)),IF('2'!AA19=2,(('2'!Z19*'2'!$AS$7*'2'!$AT$7)/('2'!Y19*0.0036)))) -> 74.832935 | AD19: =(('2'!AC19*'2'!$Q$10*1000000))/('2'!Y19*3600) -> 0 | AF19: =('2'!AE19/24)*0.454 -> 0 | AH19: =('2'!AG19/24)*0.454 -> 0 | AI19: 4000 | AJ19: =('2'!AI19/24)*0.454 -> 75.666667 | AL19: =('2'!AK19/24)*0.454 -> 0 | AN19: =('2'!AM19/24)*0.454 -> 0 | AP19: =('2'!AO19/24)*0.454 -> 0
A20: Máximo | B20: =MAX('2'!B7:B18) -> 256 | C20: =MAX('2'!C7:C18) -> 18 | D20: =MAX('2'!D7:D18) -> 19 | E20: =MAX('2'!E7:E18) -> 9 | F20: =MAX('2'!F7:F18) -> 67 | G20: =MAX('2'!G7:G18) -> 2.9 | H20: =MAX('2'!H7:H18) -> 2.7 | I20: =MAX('2'!I7:I18) -> 1 | ... S20: =MAX('2'!S7:S18) -> 81.273134 | X20: 0.625 | Y20: 3164 | Z20: 1300 | AA20: 1 | AB20: =IF('2'!AA20=1,(('2'!Z20*'2'!$AS$6*'2'!$AT$6)/('2'!Y20*0.0036)),IF('2'!AA20=2,(('2'!Z20*'2'!$AS$7*'2'!$AT$7)/('2'!Y20*0.0036)))) -> 75.897247 | AD20: =(('2'!AC20*'2'!$Q$10*1000000))/('2'!Y20*3600) -> 0 | AF20: =('2'!AE20/24)*0.454 -> 0 | AH20: =('2'!AG20/24)*0.454 -> 0 | AI20: 4000 | AJ20: =('2'!AI20/24)*0.454 -> 75.666667 | AL20: =('2'!AK20/24)*0.454 -> 0 | AN20: =('2'!AM20/24)*0.454 -> 0 | AP20: =('2'!AO20/24)*0.454 -> 0
A21: Mínimo | B21: =MIN('2'!B7:B18) -> 232 | C21: =MIN('2'!C7:C18) -> 15 | D21: =MIN('2'!D7:D18) -> 17 | E21: =MIN('2'!E7:E18) -> 7 | F21: =MIN('2'!F7:F18) -> 59 | G21: =MIN('2'!G7:G18) -> 1.7 | H21: =MIN('2'!H7:H18) -> 2 | I21: =MIN('2'!I7:I18) -> 0.69 | ... S21: =MIN('2'!S7:S18) -> 74.832935 | X21: 0.66666667 | Y21: 3195 | Z21: 1340 | AA21: 1 | AB21: =IF('2'!AA21=1,(('2'!Z21*'2'!$AS$6*'2'!$AT$6)/('2'!Y21*0.0036)),IF('2'!AA21=2,(('2'!Z21*'2'!$AS$7*'2'!$AT$7)/('2'!Y21*0.0036)))) -> 77.473483 | AD21: =(('2'!AC21*'2'!$Q$10*1000000))/('2'!Y21*3600) -> 0 | AF21: =('2'!AE21/24)*0.454 -> 0 | AH21: =('2'!AG21/24)*0.454 -> 0 | AI21: 4000 | AJ21: =('2'!AI21/24)*0.454 -> 75.666667 | AL21: =('2'!AK21/24)*0.454 -> 0 | AN21: =('2'!AM21/24)*0.454 -> 0 | AP21: =('2'!AO21/24)*0.454 -> 0
R22: Total | X22: 0.70833333 | Y22: 3216 | Z22: 1350 | AA22: 1 | AB22: =IF('2'!AA22=1,(('2'!Z22*'2'!$AS$6*'2'!$AT$6)/('2'!Y22*0.0036)),IF('2'!AA22=2,(('2'!Z22*'2'!$AS$7*'2'!$AT$7)/('2'!Y22*0.0036)))) -> 77.541978 | AD22: =(('2'!AC22*'2'!$Q$10*1000000))/('2'!Y22*3600) -> 0 | AF22: =('2'!AE22/24)*0.454 -> 0 | AH22: =('2'!AG22/24)*0.454 -> 0 | AI22: 4000 | AJ22: =('2'!AI22/24)*0.454 -> 75.666667 | AL22: =('2'!AK22/24)*0.454 -> 0 | AN22: =('2'!AM22/24)*0.454 -> 0 | AP22: =('2'!AO22/24)*0.454 -> 0
A23: TURBIDEZ DOS FILTROS DA 1ª E 2ª ETAPAS | R23: 440 | S23: Litros | X23: 0.75 | Y23: 3207 | Z23: 1360 | AA23: 1 | AB23: =IF('2'!AA23=1,(('2'!Z23*'2'!$AS$6*'2'!$AT$6)/('2'!Y23*0.0036)),IF('2'!AA23=2,(('2'!Z23*'2'!$AS$7*'2'!$AT$7)/('2'!Y23*0.0036)))) -> 78.335585 | AD23: =(('2'!AC23*'2'!$Q$10*1000000))/('2'!Y23*3600) -> 0 | AF23: =('2'!AE23/24)*0.454 -> 0 | AH23: =('2'!AG23/24)*0.454 -> 0 | AI23: 4000 | AJ23: =('2'!AI23/24)*0.454 -> 75.666667 | AL23: =('2'!AK23/24)*0.454 -> 0 | AN23: =('2'!AM23/24)*0.454 -> 0 | AP23: =('2'!AO23/24)*0.454 -> 0
A24: HORA | B24: 1 | C24: 2 | D24: 3 | E24: 4 | F24: 5 | G24: 6 | H24: 7 | I24: 8 | J24: 9 | K24: 10 | L24: 11 | M24: 12 | N24: 13 | O24: 14 | P24: 15 | Q24: 16 | R24: 0 | S24: Kilos | X24: 0.79166667 | Y24: 3171 | Z24: 1360 | AA24: 1 | AB24: =IF('2'!AA24=1,(('2'!Z24*'2'!$AS$6*'2'!$AT$6)/('2'!Y24*0.0036)),IF('2'!AA24=2,(('2'!Z24*'2'!$AS$7*'2'!$AT$7)/('2'!Y24*0.0036)))) -> 79.22492 | AD24: =(('2'!AC24*'2'!$Q$10*1000000))/('2'!Y24*3600) -> 0 | AF24: =('2'!AE24/24)*0.454 -> 0 | AH24: =('2'!AG24/24)*0.454 -> 0 | AI24: 4000 | AJ24: =('2'!AI24/24)*0.454 -> 75.666667 | AL24: =('2'!AK24/24)*0.454 -> 0 | AN24: =('2'!AM24/24)*0.454 -> 0 | AP24: =('2'!AO24/24)*0.454 -> 0
A25: 0.41666667 | B25: 0.26 | C25: 0.22 | D25: 0.71 | E25: 1.1 | F25: 0.59 | G25: 0.67 | H25: 0.66 | I25: 0.52 | J25: 0.17 | K25: 0.57 | L25: 0.77 | M25: 0.98 | N25: 0.37 | O25: 0.22 | P25: 1.15 | R25: =#DIV/0! -> #DIV/0! | T25: DATA | U25: =ESCALA!$A$4 -> 43923 | X25: 0.83333333 | Y25: 3209 | Z25: 1360 | AA25: 1 | AB25: =IF('2'!AA25=1,(('2'!Z25*'2'!$AS$6*'2'!$AT$6)/('2'!Y25*0.0036)),IF('2'!AA25=2,(('2'!Z25*'2'!$AS$7*'2'!$AT$7)/('2'!Y25*0.0036)))) -> 78.286763 | AD25: =(('2'!AC25*'2'!$Q$10*1000000))/('2'!Y25*3600) -> 0 | AF25: =('2'!AE25/24)*0.454 -> 0 | AH25: =('2'!AG25/24)*0.454 -> 0 | AI25: 3500 | AJ25: =('2'!AI25/24)*0.454 -> 66.208333 | AL25: =('2'!AK25/24)*0.454 -> 0 | AN25: =('2'!AM25/24)*0.454 -> 0 | AP25: =('2'!AO25/24)*0.454 -> 0
A26: 0.66666667 | R26: =#DIV/0! -> #DIV/0! | X26: 0.875 | Y26: 3175 | Z26: 1400 | AA26: 1 | AB26: =IF('2'!AA26=1,(('2'!Z26*'2'!$AS$6*'2'!$AT$6)/('2'!Y26*0.0036)),IF('2'!AA26=2,(('2'!Z26*'2'!$AS$7*'2'!$AT$7)/('2'!Y26*0.0036)))) -> 81.452318 | AD26: =(('2'!AC26*'2'!$Q$10*1000000))/('2'!Y26*3600) -> 0 | AF26: =('2'!AE26/24)*0.454 -> 0 | AH26: =('2'!AG26/24)*0.454 -> 0 | AI26: 3500 | AJ26: =('2'!AI26/24)*0.454 -> 66.208333 | AL26: =('2'!AK26/24)*0.454 -> 0 | AN26: =('2'!AM26/24)*0.454 -> 0 | AP26: =('2'!AO26/24)*0.454 -> 0
A27: Média | B27: =#DIV/0! -> #DIV/0! | C27: =#DIV/0! -> #DIV/0! | D27: =#DIV/0! -> #DIV/0! | E27: =#DIV/0! -> #DIV/0! | F27: =#DIV/0! -> #DIV/0! | G27: =#DIV/0! -> #DIV/0! | H27: =#DIV/0! -> #DIV/0! | I27: =#DIV/0! -> #DIV/0! | ... Q27: =#DIV/0! -> #DIV/0! | X27: 0.91666667 | Y27: 3182 | Z27: 1400 | AA27: 1 | AB27: =IF('2'!AA27=1,(('2'!Z27*'2'!$AS$6*'2'!$AT$6)/('2'!Y27*0.0036)),IF('2'!AA27=2,(('2'!Z27*'2'!$AS$7*'2'!$AT$7)/('2'!Y27*0.0036)))) -> 81.273134 | AD27: =(('2'!AC27*'2'!$Q$10*1000000))/('2'!Y27*3600) -> 0 | AF27: =('2'!AE27/24)*0.454 -> 0 | AH27: =('2'!AG27/24)*0.454 -> 0 | AI27: 3500 | AJ27: =('2'!AI27/24)*0.454 -> 66.208333 | AL27: =('2'!AK27/24)*0.454 -> 0 | AN27: =('2'!AM27/24)*0.454 -> 0 | AP27: =('2'!AO27/24)*0.454 -> 0
A28: OBSERVAÇÕES | X28: 0.95833333 | Y28: 3177 | Z28: 1400 | AA28: 1 | AB28: =IF('2'!AA28=1,(('2'!Z28*'2'!$AS$6*'2'!$AT$6)/('2'!Y28*0.0036)),IF('2'!AA28=2,(('2'!Z28*'2'!$AS$7*'2'!$AT$7)/('2'!Y28*0.0036)))) -> 81.401042 | AD28: =(('2'!AC28*'2'!$Q$10*1000000))/('2'!Y28*3600) -> 0 | AF28: =('2'!AE28/24)*0.454 -> 0 | AH28: =('2'!AG28/24)*0.454 -> 0 | AI28: 3500 | AJ28: =('2'!AI28/24)*0.454 -> 66.208333 | AL28: =('2'!AK28/24)*0.454 -> 0 | AN28: =('2'!AM28/24)*0.454 -> 0 | AP28: =('2'!AO28/24)*0.454 -> 0
X29: 1 | Y29: 3151 | Z29: 1400 | AA29: 1 | AB29: =IF('2'!AA29=1,(('2'!Z29*'2'!$AS$6*'2'!$AT$6)/('2'!Y29*0.0036)),IF('2'!AA29=2,(('2'!Z29*'2'!$AS$7*'2'!$AT$7)/('2'!Y29*0.0036)))) -> 82.072711 | AD29: =(('2'!AC29*'2'!$Q$10*1000000))/('2'!Y29*3600) -> 0 | AF29: =('2'!AE29/24)*0.454 -> 0 | AH29: =('2'!AG29/24)*0.454 -> 0 | AI29: 3500 | AJ29: =('2'!AI29/24)*0.454 -> 66.208333 | AL29: =('2'!AK29/24)*0.454 -> 0 | AN29: =('2'!AM29/24)*0.454 -> 0 | AP29: =('2'!AO29/24)*0.454 -> 0
X30: Total | Y30: =SUM('2'!Y6:Y29)*3.6 -> 276022.8 | Z30: =SUM('2'!Z6:Z29) -> 32270 | AF30: =SUM('2'!AF6:AF29) -> 0 | AH30: =SUM('2'!AH6:AH29) -> 0 | AJ30: =SUM('2'!AJ6:AJ29) -> 1662.775 | AL30: =SUM('2'!AL6:AL29) -> 0 | AN30: =SUM('2'!AN6:AN29) -> 0 | AP30: =SUM('2'!AP6:AP29) -> 0
X32: S.A.L (l) - (kg) | Z32: =SUMIF('2'!AA6:AA29,"=1",'2'!Z6:Z29) -> 32270 | AA32: ='2'!Z32*'2'!AS6 -> 42919.1 | AB32: =SUMIF('2'!$AA$6:$AA$29,"=1",'2'!$AB$6:$AB$29)/COUNTIF('2'!$AA$6:$AA$29,"=1") -> 77.75048 | AC32: =SUMIF('2'!AA6:AA29,"=1",'2'!AC6:AC29) -> 0
X33: PAC 18 (l) - (kg) | Z33: =SUMIF('2'!AA6:AA29,"=2",'2'!Z6:Z29) -> 0 | AA33: ='2'!Z33*'2'!AS7 -> 0 | AB33: =SUMIF('2'!$AA$6:$AA$29,"=2",'2'!$AB$6:$AB$29)/COUNTIF('2'!$AA$6:$AA$29,"=2") -> #DIV/0! | AC33: =SUMIF('2'!AA6:AA29,"=2",'2'!AC6:AC29) -> 0
X34: Média | Y34: =AVERAGE('2'!Y6:Y29) -> 3194.7083 | Z34: =AVERAGE('2'!Z6:Z29) -> 1344.5833 | AC34: =SUM('2'!AC6:AC29)/COUNTIF('2'!AC6:AC29,"<>0") -> 0 | AD34: =SUM('2'!AD6:AD29)/COUNTIF('2'!AD6:AD29,"<>0") -> #DIV/0! | AF34: =AVERAGE('2'!AF6:AF29) -> 0 | AH34: =AVERAGE('2'!AH6:AH29) -> 0 | AJ34: ='2'!AJ30/24 -> 69.282292 | AL34: =AVERAGE('2'!AL6:AL29) -> 0 | AN34: =AVERAGE('2'!AN6:AN29) -> 0 | AP34: =AVERAGE('2'!AP6:AP29) -> 0
C35: Alcalinidade (mg/L) | F35: Ferro (mg/L) | I35: Manganês (mg/L) | L35: Alumínio (mg/L) | U35: TÉCNICO | X35: Decantadores | AA35: Filtros | AC35: Decantadores 2ª etapa | AJ35: CLORAÇÃO INTERMEDIÁRIA | AO35: PÓS CLORAÇÃO
B36: HORA | C36: Bruta | D36: Dec. | E36: Trat (R-3) | F36: Bruta | G36: Filt. | H36: Trat (R-3) | I36: Bruta | J36: Filt. | K36: Trat (R-3) | L36: Trat (R-3) | X36: Lavados | Y36: 0 | AA36: Lavados | AB36: 6 | AC36: Descargas | AD36: 4
B37: 0.33333333 | C37: 46.12 | D37: 20 | E37: 10 | F37: 1.4 | G37: 0.2 | H37: 0.1 | I37: 0.2 | J37: 0.13 | K37: 0.04 | L37: 0.15 | U37: ='2'!V12 -> 0 | X37: HORAS OPERANDO | Z37: =COUNTA('2'!Z6:Z29) -> 24 | AC37: Tempo de duração | AD37: 60’ | AJ37: CARRETA | AL37: CILINDROS | AO37: CARRETA | AQ37: CILINDROS
B38: 0.66666667 | AJ38: CONSUMO | AK38: =SUM('2'!AF30+'2'!AH30) -> 0 | AL38: CONSUMO | AM38: =SUM('2'!AL30+'2'!AN30) -> 0 | AO38: CONSUMO | AP38: ='2'!AJ30 -> 1662.775 | AQ38: CONSUMO | AR38: ='2'!AP30 -> 0
A39: Nº amostras de água TRATADA | C39: Nº amostras de água FILTRADA | E39: Nº amostras de água tratada/filtrada FORA DO PADRÃO | J39: Nº amostras de água tratada/filtrada no PADRÃO | O39: Nº de amostras com turbidez menor ou igual a 0,5 NTU | R39: ÁGUA FILTRADA | S39: Nº de amostras com turbidez menor ou igual a 1,0 NTU | AJ39: DOSAGEM | AK39: =('2'!AK38/'2'!Y30)*1000 -> 0 | AL39: DOSAGEM | AM39: =('2'!AM38/'2'!Y30)*1000 -> 0 | AO39: DOSAGEM | AP39: =('2'!AP38/'2'!Y30)*1000 -> 6.0240495 | AQ39: DOSAGEM | AR39: =('2'!AR38/'2'!Y30)*1000 -> 0
A40: COR | B40: TURBIDEZ | C40: TURBIDEZ | E40: COR | G40: TURBIDEZ | J40: COR | L40: TURBIDEZ | X40: ESTOQUE DE COAGULANTE | AJ40: Consumo Total | AL40: =SUM('2'!AK38,'2'!AM38) -> 0 | AO40: Consumo Total | AQ40: =SUM('2'!AP38,'2'!AR38) -> 1662.775
A41: =COUNTA('2'!E7:E18) -> 12 | B41: =COUNTA('2'!I7:I18) -> 12 | C41: =COUNTA('2'!J7:J18) -> 12 | D41: =COUNTA('2'!K7:K18) -> 12 | E41: =COUNTIF('2'!E7:E18,">15") -> 0 | G41: =COUNTIF('2'!J7:J18,">1") -> 3 | J41: ='2'!A41-'2'!E41 -> 12 | L41: ='2'!C41-'2'!G41 -> 9 | O41: =COUNTIF('2'!J7:J18,"<=0,5") -> 0 | S41: =COUNTIF('2'!J7:J18,"<=1,0") -> 9 | AJ41: Dosagem Final | AL41: =SUM(('2'!AK38+'2'!AM38)/'2'!Y30)*1000 -> 0 | AO41: Dosagem Final | AQ41: =SUM(('2'!AP38+'2'!AR38)/'2'!Y30)*1000 -> 6.0240495
O42: ÁGUA FILTRATADA | X42: SULFATO DE ALUMÍNIO
H43: Nº de amostras água tratada com turbidez <= 5,0 NTU | L43: Nº de amostras água tratada para aluminio | Q43: Nº de amostras com turbidez entre 0,5 e 1,0 NTU | X43: TINA 01 | Z43: TINA 02 | AB43: TINA 03 | AD43: TANQUE
X44: ALTURA | Y44: 55 | Z44: ALTURA | AA44: 0 | AB44: ALTURA | AC44: 159 | AF44: Volume total (L) | AG44: =SUM('2'!Y45,'2'!AA45,'2'!AC45,'2'!AE45) -> 243425.8 | AI44: CONSUMO DE SULFATO DE ALUMÍNIO ÀS 24:00hs
H45: =COUNTIF('2'!I7:I18,"<=5,0") -> 12 | L45: =COUNTA('2'!L37) -> 1 | Q45: ='2'!S41-'2'!O41 -> 9 | X45: VOLUME | Y45: ='2'!Y44*275.3 -> 15141.5 | Z45: VOLUME | AA45: =262.4*'2'!AA44 -> 0 | AB45: VOLUME | AC45: ='2'!AC44*277.7 -> 44154.3 | AD45: VOLUME | AE45: 184130 | AI45: TINA 01 | AK45: TINA 02 | AM45: TINA 03
X46: Densidade | Y46: ='2'!AS6 -> 1.33 | Z46: Densidade | AA46: ='2'!Y46 -> 1.33 | AB46: Densidade | AC46: ='2'!Y46 -> 1.33 | AD46: Densidade | AF46: Peso Total (Kg) | AG46: =SUM('2'!Y47,'2'!AA47,'2'!AC47,'2'!AE47) -> 78863.414 | AI46: ALTURA | AK46: ALTURA | AM46: ALTURA
O47: ÁGUA TRATADA - CLORO RESIDUAL | X47: Peso(Kg) | Y47: ='2'!Y45*'2'!Y46 -> 20138.195 | Z47: Peso(Kg) | AA47: ='2'!AA45*'2'!AA46 -> 0 | AB47: Peso(Kg) | AC47: ='2'!AC45*'2'!AC46 -> 58725.219 | AD47: Peso(Kg) | AI47: VOLUME | AJ47: ='2'!AJ46*275.3 -> 0 | AK47: VOLUME | AL47: =262.4*'2'!AL46 -> 0 | AM47: VOLUME | AN47: ='2'!AN46*277.7 -> 0
AI48: Densidade | AJ48: ='2'!Y46 -> 1.33 | AK48: Densidade | AL48: ='2'!AJ48 -> 1.33 | AM48: Densidade | AN48: ='2'!AJ48 -> 1.33
O49: Nº de amostras de água tratada para cloro residual | R49: Nº de amostras de água tratada dentro dos padrões de cloro residual | AI49: Peso(Kg) | AJ49: ='2'!AJ47*'2'!AJ48 -> 0 | AK49: Peso(Kg) | AL49: ='2'!AL47*'2'!AL48 -> 0 | AM49: Peso(Kg) | AN49: ='2'!AN47*'2'!AN48 -> 0
X50: PAC - 18
O51: =COUNTA('2'!O7:O18) -> 12 | P51: =COUNTA('2'!W17:W28) -> 0 | R51: =COUNTIF('2'!O7:O18,">=0,5") -> 12 | X51: TINA 01 | Z51: TINA 02 | AB51: TINA 03 | AD51: TANQUE | AI51: CONSUMO DE PAC ÀS 24:00hs
X52: ALTURA | Z52: ALTURA | AB52: ALTURA | AF52: Volume total (L) | AG52: =SUM('2'!Y53,'2'!AA53,'2'!AC53,'2'!AE53) -> 0 | AI52: TINA 01 | AK52: TINA 02 | AM52: TINA 03
O53: ÁGUA TRATADA - PH | X53: VOLUME | Y53: ='2'!Y52*275.3 -> 0 | Z53: VOLUME | AA53: =262.4*'2'!AA52 -> 0 | AB53: VOLUME | AC53: ='2'!AC52*277.7 -> 0 | AD53: VOLUME | AI53: ALTURA | AJ53: 0 | AK53: ALTURA | AM53: ALTURA
X54: Densidade | Y54: ='2'!AS7 -> 1.377 | Z54: Densidade | AA54: ='2'!Y54 -> 1.377 | AB54: Densidade | AC54: ='2'!Y54 -> 1.377 | AD54: Densidade | AF54: Peso Total (Kg) | AG54: =SUM('2'!Y55,'2'!AA55,'2'!AC55,'2'!AE55) -> 0 | AI54: VOLUME | AJ54: ='2'!AJ53*275.3 -> 0 | AK54: VOLUME | AL54: =262.4*'2'!AL53 -> 0 | AM54: VOLUME | AN54: ='2'!AN53*277.7 -> 0
O55: Nº de amostras de água tratada para PH | R55: Nº de amostras de água tratada dentro dos padrões de PH | X55: Peso(Kg) | Y55: ='2'!Y53*'2'!Y54 -> 0 | Z55: Peso(Kg) | AA55: ='2'!AA53*'2'!AA54 -> 0 | AB55: Peso(Kg) | AD55: Peso(Kg) | AI55: Densidade | AJ55: ='2'!Y54 -> 1.377 | AK55: Densidade | AL55: ='2'!AJ55 -> 1.377 | AM55: Densidade | AN55: ='2'!AJ55 -> 1.377
AI56: Peso(Kg) | AJ56: ='2'!AJ54*'2'!AJ55 -> 0 | AK56: Peso(Kg) | AL56: ='2'!AL54*'2'!AL55 -> 0 | AM56: Peso(Kg) | AN56: ='2'!AN54*'2'!AN55 -> 0
O57: =COUNTA('2'!N7:N18) -> 12 | R57: =COUNTIF('2'!N7:N18,">=6") -> 12
X58: ESTOQUE DE CLORO
AI59: CONTROLE DIÁRIO DO CONSUMO DE COAGULANTE
X60: Carretas com Cloro | AB60: Cilindros com Cloro | AI60: CLORETO DE POLIALUMÍNIO | AN60: SULFATO DE ALUMÍNIO
AI61: CONSUMO REAL | AL61: ='2'!AJ56+'2'!AL56+'2'!AN56 -> 0 | AN61: CONSUMO REAL | AQ61: ='2'!AJ49+'2'!AL49+'2'!AN49 -> 0
X62: Recebido | AB62: Recebido | AI62: CONSUMO TEÓRICO | AL62: ='2'!AA33 -> 0 | AN62: CONSUMO TEÓRICO | AQ62: ='2'!AA32 -> 42919.1
X63: Peso(kg) | Y63: 0 | AB63: Peso(kg) | AI63: DIFERENÇA | AL63: ='2'!AL61-'2'!AL62 -> 0 | AN63: DIFERENÇA | AQ63: ='2'!AQ61-'2'!AQ62 -> -42919.1
X65: Saldo anterior (kg) | Y65: ='1'!$Y$68 -> -1617.375 | AB65: Saldo anterior (kg) | AC65: ='1'!$AC$68 -> 0
X66: Consumido | AB66: Consumido
X67: Peso(kg) | Y67: =SUM('2'!AK38,'2'!AP38) -> 1662.775 | AB67: Peso(kg) | AC67: =SUM('2'!AM38,'2'!AR38) -> 0
X68: Saldo(kg) | Y68: =SUM('2'!Y63,'2'!Y65)-'2'!Y67 -> -3280.15 | AB68: Saldo(kg) | AC68: =SUM('2'!AC63,'2'!AC65)-'2'!AC67 -> 0

Sheet 3
D2: CONTROLE DE ANÁLISE FÍSICO - QUÍMICAS \ ETA CASTELO BRANCO | AB2: CONTROLE DE PRODUTOS QUÍMICOS APLICADOS \ ETA CASTELO BRANCO
A4: HORA | B4: COR (Uc) | F4: TURBIDEZ (Ut) | K4: Ph | O4: CLORO RESIDUAL (mg/L) | R4: DOSAGEM DO COAGULANTE | T4: VAZÃO DA ETA | U4: TIPO DE COAGULANTE | V4: TÉCNICO | X4: Hora | Y4: Vazão ETA (l/s) | Z4: Vazão Coagulante (l/h) | AA4: Código | AB4: Dosagem (mg/l) | AC4: Vazão Polímero (l/h) | AD4: Dosagem (mg/l) | AE4: Pré 1 (Lib/dia) | AF4: Pré 1 (Kg/h) | AG4: Pré 2 (Lib/dia) | AH4: Pré 2 (Kg/h) | AI4: Pós (Lib/dia) | AJ4: Pós (Kg/h) | AK4: Pré 1 (Lib/dia) cilindros | AL4: Pré 1 (Kg/h) cilindros | AM4: Pré 2 (Lib/dia) cilindros | AN4: Pré 2 (Kg/h) cilindros | AO4: Pós (Lib/dia) cilindros | AP4: Pós (Kg/h) cilindros | AQ4: COAGULANTE | AU4: Tempo de Utilização (h)
AQ5: Codigo | AR5: Nome | AS5: d (g/ml) | AT5: C (%)
B6: Bruta | C6: DEC_1 | D6: DEC_2 | E6: TRAT | F6: Bruta | G6: DEC_1 | H6: DEC_2 | I6: TRAT | J6: FILT | K6: Bruta | L6: DEC_1 | M6: DEC_2 | N6: TRAT | O6: TRAT | P6: DEC_1 | Q6: DEC_2 | R6: L/h | S6: mg/l | T6: L/s | X6: 0.041666667 | Y6: 3182 | Z6: 1400 | AA6: 1 | AB6: =IF('3'!AA6=1,(('3'!Z6*'3'!$AS$6*'3'!$AT$6)/('3'!Y6*0.0036)),IF('3'!AA6=2,(('3'!Z6*'3'!$AS$7*'3'!$AT$7)/('3'!Y6*0.0036)))) -> 81.273134 | AD6: =(('3'!AC6*'3'!$O$9*1000000))/('3'!Y6*3600) -> 0 | AF6: =('3'!AE6/24)*0.454 -> 0 | AH6: =('3'!AG6/24)*0.454 -> 0 | AI6: 3500 | AJ6: =('3'!AI6/24)*0.454 -> 66.208333 | AL6: =('3'!AK6/24)*0.454 -> 0 | AN6: =('3'!AM6/24)*0.454 -> 0 | AP6: =('3'!AO6/24)*0.454 -> 0 | AQ6: 1 | AR6: S.A.L | AS6: 1.33 | AT6: 0.5 | AU6: 0
A7: 0 | B7: 245 | C7: 19 | D7: 18 | E7: 9 | F7: 63 | G7: 3 | H7: 2.3 | I7: 1.1 | J7: 1.5 | K7: 7 | L7: 6.2 | M7: 6.3 | N7: 6 | O7: 3.3 | R7: ='2'!$Z$29 -> 1400 | S7: ='2'!$AB$29 -> 82.072711 | T7: ='2'!$Y$29 -> 3151 | U7: =IF('3'!AA6=1,'3'!AR6,'3'!AR7) -> S.A.L | V7: =ESCALA!$C$4 -> 0 | X7: 0.083333333 | Y7: 3186 | Z7: 1400 | AA7: 1 | AB7: =IF('3'!AA7=1,(('3'!Z7*'3'!$AS$6*'3'!$AT$6)/('3'!Y7*0.0036)),IF('3'!AA7=2,(('3'!Z7*'3'!$AS$7*'3'!$AT$7)/('3'!Y7*0.0036)))) -> 81.171096 | AD7: =(('3'!AC7*'3'!$O$9*1000000))/('3'!Y7*3600) -> 0 | AF7: =('3'!AE7/24)*0.454 -> 0 | AH7: =('3'!AG7/24)*0.454 -> 0 | AI7: 3500 | AJ7: =('3'!AI7/24)*0.454 -> 66.208333 | AL7: =('3'!AK7/24)*0.454 -> 0 | AN7: =('3'!AM7/24)*0.454 -> 0 | AP7: =('3'!AO7/24)*0.454 -> 0 | AQ7: 2 | AR7: PAC 18 | AS7: 1.377 | AT7: 1 | AU7: 24
A8: 0.083333333 | B8: 241 | C8: 19 | D8: 18 | E8: 9 | F8: 61 | G8: 3 | H8: 2.1 | I8: 1.1 | J8: 1.5 | K8: 7 | L8: 6.2 | M8: 6.3 | N8: 6 | O8: 3.3 | R8: ='3'!Z7 -> 1400 | S8: ='3'!AB7 -> 81.171096 | T8: ='3'!Y7 -> 3186 | U8: =IF('3'!AA7=1,'3'!AR6,'3'!AR7) -> S.A.L | X8: 0.125 | Y8: 3191 | Z8: 1400 | AA8: 1 | AB8: =IF('3'!AA8=1,(('3'!Z8*'3'!$AS$6*'3'!$AT$6)/('3'!Y8*0.0036)),IF('3'!AA8=2,(('3'!Z8*'3'!$AS$7*'3'!$AT$7)/('3'!Y8*0.0036)))) -> 81.043908 | AD8: =(('3'!AC8*'3'!$O$9*1000000))/('3'!Y8*3600) -> 0 | AF8: =('3'!AE8/24)*0.454 -> 0 | AH8: =('3'!AG8/24)*0.454 -> 0 | AI8: 3500 | AJ8: =('3'!AI8/24)*0.454 -> 66.208333 | AL8: =('3'!AK8/24)*0.454 -> 0 | AN8: =('3'!AM8/24)*0.454 -> 0 | AP8: =('3'!AO8/24)*0.454 -> 0 | AQ8: Polímero Catiônico
A9: 0.16666667 | B9: 238 | C9: 19 | D9: 18 | E9: 9 | F9: 60 | G9: 3.1 | H9: 2 | I9: 1.2 | J9: 1.6 | K9: 7 | L9: 6.2 | M9: 6.3 | N9: 6 | O9: 3.3 | R9: ='3'!Z9 -> 1400 | S9: ='3'!AB9 -> 81.196581 | T9: ='3'!Y9 -> 3185 | U9: =IF('3'!AA9=1,'3'!AR6,'3'!AR7) -> S.A.L | X9: 0.16666667 | Y9: 3185 | Z9: 1400 | AA9: 1 | AB9: =IF('3'!AA9=1,(('3'!Z9*'3'!$AS$6*'3'!$AT$6)/('3'!Y9*0.0036)),IF('3'!AA9=2,(('3'!Z9*'3'!$AS$7*'3'!$AT$7)/('3'!Y9*0.0036)))) -> 81.196581 | AD9: =(('3'!AC9*'3'!$O$9*1000000))/('3'!Y9*3600) -> 0 | AF9: =('3'!AE9/24)*0.454 -> 0 | AH9: =('3'!AG9/24)*0.454 -> 0 | AI9: 3500 | AJ9: =('3'!AI9/24)*0.454 -> 66.208333 | AL9: =('3'!AK9/24)*0.454 -> 0 | AN9: =('3'!AM9/24)*0.454 -> 0 | AP9: =('3'!AO9/24)*0.454 -> 0 | AQ9: Nome | AT9: C (%)
A10: 0.25 | B10: 236 | C10: 19 | D10: 18 | E10: 10 | F10: 60 | G10: 3.1 | H10: 1.9 | I10: 1.2 | J10: 1.6 | K10: 7 | L10: 6.2 | M10: 6.3 | N10: 6 | O10: 3.3 | R10: ='3'!Z11 -> 1400 | S10: ='3'!AB11 -> 81.094735 | T10: ='3'!Y11 -> 3189 | U10: =IF('3'!AA11=1,'3'!AR6,'3'!AR7) -> S.A.L | X10: 0.20833333 | Y10: 3189 | Z10: 1400 | AA10: 1 | AB10: =IF('3'!AA10=1,(('3'!Z10*'3'!$AS$6*'3'!$AT$6)/('3'!Y10*0.0036)),IF('3'!AA10=2,(('3'!Z10*'3'!$AS$7*'3'!$AT$7)/('3'!Y10*0.0036)))) -> 81.094735 | AD10: =(('3'!AC10*'3'!$O$9*1000000))/('3'!Y10*3600) -> 0 | AF10: =('3'!AE10/24)*0.454 -> 0 | AH10: =('3'!AG10/24)*0.454 -> 0 | AI10: 3500 | AJ10: =('3'!AI10/24)*0.454 -> 66.208333 | AL10: =('3'!AK10/24)*0.454 -> 0 | AN10: =('3'!AM10/24)*0.454 -> 0 | AP10: =('3'!AO10/24)*0.454 -> 0 | AQ10: Aguapol 200 | AT10: 0.002
A11: 0.33333333 | B11: 232 | C11: 18 | D11: 18 | E11: 9 | F11: 57 | G11: 2.6 | H11: 1.8 | I11: 1.4 | J11: 1.3 | K11: 7.3 | L11: 6.3 | M11: 6.3 | N11: 6.3 | O11: 3 | R11: ='3'!Z13 -> 1390 | S11: ='3'!AB13 -> 80.038619 | T11: ='3'!Y13 -> 3208 | U11: =IF('3'!AA13=1,'3'!AR6,'3'!AR7) -> S.A.L | X11: 0.25 | Y11: 3189 | Z11: 1400 | AA11: 1 | AB11: =IF('3'!AA11=1,(('3'!Z11*'3'!$AS$6*'3'!$AT$6)/('3'!Y11*0.0036)),IF('3'!AA11=2,(('3'!Z11*'3'!$AS$7*'3'!$AT$7)/('3'!Y11*0.0036)))) -> 81.094735 | AD11: =(('3'!AC11*'3'!$O$9*1000000))/('3'!Y11*3600) -> 0 | AF11: =('3'!AE11/24)*0.454 -> 0 | AH11: =('3'!AG11/24)*0.454 -> 0 | AI11: 3500 | AJ11: =('3'!AI11/24)*0.454 -> 66.208333 | AL11: =('3'!AK11/24)*0.454 -> 0 | AN11: =('3'!AM11/24)*0.454 -> 0 | AP11: =('3'!AO11/24)*0.454 -> 0
A12: 0.41666667 | B12: 218 | C12: 17 | D12: 17 | E12: 9 | F12: 53 | G12: 3.2 | H12: 2.1 | I12: 1 | J12: 1.4 | K12: 6.9 | L12: 6.3 | M12: 6.3 | N12: 6.3 | O12: 3.5 | R12: ='3'!Z15 -> 1350 | S12: ='3'!AB15 -> 77.59023 | T12: ='3'!Y15 -> 3214 | U12: =IF('3'!AA15=1,'3'!AR6,'3'!AR7) -> S.A.L | V12: =ESCALA!$B$5 -> 0 | X12: 0.29166667 | Y12: 3222 | Z12: 1400 | AA12: 1 | AB12: =IF('3'!AA12=1,(('3'!Z12*'3'!$AS$6*'3'!$AT$6)/('3'!Y12*0.0036)),IF('3'!AA12=2,(('3'!Z12*'3'!$AS$7*'3'!$AT$7)/('3'!Y12*0.0036)))) -> 80.264156 | AD12: =(('3'!AC12*'3'!$O$9*1000000))/('3'!Y12*3600) -> 0 | AF12: =('3'!AE12/24)*0.454 -> 0 | AH12: =('3'!AG12/24)*0.454 -> 0 | AI12: 3500 | AJ12: =('3'!AI12/24)*0.454 -> 66.208333 | AL12: =('3'!AK12/24)*0.454 -> 0 | AN12: =('3'!AM12/24)*0.454 -> 0 | AP12: =('3'!AO12/24)*0.454 -> 0
A13: 0.5 | B13: 216 | C13: 17 | D13: 17 | E13: 9 | F13: 56 | G13: 3 | H13: 2.2 | I13: 1 | J13: 1.3 | K13: 6.9 | L13: 6.3 | M13: 6.3 | N13: 6.3 | O13: 3.5 | R13: ='3'!Z17 -> 1350 | S13: ='3'!AB17 -> 78.395159 | T13: ='3'!Y17 -> 3181 | U13: =IF('3'!AA17=1,'3'!AR6,'3'!AR7) -> S.A.L | X13: 0.33333333 | Y13: 3208 | Z13: 1390 | AA13: 1 | AB13: =IF('3'!AA13=1,(('3'!Z13*'3'!$AS$6*'3'!$AT$6)/('3'!Y13*0.0036)),IF('3'!AA13=2,(('3'!Z13*'3'!$AS$7*'3'!$AT$7)/('3'!Y13*0.0036)))) -> 80.038619 | AD13: =(('3'!AC13*'3'!$O$9*1000000))/('3'!Y13*3600) -> 0 | AF13: =('3'!AE13/24)*0.454 -> 0 | AH13: =('3'!AG13/24)*0.454 -> 0 | AI13: 3500 | AJ13: =('3'!AI13/24)*0.454 -> 66.208333 | AL13: =('3'!AK13/24)*0.454 -> 0 | AN13: =('3'!AM13/24)*0.454 -> 0 | AP13: =('3'!AO13/24)*0.454 -> 0
A14: 0.58333333 | B14: 225 | C14: 19 | D14: 16 | E14: 10 | F14: 56 | G14: 3 | H14: 1.7 | I14: 1.1 | J14: 1.4 | K14: 6.9 | L14: 6.3 | M14: 6.3 | N14: 6.3 | O14: 3 | R14: ='3'!Z19 -> 1320 | S14: ='3'!AB19 -> 76.508733 | T14: ='3'!Y19 -> 3187 | U14: =IF('3'!AA19=1,'3'!AR6,'3'!AR7) -> S.A.L | X14: 0.375 | Y14: 3192 | Z14: 1350 | AA14: 1 | AB14: =IF('3'!AA14=1,(('3'!Z14*'3'!$AS$6*'3'!$AT$6)/('3'!Y14*0.0036)),IF('3'!AA14=2,(('3'!Z14*'3'!$AS$7*'3'!$AT$7)/('3'!Y14*0.0036)))) -> 78.125 | AD14: =(('3'!AC14*'3'!$O$9*1000000))/('3'!Y14*3600) -> 0 | AF14: =('3'!AE14/24)*0.454 -> 0 | AH14: =('3'!AG14/24)*0.454 -> 0 | AI14: 3500 | AJ14: =('3'!AI14/24)*0.454 -> 66.208333 | AL14: =('3'!AK14/24)*0.454 -> 0 | AN14: =('3'!AM14/24)*0.454 -> 0 | AP14: =('3'!AO14/24)*0.454 -> 0
A15: 0.66666667 | B15: 218 | C15: 19 | D15: 17 | E15: 10 | F15: 57 | G15: 3 | H15: 2 | I15: 1.1 | J15: 1.4 | K15: 6.9 | L15: 6.3 | M15: 6.3 | N15: 6.3 | O15: 3 | R15: ='3'!Z21 -> 1320 | S15: ='3'!AB21 -> 76.556777 | T15: ='3'!Y21 -> 3185 | U15: =IF('3'!AA21=1,'3'!AR6,'3'!AR7) -> S.A.L | X15: 0.41666667 | Y15: 3214 | Z15: 1350 | AA15: 1 | AB15: =IF('3'!AA15=1,(('3'!Z15*'3'!$AS$6*'3'!$AT$6)/('3'!Y15*0.0036)),IF('3'!AA15=2,(('3'!Z15*'3'!$AS$7*'3'!$AT$7)/('3'!Y15*0.0036)))) -> 77.59023 | AD15: =(('3'!AC15*'3'!$O$9*1000000))/('3'!Y15*3600) -> 0 | AF15: =('3'!AE15/24)*0.454 -> 0 | AH15: =('3'!AG15/24)*0.454 -> 0 | AI15: 3500 | AJ15: =('3'!AI15/24)*0.454 -> 66.208333 | AL15: =('3'!AK15/24)*0.454 -> 0 | AN15: =('3'!AM15/24)*0.454 -> 0 | AP15: =('3'!AO15/24)*0.454 -> 0
A16: 0.75 | B16: 257 | C16: 18 | D16: 16 | E16: 10 | F16: 65 | G16: 2.6 | H16: 1.9 | I16: 1.2 | J16: 1.6 | K16: 6.7 | L16: 6.3 | M16: 6.4 | N16: 6.1 | O16: 3.5 | R16: ='3'!Z23 -> 1400 | S16: ='3'!AB23 -> 80.664726 | T16: ='3'!Y23 -> 3206 | U16: =IF('3'!AA23=1,'3'!AR6,'3'!AR7) -> S.A.L | X16: 0.45833333 | Y16: 3177 | Z16: 1350 | AA16: 1 | AB16: =IF('3'!AA16=1,(('3'!Z16*'3'!$AS$6*'3'!$AT$6)/('3'!Y16*0.0036)),IF('3'!AA16=2,(('3'!Z16*'3'!$AS$7*'3'!$AT$7)/('3'!Y16*0.0036)))) -> 78.493862 | AD16: =(('3'!AC16*'3'!$O$9*1000000))/('3'!Y16*3600) -> 0 | AF16: =('3'!AE16/24)*0.454 -> 0 | AH16: =('3'!AG16/24)*0.454 -> 0 | AI16: 3500 | AJ16: =('3'!AI16/24)*0.454 -> 66.208333 | AL16: =('3'!AK16/24)*0.454 -> 0 | AN16: =('3'!AM16/24)*0.454 -> 0 | AP16: =('3'!AO16/24)*0.454 -> 0
A17: 0.83333333 | B17: 252 | C17: 21 | D17: 19 | E17: 11 | F17: 65 | G17: 2.2 | H17: 1.5 | I17: 1.4 | J17: 1.4 | K17: 6.7 | L17: 6.3 | M17: 6.3 | N17: 6.1 | O17: 3.5 | R17: ='3'!Z25 -> 1400 | S17: ='3'!AB25 -> 80.740278 | T17: ='3'!Y25 -> 3203 | U17: =IF('3'!AA25=1,'3'!AR6,'3'!AR7) -> S.A.L | V17: =ESCALA!$C$5 -> 0 | X17: 0.5 | Y17: 3181 | Z17: 1350 | AA17: 1 | AB17: =IF('3'!AA17=1,(('3'!Z17*'3'!$AS$6*'3'!$AT$6)/('3'!Y17*0.0036)),IF('3'!AA17=2,(('3'!Z17*'3'!$AS$7*'3'!$AT$7)/('3'!Y17*0.0036)))) -> 78.395159 | AD17: =(('3'!AC17*'3'!$O$9*1000000))/('3'!Y17*3600) -> 0 | AF17: =('3'!AE17/24)*0.454 -> 0 | AH17: =('3'!AG17/24)*0.454 -> 0 | AI17: 3500 | AJ17: =('3'!AI17/24)*0.454 -> 66.208333 | AL17: =('3'!AK17/24)*0.454 -> 0 | AN17: =('3'!AM17/24)*0.454 -> 0 | AP17: =('3'!AO17/24)*0.454 -> 0
A18: 0.91666667 | B18: 250 | C18: 19 | D18: 18 | E18: 11 | F18: 62 | G18: 2 | H18: 1.5 | I18: 1.4 | J18: 1.3 | K18: 6.7 | L18: 6.3 | M18: 6.3 | N18: 6.1 | O18: 3.5 | R18: ='3'!Z27 -> 1400 | S18: ='3'!AB27 -> 81.632295 | T18: ='3'!Y27 -> 3168 | U18: =IF('3'!AA27=1,'3'!AR6,'3'!AR7) -> S.A.L | X18: 0.54166667 | Y18: 3162 | Z18: 1320 | AA18: 1 | AB18: =IF('3'!AA18=1,(('3'!Z18*'3'!$AS$6*'3'!$AT$6)/('3'!Y18*0.0036)),IF('3'!AA18=2,(('3'!Z18*'3'!$AS$7*'3'!$AT$7)/('3'!Y18*0.0036)))) -> 77.113641 | AD18: =(('3'!AC18*'3'!$O$9*1000000))/('3'!Y18*3600) -> 0 | AF18: =('3'!AE18/24)*0.454 -> 0 | AH18: =('3'!AG18/24)*0.454 -> 0 | AI18: 3500 | AJ18: =('3'!AI18/24)*0.454 -> 66.208333 | AL18: =('3'!AK18/24)*0.454 -> 0 | AN18: =('3'!AM18/24)*0.454 -> 0 | AP18: =('3'!AO18/24)*0.454 -> 0
A19: Média | B19: {=IF('3'!B7:B18>0.01,AVERAGE('3'!B7:B18),"")} -> 235.66667 | C19: {=IF('3'!C7:C18>0.01,AVERAGE('3'!C7:C18),"")} -> 18.666667 | D19: {=IF('3'!D7:D18>0.01,AVERAGE('3'!D7:D18),"")} -> 17.5 | E19: {=IF('3'!E7:E18>0.01,AVERAGE('3'!E7:E18),"")} -> 9.6666667 | F19: {=IF('3'!F7:F18>0.01,AVERAGE('3'!F7:F18),"")} -> 59.583333 | G19: {=IF('3'!G7:G18>0.01,AVERAGE('3'!G7:G18),"")} -> 2.8166667 | H19: {=IF('3'!H7:H18>0.01,AVERAGE('3'!H7:H18),"")} -> 1.9166667 | I19: {=IF('3'!I7:I18>0.01,AVERAGE('3'!I7:I18),"")} -> 1.1833333 | ... S19: {=IF('3'!S7:S18>0.01,AVERAGE('3'!S7:S18),"")} -> 79.805162 | X19: 0.58333333 | Y19: 3187 | Z19: 1320 | AA19: 1 | AB19: =IF('3'!AA19=1,(('3'!Z19*'3'!$AS$6*'3'!$AT$6)/('3'!Y19*0.0036)),IF('3'!AA19=2,(('3'!Z19*'3'!$AS$7*'3'!$AT$7)/('3'!Y19*0.0036)))) -> 76.508733 | AD19: =(('3'!AC19*'3'!$O$9*1000000))/('3'!Y19*3600) -> 0 | AF19: =('3'!AE19/24)*0.454 -> 0 | AH19: =('3'!AG19/24)*0.454 -> 0 | AI19: 3500 | AJ19: =('3'!AI19/24)*0.454 -> 66.208333 | AL19: =('3'!AK19/24)*0.454 -> 0 | AN19: =('3'!AM19/24)*0.454 -> 0 | AP19: =('3'!AO19/24)*0.454 -> 0
A20: Máximo | B20: =MAX('3'!B7:B18) -> 257 | C20: =MAX('3'!C7:C18) -> 21 | D20: =MAX('3'!D7:D18) -> 19 | E20: =MAX('3'!E7:E18) -> 11 | F20: =MAX('3'!F7:F18) -> 65 | G20: =MAX('3'!G7:G18) -> 3.2 | H20: =MAX('3'!H7:H18) -> 2.3 | I20: =MAX('3'!I7:I18) -> 1.4 | ... S20: =MAX('3'!S7:S18) -> 82.072711 | X20: 0.625 | Y20: 3173 | Z20: 1320 | AA20: 1 | AB20: =IF('3'!AA20=1,(('3'!Z20*'3'!$AS$6*'3'!$AT$6)/('3'!Y20*0.0036)),IF('3'!AA20=2,(('3'!Z20*'3'!$AS$7*'3'!$AT$7)/('3'!Y20*0.0036)))) -> 76.846307 | AD20: =(('3'!AC20*'3'!$O$9*1000000))/('3'!Y20*3600) -> 0 | AF20: =('3'!AE20/24)*0.454 -> 0 | AH20: =('3'!AG20/24)*0.454 -> 0 | AI20: 3500 | AJ20: =('3'!AI20/24)*0.454 -> 66.208333 | AL20: =('3'!AK20/24)*0.454 -> 0 | AN20: =('3'!AM20/24)*0.454 -> 0 | AP20: =('3'!AO20/24)*0.454 -> 0
A21: Mínimo | B21: =MIN('3'!B7:B18) -> 216 | C21: =MIN('3'!C7:C18) -> 17 | D21: =MIN('3'!D7:D18) -> 16 | E21: =MIN('3'!E7:E18) -> 9 | F21: =MIN('3'!F7:F18) -> 53 | G21: =MIN('3'!G7:G18) -> 2 | H21: =MIN('3'!H7:H18) -> 1.5 | I21: =MIN('3'!I7:I18) -> 1 | ... S21: =MIN('3'!S7:S18) -> 76.508733 | X21: 0.66666667 | Y21: 3185 | Z21: 1320 | AA21: 1 | AB21: =IF('3'!AA21=1,(('3'!Z21*'3'!$AS$6*'3'!$AT$6)/('3'!Y21*0.0036)),IF('3'!AA21=2,(('3'!Z21*'3'!$AS$7*'3'!$AT$7)/('3'!Y21*0.0036)))) -> 76.556777 | AD21: =(('3'!AC21*'3'!$O$9*1000000))/('3'!Y21*3600) -> 0 | AF21: =('3'!AE21/24)*0.454 -> 0 | AH21: =('3'!AG21/24)*0.454 -> 0 | AI21: 3500 | AJ21: =('3'!AI21/24)*0.454 -> 66.208333 | AL21: =('3'!AK21/24)*0.454 -> 0 | AN21: =('3'!AM21/24)*0.454 -> 0 | AP21: =('3'!AO21/24)*0.454 -> 0
R22: Total | X22: 0.70833333 | Y22: 3185 | Z22: 1350 | AA22: 1 | AB22: =IF('3'!AA22=1,(('3'!Z22*'3'!$AS$6*'3'!$AT$6)/('3'!Y22*0.0036)),IF('3'!AA22=2,(('3'!Z22*'3'!$AS$7*'3'!$AT$7)/('3'!Y22*0.0036)))) -> 78.296703 | AD22: =(('3'!AC22*'3'!$O$9*1000000))/('3'!Y22*3600) -> 0 | AF22: =('3'!AE22/24)*0.454 -> 0 | AH22: =('3'!AG22/24)*0.454 -> 0 | AI22: 3500 | AJ22: =('3'!AI22/24)*0.454 -> 66.208333 | AL22: =('3'!AK22/24)*0.454 -> 0 | AN22: =('3'!AM22/24)*0.454 -> 0 | AP22: =('3'!AO22/24)*0.454 -> 0
A23: TURBIDEZ DOS FILTROS DA 1ª E 2ª ETAPAS | R23: 440 | S23: Litros | X23: 0.75 | Y23: 3206 | Z23: 1400 | AA23: 1 | AB23: =IF('3'!AA23=1,(('3'!Z23*'3'!$AS$6*'3'!$AT$6)/('3'!Y23*0.0036)),IF('3'!AA23=2,(('3'!Z23*'3'!$AS$7*'3'!$AT$7)/('3'!Y23*0.0036)))) -> 80.664726 | AD23: =(('3'!AC23*'3'!$O$9*1000000))/('3'!Y23*3600) -> 0 | AF23: =('3'!AE23/24)*0.454 -> 0 | AH23: =('3'!AG23/24)*0.454 -> 0 | AI23: 3500 | AJ23: =('3'!AI23/24)*0.454 -> 66.208333 | AL23: =('3'!AK23/24)*0.454 -> 0 | AN23: =('3'!AM23/24)*0.454 -> 0 | AP23: =('3'!AO23/24)*0.454 -> 0
A24: HORA | B24: 1 | C24: 2 | D24: 3 | E24: 4 | F24: 5 | G24: 6 | H24: 7 | I24: 8 | J24: 9 | K24: 10 | L24: 11 | M24: 12 | N24: 13 | O24: 14 | P24: 15 | Q24: 16 | R24: 0 | S24: Kilos | X24: 0.79166667 | Y24: 3186 | Z24: 1400 | AA24: 1 | AB24: =IF('3'!AA24=1,(('3'!Z24*'3'!$AS$6*'3'!$AT$6)/('3'!Y24*0.0036)),IF('3'!AA24=2,(('3'!Z24*'3'!$AS$7*'3'!$AT$7)/('3'!Y24*0.0036)))) -> 81.171096 | AD24: =(('3'!AC24*'3'!$O$9*1000000))/('3'!Y24*3600) -> 0 | AF24: =('3'!AE24/24)*0.454 -> 0 | AH24: =('3'!AG24/24)*0.454 -> 0 | AI24: 3500 | AJ24: =('3'!AI24/24)*0.454 -> 66.208333 | AL24: =('3'!AK24/24)*0.454 -> 0 | AN24: =('3'!AM24/24)*0.454 -> 0 | AP24: =('3'!AO24/24)*0.454 -> 0
A25: 0.41666667 | B25: 0.4 | C25: 0.8 | D25: 1.3 | E25: 1.6 | F25: 1 | G25: 2.4 | H25: 0.4 | I25: 0.6 | J25: 0.2 | K25: 1.6 | L25: 0.8 | M25: 1.7 | N25: 0.5 | O25: 0.5 | P25: 0.6 | R25: =#DIV/0! -> #DIV/0! | T25: DATA | U25: =ESCALA!$A$5 -> 43924 | X25: 0.83333333 | Y25: 3203 | Z25: 1400 | AA25: 1 | AB25: =IF('3'!AA25=1,(('3'!Z25*'3'!$AS$6*'3'!$AT$6)/('3'!Y25*0.0036)),IF('3'!AA25=2,(('3'!Z25*'3'!$AS$7*'3'!$AT$7)/('3'!Y25*0.0036)))) -> 80.740278 | AD25: =(('3'!AC25*'3'!$O$9*1000000))/('3'!Y25*3600) -> 0 | AF25: =('3'!AE25/24)*0.454 -> 0 | AH25: =('3'!AG25/24)*0.454 -> 0 | AI25: 3500 | AJ25: =('3'!AI25/24)*0.454 -> 66.208333 | AL25: =('3'!AK25/24)*0.454 -> 0 | AN25: =('3'!AM25/24)*0.454 -> 0 | AP25: =('3'!AO25/24)*0.454 -> 0
A26: 0.66666667 | R26: =#DIV/0! -> #DIV/0! | X26: 0.875 | Y26: 3186 | Z26: 1400 | AA26: 1 | AB26: =IF('3'!AA26=1,(('3'!Z26*'3'!$AS$6*'3'!$AT$6)/('3'!Y26*0.0036)),IF('3'!AA26=2,(('3'!Z26*'3'!$AS$7*'3'!$AT$7)/('3'!Y26*0.0036)))) -> 81.171096 | AD26: =(('3'!AC26*'3'!$O$9*1000000))/('3'!Y26*3600) -> 0 | AF26: =('3'!AE26/24)*0.454 -> 0 | AH26: =('3'!AG26/24)*0.454 -> 0 | AI26: 3500 | AJ26: =('3'!AI26/24)*0.454 -> 66.208333 | AL26: =('3'!AK26/24)*0.454 -> 0 | AN26: =('3'!AM26/24)*0.454 -> 0 | AP26: =('3'!AO26/24)*0.454 -> 0
A27: Média | B27: =#DIV/0! -> #DIV/0! | C27: =#DIV/0! -> #DIV/0! | D27: =#DIV/0! -> #DIV/0! | E27: =#DIV/0! -> #DIV/0! | F27: =#DIV/0! -> #DIV/0! | G27: =#DIV/0! -> #DIV/0! | H27: =#DIV/0! -> #DIV/0! | I27: =#DIV/0! -> #DIV/0! | ... Q27: =#DIV/0! -> #DIV/0! | X27: 0.91666667 | Y27: 3168 | Z27: 1400 | AA27: 1 | AB27: =IF('3'!AA27=1,(('3'!Z27*'3'!$AS$6*'3'!$AT$6)/('3'!Y27*0.0036)),IF('3'!AA27=2,(('3'!Z27*'3'!$AS$7*'3'!$AT$7)/('3'!Y27*0.0036)))) -> 81.632295 | AD27: =(('3'!AC27*'3'!$O$9*1000000))/('3'!Y27*3600) -> 0 | AF27: =('3'!AE27/24)*0.454 -> 0 | AH27: =('3'!AG27/24)*0.454 -> 0 | AI27: 3500 | AJ27: =('3'!AI27/24)*0.454 -> 66.208333 | AL27: =('3'!AK27/24)*0.454 -> 0 | AN27: =('3'!AM27/24)*0.454 -> 0 | AP27: =('3'!AO27/24)*0.454 -> 0
A28: OBSERVAÇÕES | X28: 0.95833333 | Y28: 3182 | Z28: 1400 | AA28: 1 | AB28: =IF('3'!AA28=1,(('3'!Z28*'3'!$AS$6*'3'!$AT$6)/('3'!Y28*0.0036)),IF('3'!AA28=2,(('3'!Z28*'3'!$AS$7*'3'!$AT$7)/('3'!Y28*0.0036)))) -> 81.273134 | AD28: =(('3'!AC28*'3'!$O$9*1000000))/('3'!Y28*3600) -> 0 | AF28: =('3'!AE28/24)*0.454 -> 0 | AH28: =('3'!AG28/24)*0.454 -> 0 | AI28: 3500 | AJ28: =('3'!AI28/24)*0.454 -> 66.208333 | AL28: =('3'!AK28/24)*0.454 -> 0 | AN28: =('3'!AM28/24)*0.454 -> 0 | AP28: =('3'!AO28/24)*0.454 -> 0
X29: 1 | Y29: 3163 | Z29: 1400 | AA29: 1 | AB29: =IF('3'!AA29=1,(('3'!Z29*'3'!$AS$6*'3'!$AT$6)/('3'!Y29*0.0036)),IF('3'!AA29=2,(('3'!Z29*'3'!$AS$7*'3'!$AT$7)/('3'!Y29*0.0036)))) -> 81.761338 | AD29: =(('3'!AC29*'3'!$O$9*1000000))/('3'!Y29*3600) -> 0 | AF29: =('3'!AE29/24)*0.454 -> 0 | AH29: =('3'!AG29/24)*0.454 -> 0 | AI29: 3500 | AJ29: =('3'!AI29/24)*0.454 -> 66.208333 | AL29: =('3'!AK29/24)*0.454 -> 0 | AN29: =('3'!AM29/24)*0.454 -> 0 | AP29: =('3'!AO29/24)*0.454 -> 0
X30: Total | Y30: =SUM('3'!Y6:Y29)*3.6 -> 275407.2 | Z30: =SUM('3'!Z6:Z29) -> 33020 | AF30: =SUM('3'!AF6:AF29) -> 0 | AH30: =SUM('3'!AH6:AH29) -> 0 | AJ30: =SUM('3'!AJ6:AJ29) -> 1589 | AL30: =SUM('3'!AL6:AL29) -> 0 | AN30: =SUM('3'!AN6:AN29) -> 0 | AP30: =SUM('3'!AP6:AP29) -> 0
X32: S.A.L (l) - (kg) | Z32: =SUMIF('3'!AA6:AA29,"=1",'3'!Z6:Z29) -> 33020 | AA32: ='3'!Z32*'3'!AS6 -> 43916.6 | AB32: =SUMIF('3'!$AA$6:$AA$29,"=1",'3'!$AB$6:$AB$29)/COUNTIF('3'!$AA$6:$AA$29,"=1") -> 79.729889 | AC32: =SUMIF('3'!AA6:AA29,"=1",'3'!AC6:AC29) -> 0
X33: PAC 18 (l) - (kg) | Z33: =SUMIF('3'!AA6:AA29,"=2",'3'!Z6:Z29) -> 0 | AA33: ='3'!Z33*'3'!AS7 -> 0 | AB33: =SUMIF('3'!$AA$6:$AA$29,"=2",'3'!$AB$6:$AB$29)/COUNTIF('3'!$AA$6:$AA$29,"=2") -> #DIV/0! | AC33: =SUMIF('3'!AA6:AA29,"=2",'3'!AC6:AC29) -> 0
X34: Média | Y34: =AVERAGE('3'!Y6:Y29) -> 3187.5833 | Z34: =AVERAGE('3'!Z6:Z29) -> 1375.8333 | AC34: =SUM('3'!AC6:AC29)/COUNTIF('3'!AC6:AC29,"<>0") -> 0 | AD34: =SUM('3'!AD6:AD29)/COUNTIF('3'!AD6:AD29,"<>0") -> #DIV/0! | AF34: =AVERAGE('3'!AF6:AF29) -> 0 | AH34: =AVERAGE('3'!AH6:AH29) -> 0 | AJ34: ='3'!AJ30/24 -> 66.208333 | AL34: =AVERAGE('3'!AL6:AL29) -> 0 | AN34: =AVERAGE('3'!AN6:AN29) -> 0 | AP34: =AVERAGE('3'!AP6:AP29) -> 0
C35: Alcalinidade (mg/L) | F35: Ferro (mg/L) | I35: Manganês (mg/L) | L35: Alumínio (mg/L) | U35: TÉCNICO | X35: Decantadores | AA35: Filtros | AC35: Decantadores 2ª etapa | AJ35: CLORAÇÃO INTERMEDIÁRIA | AO35: PÓS CLORAÇÃO
B36: HORA | C36: Bruta | D36: Dec. | E36: Trat (R-3) | F36: Bruta | G36: Filt. | H36: Trat (R-3) | I36: Bruta | J36: Filt. | K36: Trat (R-3) | L36: Trat (R-3) | X36: Lavados | Y36: 1 | AA36: Lavados | AB36: 5 | AC36: Descargas | AD36: 4
B37: 0.33333333 | U37: ='3'!V12 -> 0 | X37: HORAS OPERANDO | Z37: =COUNTA('3'!Z6:Z29) -> 24 | AC37: Tempo de duração | AD37: 60’ | AJ37: CARRETA | AL37: CILINDROS | AO37: CARRETA | AQ37: CILINDROS
B38: 0.66666667 | AJ38: CONSUMO | AK38: =SUM('3'!AF30+'3'!AH30) -> 0 | AL38: CONSUMO | AM38: =SUM('3'!AL30+'3'!AN30) -> 0 | AO38: CONSUMO | AP38: ='3'!AJ30 -> 1589 | AQ38: CONSUMO | AR38: ='3'!AP30 -> 0
A39: Nº amostras de água TRATADA | C39: Nº amostras de água FILTRADA | E39: Nº amostras de água tratada/filtrada FORA DO PADRÃO | J39: Nº amostras de água tratada/filtrada no PADRÃO | O39: Nº de amostras com turbidez menor ou igual a 0,5 NTU | R39: ÁGUA FILTRADA | S39: Nº de amostras com turbidez menor ou igual a 1,0 NTU | AJ39: DOSAGEM | AK39: =('3'!AK38/'3'!Y30)*1000 -> 0 | AL39: DOSAGEM | AM39: =('3'!AM38/'3'!Y28)*1000 -> 0 | AO39: DOSAGEM | AP39: =('3'!AP38/'3'!Y28)*1000 -> 499.37146 | AQ39: DOSAGEM | AR39: =('3'!AR38/'3'!Y28)*1000 -> 0
A40: COR | B40: TURBIDEZ | C40: TURBIDEZ | E40: COR | G40: TURBIDEZ | J40: COR | L40: TURBIDEZ | X40: ESTOQUE DE COAGULANTE | AJ40: Consumo Total | AL40: =SUM('3'!AK38,'3'!AM38) -> 0 | AO40: Consumo Total | AQ40: =SUM('3'!AP38,'3'!AR38) -> 1589
A41: =COUNTA('3'!E7:E18) -> 12 | B41: =COUNTA('3'!I7:I18) -> 12 | C41: =COUNTA('3'!J7:J18) -> 12 | D41: =COUNTA('3'!K7:K18) -> 12 | E41: =COUNTIF('3'!E7:E18,">15") -> 0 | G41: =COUNTIF('3'!J7:J18,">1") -> 12 | J41: ='3'!A41-'3'!E41 -> 12 | L41: ='3'!C41-'3'!G41 -> 0 | O41: =COUNTIF('3'!J7:J18,"<=0,5") -> 0 | S41: =COUNTIF('3'!J7:J18,"<=1,0") -> 0 | AJ41: Dosagem Final | AL41: =SUM(('3'!AK38+'3'!AM38)/'3'!Y28)*1000 -> 0 | AO41: Dosagem Final | AQ41: =SUM(('3'!AP38+'3'!AR38)/'3'!Y30)*1000 -> 5.7696386
O42: ÁGUA FILTRATADA | X42: SULFATO DE ALUMÍNIO
H43: Nº de amostras água tratada com turbidez <= 5,0 NTU | L43: Nº de amostras água tratada para aluminio | Q43: Nº de amostras com turbidez entre 0,5 e 1,0 NTU | X43: TINA 01 | Z43: TINA 02 | AB43: TINA 03 | AD43: TANQUE
X44: ALTURA | Y44: 152 | Z44: ALTURA | AB44: ALTURA | AC44: 61 | AF44: Volume total (L) | AG44: =SUM('3'!Y45,'3'!AA45,'3'!AC45,'3'!AE45) -> 237045.3 | AI44: CONSUMO DE SULFATO DE ALUMÍNIO ÀS 24:00hs
H45: =COUNTIF('3'!I7:I18,"<=5,0") -> 12 | L45: =COUNTA('3'!L37) -> 0 | Q45: ='3'!S41-'3'!O41 -> 0 | X45: VOLUME | Y45: ='3'!Y44*275.3 -> 41845.6 | Z45: VOLUME | AA45: =262.4*'3'!AA44 -> 0 | AB45: VOLUME | AC45: ='3'!AC44*277.7 -> 16939.7 | AD45: VOLUME | AE45: 178260 | AI45: TINA 01 | AK45: TINA 02 | AM45: TINA 03
X46: Densidade | Y46: ='3'!AS6 -> 1.33 | Z46: Densidade | AA46: ='3'!Y46 -> 1.33 | AB46: Densidade | AC46: ='3'!Y46 -> 1.33 | AD46: Densidade | AE46: ='3'!Y46 -> 1.33 | AF46: Peso Total (Kg) | AG46: =SUM('3'!Y47,'3'!AA47,'3'!AC47,'3'!AE47) -> 315270.25 | AI46: ALTURA | AK46: ALTURA | AM46: ALTURA
O47: ÁGUA TRATADA - CLORO RESIDUAL | X47: Peso(Kg) | Y47: ='3'!Y45*'3'!Y46 -> 55654.648 | Z47: Peso(Kg) | AA47: ='3'!AA45*'3'!AA46 -> 0 | AB47: Peso(Kg) | AC47: ='3'!AC45*'3'!AC46 -> 22529.801 | AD47: Peso(Kg) | AE47: ='3'!AE45*'3'!AE46 -> 237085.8 | AI47: VOLUME | AJ47: ='3'!AJ46*275.3 -> 0 | AK47: VOLUME | AL47: =262.4*'3'!AL46 -> 0 | AM47: VOLUME | AN47: ='3'!AN46*277.7 -> 0
AI48: Densidade | AJ48: ='3'!Y46 -> 1.33 | AK48: Densidade | AL48: ='3'!AJ48 -> 1.33 | AM48: Densidade | AN48: ='3'!AJ48 -> 1.33
O49: Nº de amostras de água tratada para cloro residual | R49: Nº de amostras de água tratada dentro dos padrões de cloro residual | AI49: Peso(Kg) | AJ49: ='3'!AJ47*'3'!AJ48 -> 0 | AK49: Peso(Kg) | AL49: ='3'!AL47*'3'!AL48 -> 0 | AM49: Peso(Kg) | AN49: ='3'!AN47*'3'!AN48 -> 0
X50: PAC - 18
O51: =COUNTA('3'!O7:O18) -> 12 | P51: =COUNTA('3'!W17:W28) -> 0 | R51: =COUNTIF('3'!O7:O18,">=0,5") -> 12 | X51: TINA 01 | Z51: TINA 02 | AB51: TINA 03 | AD51: TANQUE | AI51: CONSUMO DE PAC ÀS 24:00hs
X52: ALTURA | Z52: ALTURA | AB52: ALTURA | AF52: Volume total (L) | AG52: =SUM('3'!Y53,'3'!AA53,'3'!AC53,'3'!AE53) -> 0 | AI52: TINA 01 | AK52: TINA 02 | AM52: TINA 03
O53: ÁGUA TRATADA - PH | X53: VOLUME | Y53: ='3'!Y52*275.3 -> 0 | Z53: VOLUME | AA53: =262.4*'3'!AA52 -> 0 | AB53: VOLUME | AC53: ='3'!AC52*277.7 -> 0 | AD53: VOLUME | AI53: ALTURA | AK53: ALTURA | AM53: ALTURA | AQ53: Volume total (L) | AR53: ='3'!AJ54+'3'!AL54+'3'!AN54+'3'!AP54 -> 0
X54: Densidade | Y54: ='3'!AS7 -> 1.377 | Z54: Densidade | AA54: ='3'!Y54 -> 1.377 | AB54: Densidade | AC54: ='3'!Y54 -> 1.377 | AD54: Densidade | AE54: ='3'!Y54 -> 1.377 | AF54: Peso Total (Kg) | AG54: =SUM('3'!Y55,'3'!AA55,'3'!AC55,'3'!AE55) -> 0 | AI54: VOLUME | AJ54: ='3'!AJ53*275.3 -> 0 | AK54: VOLUME | AL54: =262.4*'3'!AL53 -> 0 | AM54: VOLUME | AN54: ='3'!AN53*277.7 -> 0 | AO54: VOLUME | AP54: 0
O55: Nº de amostras de água tratada para PH | R55: Nº de amostras de água tratada dentro dos padrões de PH | X55: Peso(Kg) | Y55: ='3'!Y53*'3'!Y54 -> 0 | Z55: Peso(Kg) | AA55: ='3'!AA53*'3'!AA54 -> 0 | AB55: Peso(Kg) | AC55: ='3'!AC53*'3'!AC54 -> 0 | AD55: Peso(Kg) | AE55: ='3'!AE53*'3'!AE54 -> 0 | AI55: Densidade | AJ55: ='3'!Y54 -> 1.377 | AK55: Densidade | AL55: ='3'!AJ55 -> 1.377 | AM55: Densidade | AN55: ='3'!AJ55 -> 1.377 | AO55: Densidade | AP55: ='3'!AJ55 -> 1.377 | AQ55: Peso Total (Kg) | AR55: =SUM('3'!AJ56,'3'!AL56,'3'!AN56,'3'!AP56) -> 0
AI56: Peso(Kg) | AJ56: ='3'!AJ54*'3'!AJ55 -> 0 | AK56: Peso(Kg) | AL56: ='3'!AL54*'3'!AL55 -> 0 | AM56: Peso(Kg) | AN56: ='3'!AN54*'3'!AN55 -> 0 | AO56: Peso(Kg) | AP56: ='3'!AP54*'3'!AP55 -> 0
O57: =COUNTA('3'!N7:N18) -> 12 | R57: =COUNTIF('3'!N7:N18,">=6") -> 12
X58: ESTOQUE DE CLORO
AI59: CONTROLE DIÁRIO DO CONSUMO DE COAGULANTE
X60: Carretas com Cloro | AB60: Cilindros com Cloro | AI60: CLORETO DE POLIALUMÍNIO | AN60: SULFATO DE ALUMÍNIO
AI61: CONSUMO REAL | AL61: ='3'!AJ56+'3'!AL56+'3'!AN56 -> 0 | AN61: CONSUMO REAL | AQ61: ='3'!AJ49+'3'!AL49+'3'!AN49 -> 0
X62: Recebido | AB62: Recebido | AI62: CONSUMO TEÓRICO | AL62: =AA33 -> 0 | AN62: CONSUMO TEÓRICO | AQ62: ='3'!AA32 -> 43916.6
X63: Peso(kg) | Y63: 0 | AB63: Peso(kg) | AI63: DIFERENÇA | AL63: ='3'!AL61-'3'!AL62 -> 0 | AN63: DIFERENÇA | AQ63: ='3'!AQ61-'3'!AQ62 -> -43916.6
X65: Saldo anterior (kg) | Y65: ='2'!$Y$68 -> -3280.15 | AB65: Saldo anterior (kg) | AC65: ='2'!$AC$68 -> 0
X66: Consumido | AB66: Consumido
X67: Peso(kg) | Y67: =SUM('3'!AK38,'3'!AP38) -> 1589 | AB67: Peso(kg) | AC67: =SUM('3'!AM38,'3'!AR38) -> 0
X68: Saldo(kg) | Y68: =SUM('3'!Y63,'3'!Y65)-'3'!Y67 -> -4869.15 | AB68: Saldo(kg) | AC68: =SUM('3'!AC63,'3'!AC65)-'3'!AC67 -> 0

Sheet 4
D2: CONTROLE DE ANÁLISE FÍSICO - QUÍMICAS \ ETA CASTELO BRANCO | AB2: CONTROLE DE PRODUTOS QUÍMICOS APLICADOS \ ETA CASTELO BRANCO
A4: HORA | B4: COR (Uc) | F4: TURBIDEZ (Ut) | K4: Ph | O4: CLORO RESIDUAL (mg/L) | R4: DOSAGEM DO COAGULANTE | T4: VAZÃO DA ETA | U4: TIPO DE COAGULANTE | V4: TÉCNICO | X4: Hora | Y4: Vazão ETA (l/s) | Z4: Vazão Coagulante (l/h) | AA4: Código | AB4: Dosagem (mg/l) | AC4: Vazão Polímero (l/h) | AD4: Dosagem (mg/l) | AE4: Pré 1 (Lib/dia) | AF4: Pré 1 (Kg/h) | AG4: Pré 2 (Lib/dia) | AH4: Pré 2 (Kg/h) | AI4: Pós (Lib/dia) | AJ4: Pós (Kg/h) | AK4: Pré 1 (Lib/dia) cilindros | AL4: Pré 1 (Kg/h) cilindros | AM4: Pré 2 (Lib/dia) cilindros | AN4: Pré 2 (Kg/h) cilindros | AO4: Pós (Lib/dia) cilindros | AP4: Pós (Kg/h) cilindros | AQ4: COAGULANTE | AU4: Tempo de Utilização (h)
AQ5: Codigo | AR5: Nome | AS5: d (g/ml) | AT5: C (%)
B6: Bruta | C6: DEC_1 | D6: DEC_2 | E6: TRAT | F6: Bruta | G6: DEC_1 | H6: DEC_2 | I6: TRAT | J6: FILT | K6: Bruta | L6: DEC_1 | M6: DEC_2 | N6: TRAT | O6: TRAT | P6: DEC_1 | Q6: DEC_2 | R6: L/h | S6: mg/l | T6: L/s | X6: 0.041666667 | Y6: 3186 | Z6: 1400 | AA6: 1 | AB6: =IF('4'!AA6=1,(('4'!Z6*'4'!$AS$6*'4'!$AT$6)/('4'!Y6*0.0036)),IF('4'!AA6=2,(('4'!Z6*'4'!$AS$7*'4'!$AT$7)/('4'!Y6*0.0036)))) -> 81.171096 | AD6: =(('4'!AC6*'4'!$Q$10*1000000))/('4'!Y6*3600) -> 0 | AF6: =('4'!AE6/24)*0.454 -> #VALUE! | AH6: =('4'!AG6/24)*0.454 -> 0 | AI6: 3500 | AJ6: =('4'!AI6/24)*0.454 -> 66.208333 | AL6: =('4'!AK6/24)*0.454 -> 0 | AN6: =('4'!AM6/24)*0.454 -> 0 | AP6: =('4'!AO6/24)*0.454 -> 0 | AQ6: 1 | AR6: S.A.L | AS6: 1.33 | AT6: 0.5 | AU6: 0
A7: 0 | B7: 248 | C7: 18 | D7: 17 | E7: 10 | F7: 64 | G7: 1.9 | H7: 1.5 | I7: 1.2 | J7: 1 | K7: 6.7 | L7: 6.3 | M7: 6.3 | N7: 6.1 | O7: 3.5 | R7: ='3'!$Z$29 -> 1400 | S7: ='3'!$AB$29 -> 81.761338 | T7: ='3'!$Y$29 -> 3163 | U7: =IF('4'!AA6=1,'4'!AR6,'4'!AR7) -> S.A.L | V7: =ESCALA!$B$5 -> 0 | X7: 0.083333333 | Y7: 3175 | Z7: 1400 | AA7: 1 | AB7: =IF('4'!AA7=1,(('4'!Z7*'4'!$AS$6*'4'!$AT$6)/('4'!Y7*0.0036)),IF('4'!AA7=2,(('4'!Z7*'4'!$AS$7*'4'!$AT$7)/('4'!Y7*0.0036)))) -> 81.452318 | AD7: =(('4'!AC7*'4'!$Q$10*1000000))/('4'!Y7*3600) -> 0 | AF7: =('4'!AE7/24)*0.454 -> 0 | AH7: =('4'!AG7/24)*0.454 -> 0 | AI7: 3500 | AJ7: =('4'!AI7/24)*0.454 -> 66.208333 | AL7: =('4'!AK7/24)*0.454 -> 0 | AN7: =('4'!AM7/24)*0.454 -> 0 | AP7: =('4'!AO7/24)*0.454 -> 0 | AQ7: 2 | AR7: PAC 18 | AS7: 1.377 | AT7: 1 | AU7: 24
A8: 0.083333333 | B8: 246 | C8: 17 | D8: 17 | E8: 10 | F8: 62 | G8: 1.9 | H8: 1.5 | I8: 1.1 | J8: 1.1 | K8: 6.7 | L8: 6.3 | M8: 6.3 | N8: 6.1 | O8: 3 | R8: ='4'!Z7 -> 1400 | S8: ='4'!AB7 -> 81.452318 | T8: ='4'!Y7 -> 3175 | U8: =IF('4'!AA7=1,'4'!AR6,'4'!AR7) -> S.A.L | X8: 0.125 | Y8: 3194 | Z8: 1400 | AA8: 1 | AB8: =IF('4'!AA8=1,(('4'!Z8*'4'!$AS$6*'4'!$AT$6)/('4'!Y8*0.0036)),IF('4'!AA8=2,(('4'!Z8*'4'!$AS$7*'4'!$AT$7)/('4'!Y8*0.0036)))) -> 80.967787 | AD8: =(('4'!AC8*'4'!$Q$10*1000000))/('4'!Y8*3600) -> 0 | AF8: =('4'!AE8/24)*0.454 -> 0 | AH8: =('4'!AG8/24)*0.454 -> 0 | AI8: 3500 | AJ8: =('4'!AI8/24)*0.454 -> 66.208333 | AL8: =('4'!AK8/24)*0.454 -> 0 | AN8: =('4'!AM8/24)*0.454 -> 0 | AP8: =('4'!AO8/24)*0.454 -> 0 | AQ8: Polímero Catiônico
A9: 0.16666667 | B9: 236 | C9: 15 | D9: 15 | E9: 9 | F9: 60 | G9: 1.9 | H9: 1.5 | I9: 1 | J9: 1.1 | K9: 6.7 | L9: 6.3 | M9: 6.3 | N9: 6.1 | O9: 3 | R9: ='4'!Z9 -> 1400 | S9: ='4'!AB9 -> 80.689894 | T9: ='4'!Y9 -> 3205 | U9: =IF('4'!AA9=1,'4'!AR6,'4'!AR7) -> S.A.L | X9: 0.16666667 | Y9: 3205 | Z9: 1400 | AA9: 1 | AB9: =IF('4'!AA9=1,(('4'!Z9*'4'!$AS$6*'4'!$AT$6)/('4'!Y9*0.0036)),IF('4'!AA9=2,(('4'!Z9*'4'!$AS$7*'4'!$AT$7)/('4'!Y9*0.0036)))) -> 80.689894 | AD9: =(('4'!AC9*'4'!$Q$10*1000000))/('4'!Y9*3600) -> 0 | AF9: =('4'!AE9/24)*0.454 -> 0 | AH9: =('4'!AG9/24)*0.454 -> 0 | AI9: 3500 | AJ9: =('4'!AI9/24)*0.454 -> 66.208333 | AL9: =('4'!AK9/24)*0.454 -> 0 | AN9: =('4'!AM9/24)*0.454 -> 0 | AP9: =('4'!AO9/24)*0.454 -> 0 | AQ9: Nome | AT9: C (%)
A10: 0.25 | B10: 221 | C10: 15 | D10: 15 | E10: 8 | F10: 55 | G10: 1.9 | H10: 1.6 | I10: 0.9 | J10: 1.1 | K10: 6.7 | L10: 6.3 | M10: 6.3 | N10: 6.1 | O10: 3 | R10: ='4'!Z11 -> 1400 | S10: ='4'!AB11 -> 81.069314 | T10: ='4'!Y11 -> 3190 | U10: =IF('4'!AA11=1,'4'!AR6,'4'!AR7) -> S.A.L | X10: 0.20833333 | Y10: 3187 | Z10: 1400 | AA10: 1 | AB10: =IF('4'!AA10=1,(('4'!Z10*'4'!$AS$6*'4'!$AT$6)/('4'!Y10*0.0036)),IF('4'!AA10=2,(('4'!Z10*'4'!$AS$7*'4'!$AT$7)/('4'!Y10*0.0036)))) -> 81.145626 | AD10: =(('4'!AC10*'4'!$Q$10*1000000))/('4'!Y10*3600) -> 0 | AF10: =('4'!AE10/24)*0.454 -> 0 | AH10: =('4'!AG10/24)*0.454 -> 0 | AI10: 3500 | AJ10: =('4'!AI10/24)*0.454 -> 66.208333 | AL10: =('4'!AK10/24)*0.454 -> 0 | AN10: =('4'!AM10/24)*0.454 -> 0 | AP10: =('4'!AO10/24)*0.454 -> 0 | AQ10: Aguapol 200 | AT10: 0.002
A11: 0.33333333 | B11: 218 | C11: 16 | D11: 17 | E11: 8 | F11: 53 | G11: 2 | H11: 1.9 | I11: 0.8 | J11: 1 | K11: 6.7 | L11: 6.3 | M11: 6.3 | N11: 6.1 | O11: 3 | R11: ='4'!Z13 -> 1400 | S11: ='4'!AB13 -> 80.790725 | T11: ='4'!Y13 -> 3201 | U11: =IF('4'!AA13=1,'4'!AR6,'4'!AR7) -> S.A.L | X11: 0.25 | Y11: 3190 | Z11: 1400 | AA11: 1 | AB11: =IF('4'!AA11=1,(('4'!Z11*'4'!$AS$6*'4'!$AT$6)/('4'!Y11*0.0036)),IF('4'!AA11=2,(('4'!Z11*'4'!$AS$7*'4'!$AT$7)/('4'!Y11*0.0036)))) -> 81.069314 | AD11: =(('4'!AC11*'4'!$Q$10*1000000))/('4'!Y11*3600) -> 0 | AF11: =('4'!AE11/24)*0.454 -> 0 | AH11: =('4'!AG11/24)*0.454 -> 0 | AI11: 3500 | AJ11: =('4'!AI11/24)*0.454 -> 66.208333 | AL11: =('4'!AK11/24)*0.454 -> 0 | AN11: =('4'!AM11/24)*0.454 -> 0 | AP11: =('4'!AO11/24)*0.454 -> 0
A12: 0.41666667 | B12: 216 | C12: 16 | D12: 18 | E12: 8 | F12: 52 | G12: 2 | H12: 2.1 | I12: 0.8 | J12: 1 | K12: 6.7 | L12: 6.3 | M12: 6.3 | N12: 6.1 | O12: 3 | R12: ='4'!Z15 -> 1400 | S12: ='4'!AB15 -> 81.580792 | T12: ='4'!Y15 -> 3170 | U12: =IF('4'!AA15=1,'4'!AR6,'4'!AR7) -> S.A.L | V12: =ESCALA!$B$6 -> 0 | X12: 0.29166667 | Y12: 3214 | Z12: 1400 | AA12: 1 | AB12: =IF('4'!AA12=1,(('4'!Z12*'4'!$AS$6*'4'!$AT$6)/('4'!Y12*0.0036)),IF('4'!AA12=2,(('4'!Z12*'4'!$AS$7*'4'!$AT$7)/('4'!Y12*0.0036)))) -> 80.463942 | AD12: =(('4'!AC12*'4'!$Q$10*1000000))/('4'!Y12*3600) -> 0 | AF12: =('4'!AE12/24)*0.454 -> 0 | AH12: =('4'!AG12/24)*0.454 -> 0 | AI12: 3500 | AJ12: =('4'!AI12/24)*0.454 -> 66.208333 | AL12: =('4'!AK12/24)*0.454 -> 0 | AN12: =('4'!AM12/24)*0.454 -> 0 | AP12: =('4'!AO12/24)*0.454 -> 0
A13: 0.5 | B13: 213 | C13: 16 | D13: 17 | E13: 8 | F13: 52 | G13: 2 | H13: 1.9 | I13: 0.8 | J13: 1 | K13: 6.7 | L13: 6.2 | M13: 6.2 | N13: 6 | O13: 3 | R13: ='4'!Z17 -> 1400 | S13: ='4'!AB17 -> 81.658071 | T13: ='4'!Y17 -> 3167 | U13: =IF('4'!AA17=1,'4'!AR6,'4'!AR7) -> S.A.L | X13: 0.33333333 | Y13: 3201 | Z13: 1400 | AA13: 1 | AB13: =IF('4'!AA13=1,(('4'!Z13*'4'!$AS$6*'4'!$AT$6)/('4'!Y13*0.0036)),IF('4'!AA13=2,(('4'!Z13*'4'!$AS$7*'4'!$AT$7)/('4'!Y13*0.0036)))) -> 80.790725 | AD13: =(('4'!AC13*'4'!$Q$10*1000000))/('4'!Y13*3600) -> 0 | AF13: =('4'!AE13/24)*0.454 -> 0 | AH13: =('4'!AG13/24)*0.454 -> 0 | AI13: 3500 | AJ13: =('4'!AI13/24)*0.454 -> 66.208333 | AL13: =('4'!AK13/24)*0.454 -> 0 | AN13: =('4'!AM13/24)*0.454 -> 0 | AP13: =('4'!AO13/24)*0.454 -> 0
A14: 0.58333333 | B14: 210 | C14: 17 | D14: 17 | E14: 9 | F14: 54 | G14: 2.1 | H14: 2 | I14: 0.9 | J14: 1.1 | K14: 6.7 | L14: 6.2 | M14: 6.2 | N14: 6 | O14: 2.6 | R14: ='4'!Z19 -> 1400 | S14: ='4'!AB19 -> 80.790725 | T14: ='4'!Y19 -> 3201 | U14: =IF('4'!AA19=1,'4'!AR6,'4'!AR7) -> S.A.L | X14: 0.375 | Y14: 3151 | Z14: 1400 | AA14: 1 | AB14: =IF('4'!AA14=1,(('4'!Z14*'4'!$AS$6*'4'!$AT$6)/('4'!Y14*0.0036)),IF('4'!AA14=2,(('4'!Z14*'4'!$AS$7*'4'!$AT$7)/('4'!Y14*0.0036)))) -> 82.072711 | AD14: =(('4'!AC14*'4'!$Q$10*1000000))/('4'!Y14*3600) -> 0 | AF14: =('4'!AE14/24)*0.454 -> 0 | AH14: =('4'!AG14/24)*0.454 -> 0 | AI14: 3500 | AJ14: =('4'!AI14/24)*0.454 -> 66.208333 | AL14: =('4'!AK14/24)*0.454 -> 0 | AN14: =('4'!AM14/24)*0.454 -> 0 | AP14: =('4'!AO14/24)*0.454 -> 0
A15: 0.66666667 | B15: 212 | C15: 17 | D15: 16 | E15: 9 | F15: 55 | G15: 2 | H15: 2 | I15: 0.9 | J15: 1.1 | K15: 6.7 | L15: 6.2 | M15: 6.2 | N15: 6 | O15: 2.6 | R15: ='4'!Z21 -> 1400 | S15: ='4'!AB21 -> 81.222083 | T15: ='4'!Y21 -> 3184 | U15: =IF('4'!AA21=1,'4'!AR6,'4'!AR7) -> S.A.L | X15: 0.41666667 | Y15: 3170 | Z15: 1400 | AA15: 1 | AB15: =IF('4'!AA15=1,(('4'!Z15*'4'!$AS$6*'4'!$AT$6)/('4'!Y15*0.0036)),IF('4'!AA15=2,(('4'!Z15*'4'!$AS$7*'4'!$AT$7)/('4'!Y15*0.0036)))) -> 81.580792 | AD15: =(('4'!AC15*'4'!$Q$10*1000000))/('4'!Y15*3600) -> 0 | AF15: =('4'!AE15/24)*0.454 -> 0 | AH15: =('4'!AG15/24)*0.454 -> 0 | AI15: 3500 | AJ15: =('4'!AI15/24)*0.454 -> 66.208333 | AL15: =('4'!AK15/24)*0.454 -> 0 | AN15: =('4'!AM15/24)*0.454 -> 0 | AP15: =('4'!AO15/24)*0.454 -> 0
A16: 0.75 | B16: 228 | C16: 17 | D16: 16 | E16: 10 | F16: 57 | G16: 2.1 | H16: ,2,3 | I16: 1 | J16: 1.1 | K16: 6.7 | L16: 6.2 | M16: 6.2 | N16: 6 | O16: 2.8 | R16: ='4'!Z23 -> 1400 | S16: ='4'!AB23 -> 80.815972 | T16: ='4'!Y23 -> 3200 | U16: =IF('4'!AA23=1,'4'!AR6,'4'!AR7) -> S.A.L | X16: 0.45833333 | Y16: 3221 | Z16: 1400 | AA16: 1 | AB16: =IF('4'!AA16=1,(('4'!Z16*'4'!$AS$6*'4'!$AT$6)/('4'!Y16*0.0036)),IF('4'!AA16=2,(('4'!Z16*'4'!$AS$7*'4'!$AT$7)/('4'!Y16*0.0036)))) -> 80.289075 | AD16: =(('4'!AC16*'4'!$Q$10*1000000))/('4'!Y16*3600) -> 0 | AF16: =('4'!AE16/24)*0.454 -> 0 | AH16: =('4'!AG16/24)*0.454 -> 0 | AI16: 350 | AJ16: =('4'!AI16/24)*0.454 -> 6.6208333 | AL16: =('4'!AK16/24)*0.454 -> 0 | AN16: =('4'!AM16/24)*0.454 -> 0 | AP16: =('4'!AO16/24)*0.454 -> 0
A17: 0.83333333 | B17: 235 | C17: 17 | D17: 17 | E17: 10 | F17: 60 | G17: 2.3 | H17: 2.4 | I17: 1 | J17: 1.2 | K17: 6.7 | L17: 6.2 | M17: 6.2 | N17: 6 | O17: 2.8 | R17: ='4'!Z25 -> 1400 | S17: ='4'!AB25 -> 80.664726 | T17: ='4'!Y25 -> 3206 | U17: =IF('4'!AA25=1,'4'!AR6,'4'!AR7) -> S.A.L | V17: =ESCALA!$C$6 -> 0 | X17: 0.5 | Y17: 3167 | Z17: 1400 | AA17: 1 | AB17: =IF('4'!AA17=1,(('4'!Z17*'4'!$AS$6*'4'!$AT$6)/('4'!Y17*0.0036)),IF('4'!AA17=2,(('4'!Z17*'4'!$AS$7*'4'!$AT$7)/('4'!Y17*0.0036)))) -> 81.658071 | AD17: =(('4'!AC17*'4'!$Q$10*1000000))/('4'!Y17*3600) -> 0 | AF17: =('4'!AE17/24)*0.454 -> 0 | AH17: =('4'!AG17/24)*0.454 -> 0 | AI17: 3500 | AJ17: =('4'!AI17/24)*0.454 -> 66.208333 | AL17: =('4'!AK17/24)*0.454 -> 0 | AN17: =('4'!AM17/24)*0.454 -> 0 | AP17: =('4'!AO17/24)*0.454 -> 0
A18: 0.91666667 | B18: 249 | C18: 17 | D18: 17 | E18: 10 | F18: 63 | G18: 2.3 | H18: 2.5 | I18: 1 | J18: 1.1 | K18: 6.7 | L18: 6.2 | M18: 6.2 | N18: 6 | O18: 3 | R18: ='4'!Z27 -> 1400 | S18: ='4'!AB27 -> 81.324249 | T18: ='4'!Y27 -> 3180 | U18: =IF('4'!AA27=1,'4'!AR6,'4'!AR7) -> S.A.L | X18: 0.54166667 | Y18: 3130 | Z18: 1400 | AA18: 1 | AB18: =IF('4'!AA18=1,(('4'!Z18*'4'!$AS$6*'4'!$AT$6)/('4'!Y18*0.0036)),IF('4'!AA18=2,(('4'!Z18*'4'!$AS$7*'4'!$AT$7)/('4'!Y18*0.0036)))) -> 82.623358 | AD18: =(('4'!AC18*'4'!$Q$10*1000000))/('4'!Y18*3600) -> 0 | AF18: =('4'!AE18/24)*0.454 -> 0 | AH18: =('4'!AG18/24)*0.454 -> 0 | AI18: 3500 | AJ18: =('4'!AI18/24)*0.454 -> 66.208333 | AL18: =('4'!AK18/24)*0.454 -> 0 | AN18: =('4'!AM18/24)*0.454 -> 0 | AP18: =('4'!AO18/24)*0.454 -> 0
A19: Média | B19: {=IF('3'!B7:B18>0.01,AVERAGE('3'!B7:B18),"")} -> 235.66667 | C19: {=IF('3'!C7:C18>0.01,AVERAGE('3'!C7:C18),"")} -> 18.666667 | D19: {=IF('3'!D7:D18>0.01,AVERAGE('3'!D7:D18),"")} -> 17.5 | E19: {=IF('3'!E7:E18>0.01,AVERAGE('3'!E7:E18),"")} -> 9.6666667 | F19: {=IF('3'!F7:F18>0.01,AVERAGE('3'!F7:F18),"")} -> 59.583333 | G19: {=IF('3'!G7:G18>0.01,AVERAGE('3'!G7:G18),"")} -> 2.8166667 | H19: {=IF('3'!H7:H18>0.01,AVERAGE('3'!H7:H18),"")} -> 1.9166667 | I19: {=IF('3'!I7:I18>0.01,AVERAGE('3'!I7:I18),"")} -> 1.1833333 | ... O19: {=IF('3'!O7:O18>0.01,AVERAGE('3'!O7:O18),"")} -> 3.3083333 | P19: {=IF('2'!P7:P18>0.01,AVERAGE('2'!P7:P18),"")} | Q19: {=IF('2'!Q7:Q18>0.01,AVERAGE('2'!Q7:Q18),"")} | R19: {=IF('4'!R7:R18>0.01,AVERAGE('4'!R7:R18),"")} -> 1400 | S19: {=IF('4'!S7:S18>0.01,AVERAGE('4'!S7:S18),"")} -> 81.151684 | X19: 0.58333333 | Y19: 3201 | Z19: 1400 | AA19: 1 | AB19: =IF('4'!AA19=1,(('4'!Z19*'4'!$AS$6*'4'!$AT$6)/('4'!Y19*0.0036)),IF('4'!AA19=2,(('4'!Z19*'4'!$AS$7*'4'!$AT$7)/('4'!Y19*0.0036)))) -> 80.790725 | AD19: =(('4'!AC19*'4'!$Q$10*1000000))/('4'!Y19*3600) -> 0 | AF19: =('4'!AE19/24)*0.454 -> 0 | AH19: =('4'!AG19/24)*0.454 -> 0 | AI19: 4000 | AJ19: =('4'!AI19/24)*0.454 -> 75.666667 | AL19: =('4'!AK19/24)*0.454 -> 0 | AN19: =('4'!AM19/24)*0.454 -> 0 | AP19: =('4'!AO19/24)*0.454 -> 0
A20: Máximo | B20: =MAX(B7:B18) -> 249 | C20: =MAX(C7:C18) -> 18 | D20: =MAX(D7:D18) -> 18 | E20: =MAX(E7:E18) -> 10 | F20: =MAX('5'!F7:F18) -> 66 | G20: =MAX('5'!G7:G18) -> 2.4 | H20: =MAX('5'!H7:H18) -> 2.6 | I20: =MAX('5'!I7:I18) -> 0 | J20: =MAX('5'!J7:J18) -> 1.4 | K20: =MAX('5'!K7:K18) -> 6.8 | L20: =MAX('5'!L7:L18) -> 6.2 | M20: =MAX('5'!M7:M18) -> 6.2 | N20: =MAX('5'!N7:N18) -> 0 | O20: =MAX('4'!O7:O18) -> 3.5 | P20: =MAX('5'!P7:P18) -> 0 | Q20: =MAX('5'!Q7:Q18) -> 0 | R20: =MAX('4'!R7:R18) -> 1400 | S20: =MAX('4'!S7:S18) -> 81.761338 | X20: 0.625 | Y20: 3166 | Z20: 1400 | AA20: 1 | AB20: =IF('4'!AA20=1,(('4'!Z20*'4'!$AS$6*'4'!$AT$6)/('4'!Y20*0.0036)),IF('4'!AA20=2,(('4'!Z20*'4'!$AS$7*'4'!$AT$7)/('4'!Y20*0.0036)))) -> 81.683863 | AD20: =(('4'!AC20*'4'!$Q$10*1000000))/('4'!Y20*3600) -> 0 | AF20: =('4'!AE20/24)*0.454 -> 0 | AH20: 0 | AI20: 4000 | AJ20: =('4'!AI20/24)*0.454 -> 75.666667 | AL20: =('4'!AK20/24)*0.454 -> 0 | AN20: =('4'!AM20/24)*0.454 -> 0 | AP20: =('4'!AO20/24)*0.454 -> 0
A21: Mínimo | B21: =MIN('4'!B7:B18) -> 210 | C21: =MIN('4'!C7:C18) -> 15 | D21: =MIN('4'!D7:D18) -> 15 | E21: =MIN('4'!E7:E18) -> 8 | F21: =MIN('4'!F7:F18) -> 52 | G21: =MIN('4'!G7:G18) -> 1.9 | H21: =MIN('4'!H7:H18) -> 1.5 | I21: =MIN('4'!I7:I18) -> 0.8 | ... S21: =MIN('4'!S7:S18) -> 80.664726 | X21: 0.66666667 | Y21: 3184 | Z21: 1400 | AA21: 1 | AB21: =IF('4'!AA21=1,(('4'!Z21*'4'!$AS$6*'4'!$AT$6)/('4'!Y21*0.0036)),IF('4'!AA21=2,(('4'!Z21*'4'!$AS$7*'4'!$AT$7)/('4'!Y21*0.0036)))) -> 81.222083 | AD21: =(('4'!AC21*'4'!$Q$10*1000000))/('4'!Y21*3600) -> 0 | AF21: =('4'!AE21/24)*0.454 -> 0 | AH21: =('4'!AG21/24)*0.454 -> 0 | AI21: 4000 | AJ21: =('4'!AI21/24)*0.454 -> 75.666667 | AL21: =('4'!AK21/24)*0.454 -> 0 | AN21: =('4'!AM21/24)*0.454 -> 0 | AP21: =('4'!AO21/24)*0.454 -> 0
R22: Total | X22: 0.70833333 | Y22: 3199 | Z22: 1400 | AA22: 1 | AB22: =IF('4'!AA22=1,(('4'!Z22*'4'!$AS$6*'4'!$AT$6)/('4'!Y22*0.0036)),IF('4'!AA22=2,(('4'!Z22*'4'!$AS$7*'4'!$AT$7)/('4'!Y22*0.0036)))) -> 80.841235 | AD22: =(('4'!AC22*'4'!$Q$10*1000000))/('4'!Y22*3600) -> 0 | AF22: =('4'!AE22/24)*0.454 -> 0 | AH22: =('4'!AG22/24)*0.454 -> 0 | AI22: 4000 | AJ22: =('4'!AI22/24)*0.454 -> 75.666667 | AL22: =('4'!AK22/24)*0.454 -> 0 | AN22: =('4'!AM22/24)*0.454 -> 0 | AP22: =('4'!AO22/24)*0.454 -> 0
A23: TURBIDEZ DOS FILTROS DA 1ª E 2ª ETAPAS | R23: 440 | S23: Litros | X23: 0.75 | Y23: 3200 | Z23: 1400 | AA23: 1 | AB23: =IF('4'!AA23=1,(('4'!Z23*'4'!$AS$6*'4'!$AT$6)/('4'!Y23*0.0036)),IF('4'!AA23=2,(('4'!Z23*'4'!$AS$7*'4'!$AT$7)/('4'!Y23*0.0036)))) -> 80.815972 | AD23: =(('4'!AC23*'4'!$Q$10*1000000))/('4'!Y23*3600) -> 0 | AF23: =('4'!AE23/24)*0.454 -> 0 | AH23: =('4'!AG23/24)*0.454 -> 0 | AI23: 4000 | AJ23: =('4'!AI23/24)*0.454 -> 75.666667 | AL23: =('4'!AK23/24)*0.454 -> 0 | AN23: =('4'!AM23/24)*0.454 -> 0 | AP23: =('4'!AO23/24)*0.454 -> 0
A24: HORA | B24: 1 | C24: 2 | D24: 3 | E24: 4 | F24: 5 | G24: 6 | H24: 7 | I24: 8 | J24: 9 | K24: 10 | L24: 11 | M24: 12 | N24: 13 | O24: 14 | P24: 15 | Q24: 16 | R24: 0 | S24: Kilos | X24: 0.79166667 | Y24: 3184 | Z24: 1400 | AA24: 1 | AB24: =IF('4'!AA24=1,(('4'!Z24*'4'!$AS$6*'4'!$AT$6)/('4'!Y24*0.0036)),IF('4'!AA24=2,(('4'!Z24*'4'!$AS$7*'4'!$AT$7)/('4'!Y24*0.0036)))) -> 81.222083 | AD24: =(('4'!AC24*'4'!$Q$10*1000000))/('4'!Y24*3600) -> 0 | AF24: =('4'!AE24/24)*0.454 -> 0 | AH24: =('4'!AG24/24)*0.454 -> 0 | AI24: 4000 | AJ24: =('4'!AI24/24)*0.454 -> 75.666667 | AL24: =('4'!AK24/24)*0.454 -> 0 | AN24: =('4'!AM24/24)*0.454 -> 0 | AP24: =('4'!AO24/24)*0.454 -> 0
A25: 0.41666667 | B25: 0.98 | C25: 1.06 | D25: 1.12 | E25: 1.04 | F25: 0.98 | G25: * | H25: 1.21 | I25: 0.95 | J25: 0.99 | K25: 1.04 | L25: 1.02 | M25: 1.1 | N25: 1.07 | O25: 0.84 | P25: 0.89 | Q25: * | R25: =#DIV/0! -> #DIV/0! | T25: DATA | U25: =ESCALA!$A$6 -> 43925 | X25: 0.83333333 | Y25: 3206 | Z25: 1400 | AA25: 1 | AB25: =IF('4'!AA25=1,(('4'!Z25*'4'!$AS$6*'4'!$AT$6)/('4'!Y25*0.0036)),IF('4'!AA25=2,(('4'!Z25*'4'!$AS$7*'4'!$AT$7)/('4'!Y25*0.0036)))) -> 80.664726 | AD25: =(('4'!AC25*'4'!$Q$10*1000000))/('4'!Y25*3600) -> 0 | AF25: =('4'!AE25/24)*0.454 -> 0 | AH25: =('4'!AG25/24)*0.454 -> 0 | AI25: 4000 | AJ25: =('4'!AI25/24)*0.454 -> 75.666667 | AL25: =('4'!AK25/24)*0.454 -> 0 | AN25: =('4'!AM25/24)*0.454 -> 0 | AP25: =('4'!AO25/24)*0.454 -> 0
A26: 0.66666667 | R26: =#DIV/0! -> #DIV/0! | X26: 0.875 | Y26: 3185 | Z26: 1400 | AA26: 1 | AB26: =IF('4'!AA26=1,(('4'!Z26*'4'!$AS$6*'4'!$AT$6)/('4'!Y26*0.0036)),IF('4'!AA26=2,(('4'!Z26*'4'!$AS$7*'4'!$AT$7)/('4'!Y26*0.0036)))) -> 81.196581 | AD26: =(('4'!AC26*'4'!$Q$10*1000000))/('4'!Y26*3600) -> 0 | AF26: =('4'!AE26/24)*0.454 -> 0 | AH26: =('4'!AG26/24)*0.454 -> 0 | AI26: 4000 | AJ26: =('4'!AI26/24)*0.454 -> 75.666667 | AL26: =('4'!AK26/24)*0.454 -> 0 | AN26: =('4'!AM26/24)*0.454 -> 0 | AP26: =('4'!AO26/24)*0.454 -> 0
A27: Média | B27: =#DIV/0! -> #DIV/0! | C27: =#DIV/0! -> #DIV/0! | D27: =#DIV/0! -> #DIV/0! | E27: =#DIV/0! -> #DIV/0! | F27: =#DIV/0! -> #DIV/0! | G27: =#DIV/0! -> #DIV/0! | H27: =#DIV/0! -> #DIV/0! | I27: =#DIV/0! -> #DIV/0! | ... Q27: =#DIV/0! -> #DIV/0! | X27: 0.91666667 | Y27: 3180 | Z27: 1400 | AA27: 1 | AB27: =IF('4'!AA27=1,(('4'!Z27*'4'!$AS$6*'4'!$AT$6)/('4'!Y27*0.0036)),IF('4'!AA27=2,(('4'!Z27*'4'!$AS$7*'4'!$AT$7)/('4'!Y27*0.0036)))) -> 81.324249 | AD27: =(('4'!AC27*'4'!$Q$10*1000000))/('4'!Y27*3600) -> 0 | AF27: =('4'!AE27/24)*0.454 -> 0 | AH27: =('4'!AG27/24)*0.454 -> 0 | AI27: 4000 | AJ27: =('4'!AI27/24)*0.454 -> 75.666667 | AL27: =('4'!AK27/24)*0.454 -> 0 | AN27: =('4'!AM27/24)*0.454 -> 0 | AP27: =('4'!AO27/24)*0.454 -> 0
A28: OBSERVAÇÕES | X28: 0.95833333 | Y28: 3171 | Z28: 1400 | AA28: 1 | AB28: =IF('4'!AA28=1,(('4'!Z28*'4'!$AS$6*'4'!$AT$6)/('4'!Y28*0.0036)),IF('4'!AA28=2,(('4'!Z28*'4'!$AS$7*'4'!$AT$7)/('4'!Y28*0.0036)))) -> 81.555065 | AD28: =(('4'!AC28*'4'!$Q$10*1000000))/('4'!Y28*3600) -> 0 | AF28: =('4'!AE28/24)*0.454 -> 0 | AH28: =('4'!AG28/24)*0.454 -> 0 | AI28: 4000 | AJ28: =('4'!AI28/24)*0.454 -> 75.666667 | AL28: =('4'!AK28/24)*0.454 -> 0 | AN28: =('4'!AM28/24)*0.454 -> 0 | AP28: =('4'!AO28/24)*0.454 -> 0
X29: 1 | Y29: 3190 | Z29: 1400 | AA29: 1 | AB29: =IF('4'!AA29=1,(('4'!Z29*'4'!$AS$6*'4'!$AT$6)/('4'!Y29*0.0036)),IF('4'!AA29=2,(('4'!Z29*'4'!$AS$7*'4'!$AT$7)/('4'!Y29*0.0036)))) -> 81.069314 | AD29: =(('4'!AC29*'4'!$Q$10*1000000))/('4'!Y29*3600) -> 0 | AF29: =('4'!AE29/24)*0.454 -> 0 | AH29: =('4'!AG29/24)*0.454 -> 0 | AI29: 4000 | AJ29: =('4'!AI29/24)*0.454 -> 75.666667 | AL29: =('4'!AK29/24)*0.454 -> 0 | AN29: =('4'!AM29/24)*0.454 -> 0 | AP29: =('4'!AO29/24)*0.454 -> 0
X30: Total | Y30: =SUM('4'!Y6:Y29)*3.6 -> 275245.2 | Z30: =SUM('4'!Z6:Z29) -> 33600 | AF30: =SUM('4'!AF6:AF29) -> #VALUE! | AH30: =SUM('4'!AH6:AH29) -> 0 | AJ30: =SUM('4'!AJ6:AJ29) -> 1633.4542 | AL30: =SUM('4'!AL6:AL29) -> 0 | AN30: =SUM('4'!AN6:AN29) -> 0 | AP30: =SUM('4'!AP6:AP29) -> 0
X32: S.A.L (l) - (kg) | Z32: =SUMIF('4'!AA6:AA29,"=1",'4'!Z6:Z29) -> 33600 | AA32: ='4'!Z32*'4'!AS6 -> 44688 | AB32: =SUMIF('4'!$AA$6:$AA$29,"=1",'4'!$AB$6:$AB$29)/COUNTIF('4'!$AA$6:$AA$29,"=1") -> 81.181692 | AC32: =SUMIF('4'!AA6:AA29,"=1",'4'!AC6:AC29) -> 0
X33: PAC 18 (l) - (kg) | Z33: =SUMIF('4'!AA6:AA29,"=2",'4'!Z6:Z29) -> 0 | AA33: ='4'!Z33*'4'!AS7 -> 0 | AB33: =SUMIF('4'!$AA$6:$AA$29,"=2",'4'!$AB$6:$AB$29)/COUNTIF('4'!$AA$6:$AA$29,"=2") -> #DIV/0! | AC33: =SUMIF('4'!AA6:AA29,"=2",'4'!AC6:AC29) -> 0
X34: Média | Y34: =AVERAGE('4'!Y6:Y29) -> 3185.7083 | Z34: =AVERAGE('4'!Z6:Z29) -> 1400 | AC34: =SUM('4'!AC6:AC29)/COUNTIF('4'!AC6:AC29,"<>0") -> 0 | AD34: =SUM('4'!AD6:AD29)/COUNTIF('4'!AD6:AD29,"<>0") -> #DIV/0! | AF34: =AVERAGE('4'!AF6:AF29) -> #VALUE! | AH34: =AVERAGE('4'!AH6:AH29) -> 0 | AJ34: ='4'!AJ30/24 -> 68.06059 | AL34: =AVERAGE('4'!AL6:AL29) -> 0 | AN34: =AVERAGE('4'!AN6:AN29) -> 0 | AP34: =AVERAGE('4'!AP6:AP29) -> 0
C35: Alcalinidade (mg/L) | F35: Ferro (mg/L) | I35: Manganês (mg/L) | L35: Alumínio (mg/L) | U35: TÉCNICO | X35: Decantadores | AA35: Filtros | AC35: Decantadores 2ª etapa | AJ35: CLORAÇÃO INTERMEDIÁRIA | AO35: PÓS CLORAÇÃO
B36: HORA | C36: Bruta | D36: Dec. | E36: Trat (R-3) | F36: Bruta | G36: Filt. | H36: Trat (R-3) | I36: Bruta | J36: Filt. | K36: Trat (R-3) | L36: Trat (R-3) | X36: Lavados | Y36: 1 | AA36: Lavados | AB36: 6 | AC36: Descargas | AD36: 4
B37: 0.33333333 | C37: 48.2 | D37: 28.1 | E37: 18.1 | F37: 1.8 | G37: 0.2 | H37: 0.1 | I37: 0.15 | J37: 0.06 | K37: 0.03 | L37: 0.15 | U37: ='4'!V12 -> 0 | X37: HORAS OPERANDO | Z37: =COUNTA('4'!Z6:Z29) -> 24 | AC37: Tempo de duração | AD37: 60’ | AJ37: CARRETA | AL37: CILINDROS | AO37: CARRETA | AQ37: CILINDROS
B38: 0.66666667 | AJ38: CONSUMO | AK38: =SUM('4'!AF30+'4'!AH30)*1.0561 -> #VALUE! | AL38: CONSUMO | AM38: =SUM('4'!AL30+'4'!AN30)*1.0561 -> 0 | AO38: CONSUMO | AP38: ='4'!AJ30*1.0561 -> 1725.0909 | AQ38: CONSUMO | AR38: ='4'!AP30*1.0561 -> 0
A39: Nº amostras de água TRATADA | C39: Nº amostras de água FILTRADA | E39: Nº amostras de água tratada/filtrada FORA DO PADRÃO | J39: Nº amostras de água tratada/filtrada no PADRÃO | O39: Nº de amostras com turbidez menor ou igual a 0,5 NTU | R39: ÁGUA FILTRADA | S39: Nº de amostras com turbidez menor ou igual a 1,0 NTU | AJ39: DOSAGEM | AK39: =('4'!AK38/'4'!Y30)*1000 -> #VALUE! | AL39: DOSAGEM | AM39: =('4'!AM38/'4'!Y30)*1000 -> 0 | AO39: DOSAGEM | AP39: =('4'!AP38/'4'!Y30)*1000 -> 6.2674697 | AQ39: DOSAGEM | AR39: =('4'!AR38/'4'!Y30)*1000 -> 0
A40: COR | B40: TURBIDEZ | C40: TURBIDEZ | E40: COR | G40: TURBIDEZ | J40: COR | L40: TURBIDEZ | X40: ESTOQUE DE COAGULANTE | AJ40: Consumo Total | AL40: =SUM('4'!AK38,'4'!AM38) -> #VALUE! | AO40: Consumo Total | AQ40: =SUM('4'!AP38,'4'!AR38) -> 1725.0909
A41: =COUNTA('4'!E7:E18) -> 12 | B41: =COUNTA('4'!I7:I18) -> 12 | C41: =COUNTA('4'!J7:J18) -> 12 | D41: =COUNTA('4'!K7:K18) -> 12 | E41: =COUNTIF('4'!E7:E18,">15") -> 0 | G41: =COUNTIF('4'!J7:J18,">1") -> 8 | J41: ='4'!A41-'4'!E41 -> 12 | L41: ='4'!C41-'4'!G41 -> 4 | O41: =COUNTIF('4'!J7:J18,"<=0,5") -> 0 | S41: =COUNTIF('4'!J7:J18,"<=1,0") -> 4 | AJ41: Dosagem Final | AL41: =SUM(('4'!AK38+'4'!AM38)/'4'!Y30)*1000 -> #VALUE! | AO41: Dosagem Final | AQ41: =SUM(('4'!AP38+'4'!AR38)/'4'!Y30)*1000 -> 6.2674697
O42: ÁGUA FILTRATADA | X42: SULFATO DE ALUMÍNIO
H43: Nº de amostras água tratada com turbidez <= 5,0 NTU | L43: Nº de amostras água tratada para aluminio | Q43: Nº de amostras com turbidez entre 0,5 e 1,0 NTU | X43: TINA 01 | Z43: TINA 02 | AB43: TINA 03 | AD43: TANQUE
X44: ALTURA | Y44: 81 | Z44: ALTURA | AA44: 0 | AB44: ALTURA | AC44: 136 | AF44: Volume total (L) | AG44: =SUM(Y45,AA45,AC45,AE45) -> 248556.5 | AI44: CONSUMO DE SULFATO DE ALUMÍNIO ÀS 24:00hs
H45: =COUNTIF('4'!I7:I18,"<=5,0") -> 12 | L45: =COUNTA('4'!L37) -> 1 | Q45: ='4'!S41-'4'!O41 -> 4 | X45: VOLUME | Y45: ='4'!Y44*275.3 -> 22299.3 | Z45: VOLUME | AA45: =262.4*'4'!AA44 -> 0 | AB45: VOLUME | AC45: ='4'!AC44*277.7 -> 37767.2 | AD45: VOLUME | AE45: 188490 | AI45: TINA 01 | AK45: TINA 02 | AM45: TINA 03
X46: Densidade | Y46: ='4'!AS6 -> 1.33 | Z46: Densidade | AA46: ='4'!Y46 -> 1.33 | AB46: Densidade | AC46: ='4'!Y46 -> 1.33 | AD46: Densidade | AE46: ='4'!Y46 -> 1.33 | AF46: Peso Total (Kg) | AG46: =SUM('4'!Y47,'4'!AA47,'4'!AC47,'4'!AE47) -> 330580.15 | AI46: ALTURA | AK46: ALTURA | AM46: ALTURA
O47: ÁGUA TRATADA - CLORO RESIDUAL | X47: Peso(Kg) | Y47: ='4'!Y45*'4'!Y46 -> 29658.069 | Z47: Peso(Kg) | AA47: ='4'!AA45*'4'!AA46 -> 0 | AB47: Peso(Kg) | AC47: ='4'!AC45*'4'!AC46 -> 50230.376 | AD47: Peso(Kg) | AE47: ='4'!AE45*'4'!AE46 -> 250691.7 | AI47: VOLUME | AJ47: ='4'!AJ46*275.3 -> 0 | AK47: VOLUME | AL47: =262.4*'4'!AL46 -> 0 | AM47: VOLUME | AN47: ='4'!AN46*277.7 -> 0
AD48: 0 | AI48: Densidade | AJ48: ='4'!Y46 -> 1.33 | AK48: Densidade | AL48: ='4'!AJ48 -> 1.33 | AM48: Densidade | AN48: ='4'!AJ48 -> 1.33
O49: Nº de amostras de água tratada para cloro residual | R49: Nº de amostras de água tratada dentro dos padrões de cloro residual | AI49: Peso(Kg) | AJ49: ='4'!AJ47*'4'!AJ48 -> 0 | AK49: Peso(Kg) | AL49: ='4'!AL47*'4'!AL48 -> 0 | AM49: Peso(Kg) | AN49: ='4'!AN47*'4'!AN48 -> 0
X50: PAC - 18
O51: =COUNTA('4'!O7:O18) -> 12 | P51: =COUNTA('4'!W17:W28) -> 0 | R51: =COUNTIF('4'!O7:O18,">=0,5") -> 12 | X51: TINA 01 | Z51: TINA 02 | AB51: TINA 03 | AD51: TANQUE | AI51: CONSUMO DE PAC ÀS 24:00hs
X52: ALTURA | Z52: ALTURA | AB52: ALTURA | AF52: Volume total (L) | AG52: =SUM('4'!Y53,'4'!AA53,'4'!AC53,'4'!AE53) -> 0 | AI52: TINA 01 | AK52: TINA 02 | AM52: TINA 03
O53: ÁGUA TRATADA - PH | X53: VOLUME | Y53: ='4'!Y52*275.3 -> 0 | Z53: VOLUME | AA53: =262.4*'4'!AA52 -> 0 | AB53: VOLUME | AC53: ='4'!AC52*277.7 -> 0 | AD53: VOLUME | AI53: ALTURA | AJ53: 0 | AK53: ALTURA | AM53: ALTURA
X54: Densidade | Y54: ='4'!AS7 -> 1.377 | Z54: Densidade | AA54: ='4'!Y54 -> 1.377 | AB54: Densidade | AC54: ='4'!Y54 -> 1.377 | AD54: Densidade | AE54: ='4'!Y54 -> 1.377 | AF54: Peso Total (Kg) | AG54: =SUM('4'!Y55,'4'!AA55,'4'!AC55,'4'!AE55) -> 0 | AI54: VOLUME | AJ54: ='4'!AJ53*275.3 -> 0 | AK54: VOLUME | AL54: =262.4*'4'!AL53 -> 0 | AM54: VOLUME | AN54: ='4'!AN53*277.7 -> 0
O55: Nº de amostras de água tratada para PH | R55: Nº de amostras de água tratada dentro dos padrões de PH | X55: Peso(Kg) | Y55: ='4'!Y53*'4'!Y54 -> 0 | Z55: Peso(Kg) | AA55: ='4'!AA53*'4'!AA54 -> 0 | AB55: Peso(Kg) | AC55: ='4'!AC53*'4'!AC54 -> 0 | AD55: Peso(Kg) | AE55: ='4'!AE53*'4'!AE54 -> 0 | AI55: Densidade | AJ55: ='4'!Y54 -> 1.377 | AK55: Densidade | AL55: ='4'!AJ55 -> 1.377 | AM55: Densidade | AN55: ='4'!AJ55 -> 1.377
AI56: Peso(Kg) | AJ56: ='4'!AJ54*'4'!AJ55 -> 0 | AK56: Peso(Kg) | AL56: ='4'!AL54*'4'!AL55 -> 0 | AM56: Peso(Kg) | AN56: ='4'!AN54*'4'!AN55 -> 0
O57: =COUNTA('4'!N7:N18) -> 12 | R57: =COUNTIF('4'!N7:N18,">=6") -> 12
X58: ESTOQUE DE CLORO
O59: ÁGUA TRATADA - PH | AI59: CONTROLE DIÁRIO DO CONSUMO DE COAGULANTE
X60: Carretas com Cloro | AB60: Cilindros com Cloro | AI60: CLORETO DE POLIALUMÍNIO | AN60: SULFATO DE ALUMÍNIO
O61: Nº de amostras de água tratada para PH | R61: Nº de amostras de água tratada dentro dos padrões de PH | AI61: CONSUMO REAL | AL61: ='4'!AJ56+'4'!AL56+'4'!AN56 -> 0 | AN61: CONSUMO REAL | AQ61: ='4'!AJ49+'4'!AL49+'4'!AN49 -> 0
X62: Recebido | AB62: Recebido | AI62: CONSUMO TEÓRICO | AL62: =AA33 -> 0 | AN62: CONSUMO TEÓRICO | AQ62: ='4'!AA32 -> 44688
O63: =COUNTA('4'!N7:N18) -> 12 | R63: =COUNTIF('4'!N7:N18,">=6") -> 12 | X63: Peso(kg) | Y63: 0 | AB63: Peso(kg) | AC63: 0 | AI63: DIFERENÇA | AL63: ='4'!AL61-'4'!AL62 -> 0 | AN63: DIFERENÇA | AQ63: ='4'!AQ61-'4'!AQ62 -> -44688
X64: correção
X65: Saldo anterior (kg) | Y65: ='3'!$Y$68 -> -4869.15 | AB65: Saldo anterior (kg) | AC65: ='3'!AC$68 -> 0
X66: Consumido | AB66: Consumido
X67: Peso(kg) | Y67: =SUM('4'!AK38,'4'!AP38) -> #VALUE! | AB67: Peso(kg) | AC67: =SUM('4'!AM38,'4'!AR38) -> 0
X68: Saldo(kg) | Y68: =SUM('4'!Y63,'4'!Y65)-'4'!Y67-'4'!Y64 -> #VALUE! | AB68: Saldo(kg) | AC68: =SUM('4'!AC63,'4'!AC65)-'4'!AC67 -> 0

Sheet 5
D2: CONTROLE DE ANÁLISE FÍSICO - QUÍMICAS \ ETA CASTELO BRANCO | AB2: CONTROLE DE PRODUTOS QUÍMICOS APLICADOS \ ETA CASTELO BRANCO
A4: HORA | B4: COR (Uc) | F4: TURBIDEZ (Ut) | K4: Ph | O4: CLORO RESIDUAL (mg/L) | R4: DOSAGEM DO COAGULANTE | T4: VAZÃO DA ETA | U4: TIPO DE COAGULANTE | V4: TÉCNICO | X4: Hora | Y4: Vazão ETA (l/s) | Z4: Vazão Coagulante (l/h) | AA4: Código | AB4: Dosagem (mg/l) | AC4: Vazão Polímero (l/h) | AD4: Dosagem (mg/l) | AE4: Pré 1 (Lib/dia) | AF4: Pré 1 (Kg/h) | AG4: Pré 2 (Lib/dia) | AH4: Pré 2 (Kg/h) | AI4: Pós (Lib/dia) | AJ4: Pós (Kg/h) | AK4: Pré 1 (Lib/dia) cilindros | AL4: Pré 1 (Kg/h) cilindros | AM4: Pré 2 (Lib/dia) cilindros | AN4: Pré 2 (Kg/h) cilindros | AO4: Pós (Lib/dia) cilindros | AP4: Pós (Kg/h) cilindros | AQ4: COAGULANTE | AU4: Tempo de Utilização (h)
AQ5: Codigo | AR5: Nome | AS5: d (g/ml) | AT5: C (%)
B6: Bruta | C6: DEC_1 | D6: DEC_2 | E6: TRAT | F6: Bruta | G6: DEC_1 | H6: DEC_2 | I6: TRAT | J6: FILT | K6: Bruta | L6: DEC_1 | M6: DEC_2 | N6: TRAT | O6: TRAT | P6: DEC_1 | Q6: DEC_2 | R6: L/h | S6: mg/l | T6: L/s | X6: 0.041666667 | Y6: 3204 | Z6: 1400 | AA6: 1 | AB6: =IF('5'!AA6=1,(('5'!Z6*'5'!$AS$6*'5'!$AT$6)/('5'!Y6*0.0036)),IF('5'!AA6=2,(('5'!Z6*'5'!$AS$7*'5'!$AT$7)/('5'!Y6*0.0036)))) -> 80.715078 | AD6: =(('5'!AC6*'5'!$Q$10*1000000))/('5'!Y6*3600) -> 0 | AF6: =('5'!AE6/24)*0.454 -> 0 | AH6: =('5'!AG6/24)*0.454 -> 0 | AI6: 3500 | AJ6: =('5'!AI6/24)*0.454 -> 66.208333 | AL6: =('5'!AK6/24)*0.454 -> 0 | AN6: =('5'!AM6/24)*0.454 -> 0 | AP6: =('5'!AO6/24)*0.454 -> 0 | AQ6: 1 | AR6: S.A.L | AS6: 1.33 | AT6: 0.5 | AU6: 0
A7: 0 | B7: 246 | C7: 17 | D7: 18 | F7: 66 | G7: 2.3 | H7: 2.5 | J7: 1.2 | K7: 6.7 | L7: 6.2 | M7: 6.2 | O7: 3 | R7: ='4'!$Z$29 -> 1400 | S7: ='4'!$AB$29 -> 81.069314 | T7: ='4'!$Y$29 -> 3190 | U7: =IF('5'!AA6=1,'5'!AR6,'5'!AR7) -> S.A.L | V7: =ESCALA!$B$6 -> 0 | X7: 0.083333333 | Y7: 3172 | Z7: 1400 | AA7: 1 | AB7: =IF('5'!AA7=1,(('5'!Z7*'5'!$AS$6*'5'!$AT$6)/('5'!Y7*0.0036)),IF('5'!AA7=2,(('5'!Z7*'5'!$AS$7*'5'!$AT$7)/('5'!Y7*0.0036)))) -> 81.529354 | AD7: =(('5'!AC7*'5'!$Q$10*1000000))/('5'!Y7*3600) -> 0 | AF7: =('5'!AE7/24)*0.454 -> 0 | AH7: =('5'!AG7/24)*0.454 -> 0 | AI7: 3500 | AJ7: =('5'!AI7/24)*0.454 -> 66.208333 | AL7: =('5'!AK7/24)*0.454 -> 0 | AN7: =('5'!AM7/24)*0.454 -> 0 | AP7: =('5'!AO7/24)*0.454 -> 0 | AQ7: 2 | AR7: PAC 18 | AS7: 1.377 | AT7: 1 | AU7: 24
A8: 0.083333333 | B8: 245 | C8: 19 | D8: 20 | F8: 64 | G8: 2.3 | H8: 2.5 | J8: 1.3 | K8: 6.7 | L8: 6.2 | M8: 6.2 | O8: 3 | R8: ='5'!Z7 -> 1400 | S8: ='5'!AB7 -> 81.529354 | T8: ='5'!Y7 -> 3172 | U8: =IF('5'!AA7=1,'5'!AR6,'5'!AR7) -> S.A.L | X8: 0.125 | Y8: 3164 | Z8: 1400 | AA8: 1 | AB8: =IF('5'!AA8=1,(('5'!Z8*'5'!$AS$6*'5'!$AT$6)/('5'!Y8*0.0036)),IF('5'!AA8=2,(('5'!Z8*'5'!$AS$7*'5'!$AT$7)/('5'!Y8*0.0036)))) -> 81.735497 | AD8: =(('5'!AC8*'5'!$Q$10*1000000))/('5'!Y8*3600) -> 0 | AF8: =('5'!AE8/24)*0.454 -> 0 | AH8: =('5'!AG8/24)*0.454 -> 0 | AI8: 3500 | AJ8: =('5'!AI8/24)*0.454 -> 66.208333 | AL8: =('5'!AK8/24)*0.454 -> 0 | AN8: =('5'!AM8/24)*0.454 -> 0 | AP8: =('5'!AO8/24)*0.454 -> 0 | AQ8: Polímero Catiônico
A9: 0.16666667 | B9: 242 | C9: 20 | D9: 21 | F9: 64 | G9: 2.4 | H9: 2.6 | J9: 1.4 | K9: 6.7 | L9: 6.2 | M9: 6.2 | O9: 3 | R9: ='5'!Z9 -> 1400 | S9: ='5'!AB9 -> 80.765494 | T9: ='5'!Y9 -> 3202 | U9: =IF('5'!AA9=1,'5'!AR6,'5'!AR7) -> S.A.L | X9: 0.16666667 | Y9: 3202 | Z9: 1400 | AA9: 1 | AB9: =IF('5'!AA9=1,(('5'!Z9*'5'!$AS$6*'5'!$AT$6)/('5'!Y9*0.0036)),IF('5'!AA9=2,(('5'!Z9*'5'!$AS$7*'5'!$AT$7)/('5'!Y9*0.0036)))) -> 80.765494 | AD9: =(('5'!AC9*'5'!$Q$10*1000000))/('5'!Y9*3600) -> 0 | AF9: =('5'!AE9/24)*0.454 -> 0 | AH9: =('5'!AG9/24)*0.454 -> 0 | AI9: 3500 | AJ9: =('5'!AI9/24)*0.454 -> 66.208333 | AL9: =('5'!AK9/24)*0.454 -> 0 | AN9: =('5'!AM9/24)*0.454 -> 0 | AP9: =('5'!AO9/24)*0.454 -> 0 | AQ9: Nome | AT9: C (%)
A10: 0.25 | B10: 240 | C10: 20 | D10: 21 | F10: 62 | G10: 2.4 | H10: 2.6 | J10: 1.4 | K10: 6.7 | L10: 6.2 | M10: 6.2 | O10: 3 | R10: ='5'!Z11 -> 1400 | S10: ='5'!AB11 -> 80.790725 | T10: ='5'!Y11 -> 3201 | U10: =IF('5'!AA11=1,'5'!AR6,'5'!AR7) -> S.A.L | X10: 0.20833333 | Y10: 3211 | Z10: 1400 | AA10: 1 | AB10: =IF('5'!AA10=1,(('5'!Z10*'5'!$AS$6*'5'!$AT$6)/('5'!Y10*0.0036)),IF('5'!AA10=2,(('5'!Z10*'5'!$AS$7*'5'!$AT$7)/('5'!Y10*0.0036)))) -> 80.539119 | AD10: =(('5'!AC10*'5'!$Q$10*1000000))/('5'!Y10*3600) -> 0 | AF10: =('5'!AE10/24)*0.454 -> 0 | AH10: =('5'!AG10/24)*0.454 -> 0 | AI10: 3500 | AJ10: =('5'!AI10/24)*0.454 -> 66.208333 | AL10: =('5'!AK10/24)*0.454 -> 0 | AN10: =('5'!AM10/24)*0.454 -> 0 | AP10: =('5'!AO10/24)*0.454 -> 0 | AQ10: Aguapol 200 | AT10: 0.002
A11: 0.33333333 | B11: 228 | C11: 16 | D11: 16 | F11: 60 | G11: 2.2 | H11: 1.6 | J11: 1 | K11: 6.8 | L11: 6.2 | M11: 6.2 | R11: ='5'!Z13 -> 1400 | S11: ='5'!AB13 -> 81.069314 | T11: ='5'!Y13 -> 3190 | U11: =IF('5'!AA13=1,'5'!AR6,'5'!AR7) -> S.A.L | X11: 0.25 | Y11: 3201 | Z11: 1400 | AA11: 1 | AB11: =IF('5'!AA11=1,(('5'!Z11*'5'!$AS$6*'5'!$AT$6)/('5'!Y11*0.0036)),IF('5'!AA11=2,(('5'!Z11*'5'!$AS$7*'5'!$AT$7)/('5'!Y11*0.0036)))) -> 80.790725 | AD11: =(('5'!AC11*'5'!$Q$10*1000000))/('5'!Y11*3600) -> 0 | AF11: =('5'!AE11/24)*0.454 -> 0 | AH11: =('5'!AG11/24)*0.454 -> 0 | AI11: 3500 | AJ11: =('5'!AI11/24)*0.454 -> 66.208333 | AL11: =('5'!AK11/24)*0.454 -> 0 | AN11: =('5'!AM11/24)*0.454 -> 0 | AP11: =('5'!AO11/24)*0.454 -> 0
A12: 0.41666667 | B12: 220 | C12: 15 | D12: 15 | F12: 57 | G12: 2 | H12: 1.4 | J12: 0.9 | K12: 6.8 | L12: 6.2 | M12: 6.2 | R12: ='5'!Z15 -> 1400 | S12: ='5'!AB15 -> 81.043908 | T12: ='5'!Y15 -> 3191 | U12: =IF('5'!AA15=1,'5'!AR6,'5'!AR7) -> S.A.L | V12: =ESCALA!$B$7 -> 0 | X12: 0.29166667 | Y12: 3206 | Z12: 1400 | AA12: 1 | AB12: =IF('5'!AA12=1,(('5'!Z12*'5'!$AS$6*'5'!$AT$6)/('5'!Y12*0.0036)),IF('5'!AA12=2,(('5'!Z12*'5'!$AS$7*'5'!$AT$7)/('5'!Y12*0.0036)))) -> 80.664726 | AD12: =(('5'!AC12*'5'!$Q$10*1000000))/('5'!Y12*3600) -> 0 | AF12: =('5'!AE12/24)*0.454 -> 0 | AH12: =('5'!AG12/24)*0.454 -> 0 | AI12: 3500 | AJ12: =('5'!AI12/24)*0.454 -> 66.208333 | AL12: =('5'!AK12/24)*0.454 -> 0 | AN12: =('5'!AM12/24)*0.454 -> 0 | AP12: =('5'!AO12/24)*0.454 -> 0
A13: 0.5 | B13: 224 | C13: 16 | D13: 15 | F13: 58 | G13: 2.1 | H13: 1.5 | J13: 1 | K13: 6.8 | L13: 6.2 | M13: 6.2 | R13: ='5'!Z17 -> 1400 | S13: ='5'!AB17 -> 80.942445 | T13: ='5'!Y17 -> 3195 | U13: =IF('5'!AA17=1,'5'!AR6,'5'!AR7) -> S.A.L | X13: 0.33333333 | Y13: 3190 | Z13: 1400 | AA13: 1 | AB13: =IF('5'!AA13=1,(('5'!Z13*'5'!$AS$6*'5'!$AT$6)/('5'!Y13*0.0036)),IF('5'!AA13=2,(('5'!Z13*'5'!$AS$7*'5'!$AT$7)/('5'!Y13*0.0036)))) -> 81.069314 | AD13: =(('5'!AC13*'5'!$Q$10*1000000))/('5'!Y13*3600) -> 0 | AF13: =('5'!AE13/24)*0.454 -> 0 | AH13: =('5'!AG13/24)*0.454 -> 0 | AI13: 3500 | AJ13: =('5'!AI13/24)*0.454 -> 66.208333 | AL13: =('5'!AK13/24)*0.454 -> 0 | AN13: =('5'!AM13/24)*0.454 -> 0 | AP13: =('5'!AO13/24)*0.454 -> 0
A14: 0.58333333 | B14: 230 | C14: 16 | D14: 14 | F14: 59 | G14: 2.2 | H14: 1.8 | J14: 1.2 | K14: 6.8 | L14: 6.2 | M14: 6.2 | R14: ='5'!Z19 -> 1400 | S14: ='5'!AB19 -> 80.639573 | T14: ='5'!Y19 -> 3207 | U14: =IF('5'!AA19=1,'5'!AR6,'5'!AR7) -> S.A.L | X14: 0.375 | Y14: 3173 | Z14: 1400 | AA14: 1 | AB14: =IF('5'!AA14=1,(('5'!Z14*'5'!$AS$6*'5'!$AT$6)/('5'!Y14*0.0036)),IF('5'!AA14=2,(('5'!Z14*'5'!$AS$7*'5'!$AT$7)/('5'!Y14*0.0036)))) -> 81.503659 | AD14: =(('5'!AC14*'5'!$Q$10*1000000))/('5'!Y14*3600) -> 0 | AF14: =('5'!AE14/24)*0.454 -> 0 | AH14: =('5'!AG14/24)*0.454 -> 0 | AI14: 3500 | AJ14: =('5'!AI14/24)*0.454 -> 66.208333 | AL14: =('5'!AK14/24)*0.454 -> 0 | AN14: =('5'!AM14/24)*0.454 -> 0 | AP14: =('5'!AO14/24)*0.454 -> 0
A15: 0.66666667 | B15: 228 | C15: 16 | D15: 14 | F15: 57 | G15: 2.3 | H15: 2 | J15: 1.3 | K15: 6.8 | L15: 6.2 | M15: 6.2 | R15: ='5'!Z21 -> 1400 | S15: ='5'!AB21 -> 81.34983 | T15: ='5'!Y21 -> 3179 | U15: =IF('5'!AA21=1,'5'!AR6,'5'!AR7) -> S.A.L | X15: 0.41666667 | Y15: 3191 | Z15: 1400 | AA15: 1 | AB15: =IF('5'!AA15=1,(('5'!Z15*'5'!$AS$6*'5'!$AT$6)/('5'!Y15*0.0036)),IF('5'!AA15=2,(('5'!Z15*'5'!$AS$7*'5'!$AT$7)/('5'!Y15*0.0036)))) -> 81.043908 | AD15: =(('5'!AC15*'5'!$Q$10*1000000))/('5'!Y15*3600) -> 0 | AF15: =('5'!AE15/24)*0.454 -> 0 | AH15: =('5'!AG15/24)*0.454 -> 0 | AI15: 3500 | AJ15: =('5'!AI15/24)*0.454 -> 66.208333 | AL15: =('5'!AK15/24)*0.454 -> 0 | AN15: =('5'!AM15/24)*0.454 -> 0 | AP15: =('5'!AO15/24)*0.454 -> 0
A16: 0.75 | B16: 234 | C16: 15 | D16: 13 | F16: 58 | G16: 2.3 | H16: 1.8 | J16: 1.2 | K16: 6.8 | L16: 6.2 | M16: 6.2 | R16: ='5'!Z23 -> 1400 | S16: ='5'!AB23 -> 81.094735 | T16: ='5'!Y23 -> 3189 | U16: =IF('5'!AA23=1,'5'!AR6,'5'!AR7) -> S.A.L | X16: 0.45833333 | Y16: 3191 | Z16: 1400 | AA16: 1 | AB16: =IF('5'!AA16=1,(('5'!Z16*'5'!$AS$6*'5'!$AT$6)/('5'!Y16*0.0036)),IF('5'!AA16=2,(('5'!Z16*'5'!$AS$7*'5'!$AT$7)/('5'!Y16*0.0036)))) -> 81.043908 | AD16: =(('5'!AC16*'5'!$Q$10*1000000))/('5'!Y16*3600) -> 0 | AF16: =('5'!AE16/24)*0.454 -> 0 | AH16: =('5'!AG16/24)*0.454 -> 0 | AI16: 3500 | AJ16: =('5'!AI16/24)*0.454 -> 66.208333 | AL16: =('5'!AK16/24)*0.454 -> 0 | AN16: =('5'!AM16/24)*0.454 -> 0 | AP16: =('5'!AO16/24)*0.454 -> 0
A17: 0.83333333 | B17: 239 | C17: 15 | D17: 13 | F17: 61 | G17: 2.2 | H17: 1.4 | J17: 1.2 | K17: 6.8 | L17: 6.2 | M17: 6.2 | R17: ='5'!Z25 -> 1400 | S17: ='5'!AB25 -> 80.891808 | T17: ='5'!Y25 -> 3197 | U17: =IF('5'!AA25=1,'5'!AR6,'5'!AR7) -> S.A.L | V17: =ESCALA!$C$7 -> 0 | X17: 0.5 | Y17: 3195 | Z17: 1400 | AA17: 1 | AB17: =IF('5'!AA17=1,(('5'!Z17*'5'!$AS$6*'5'!$AT$6)/('5'!Y17*0.0036)),IF('5'!AA17=2,(('5'!Z17*'5'!$AS$7*'5'!$AT$7)/('5'!Y17*0.0036)))) -> 80.942445 | AD17: =(('5'!AC17*'5'!$Q$10*1000000))/('5'!Y17*3600) -> 0 | AF17: =('5'!AE17/24)*0.454 -> 0 | AH17: =('5'!AG17/24)*0.454 -> 0 | AI17: 3500 | AJ17: =('5'!AI17/24)*0.454 -> 66.208333 | AL17: =('5'!AK17/24)*0.454 -> 0 | AN17: =('5'!AM17/24)*0.454 -> 0 | AP17: =('5'!AO17/24)*0.454 -> 0
A18: 0.91666667 | B18: 245 | C18: 14 | D18: 12 | F18: 64 | G18: 2.2 | H18: 1.2 | J18: 1.2 | K18: 6.8 | L18: 6.2 | M18: 6.2 | R18: ='5'!Z27 -> 1400 | S18: ='5'!AB27 -> 81.018519 | T18: ='5'!Y27 -> 3192 | U18: =IF('5'!AA27=1,'5'!AR6,'5'!AR7) -> S.A.L | X18: 0.54166667 | Y18: 3186 | Z18: 1400 | AA18: 1 | AB18: =IF('5'!AA18=1,(('5'!Z18*'5'!$AS$6*'5'!$AT$6)/('5'!Y18*0.0036)),IF('5'!AA18=2,(('5'!Z18*'5'!$AS$7*'5'!$AT$7)/('5'!Y18*0.0036)))) -> 81.171096 | AD18: =(('5'!AC18*'5'!$Q$10*1000000))/('5'!Y18*3600) -> 0 | AF18: =('5'!AE18/24)*0.454 -> 0 | AH18: =('5'!AG18/24)*0.454 -> 0 | AI18: 3500 | AJ18: =('5'!AI18/24)*0.454 -> 66.208333 | AL18: =('5'!AK18/24)*0.454 -> 0 | AN18: =('5'!AM18/24)*0.454 -> 0 | AP18: =('5'!AO18/24)*0.454 -> 0
A19: Média | B19: {=IF('5'!B7:B18>0.01,AVERAGE('5'!B7:B18),"")} -> 235.08333 | C19: {=IF('5'!C7:C18>0.01,AVERAGE('5'!C7:C18),"")} -> 16.583333 | D19: {=IF('5'!D7:D18>0.01,AVERAGE('5'!D7:D18),"")} -> 16 | E19: {=IF('5'!E7:E18>0.01,AVERAGE('5'!E7:E18),"")} | F19: {=IF('5'!F7:F18>0.01,AVERAGE('5'!F7:F18),"")} -> 60.833333 | G19: {=IF('5'!G7:G18>0.01,AVERAGE('5'!G7:G18),"")} -> 2.2416667 | H19: {=IF('5'!H7:H18>0.01,AVERAGE('5'!H7:H18),"")} -> 1.9083333 | I19: {=IF('5'!I7:I18>0.01,AVERAGE('5'!I7:I18),"")} | ... S19: {=IF('5'!S7:S18>0.01,AVERAGE('5'!S7:S18),"")} -> 81.017085 | X19: 0.58333333 | Y19: 3207 | Z19: 1400 | AA19: 1 | AB19: =IF('5'!AA19=1,(('5'!Z19*'5'!$AS$6*'5'!$AT$6)/('5'!Y19*0.0036)),IF('5'!AA19=2,(('5'!Z19*'5'!$AS$7*'5'!$AT$7)/('5'!Y19*0.0036)))) -> 80.639573 | AD19: =(('5'!AC19*'5'!$Q$10*1000000))/('5'!Y19*3600) -> 0 | AF19: =('5'!AE19/24)*0.454 -> 0 | AH19: =('5'!AG19/24)*0.454 -> 0 | AI19: 3500 | AJ19: =('5'!AI19/24)*0.454 -> 66.208333 | AL19: =('5'!AK19/24)*0.454 -> 0 | AN19: =('5'!AM19/24)*0.454 -> 0 | AP19: =('5'!AO19/24)*0.454 -> 0
A20: Máximo | B20: =MAX('5'!B7:B18) -> 246 | C20: =MAX('5'!C7:C18) -> 20 | D20: =MAX('5'!D7:D18) -> 21 | E20: =MAX('5'!E7:E18) -> 0 | F20: =MAX('5'!F7:F18) -> 66 | G20: =MAX('5'!G7:G18) -> 2.4 | H20: =MAX('5'!H7:H18) -> 2.6 | I20: =MAX('5'!I7:I18) -> 0 | ... S20: =MAX('5'!S7:S18) -> 81.529354 | X20: 0.625 | Y20: 3217 | Z20: 1400 | AA20: 1 | AB20: =IF('5'!AA20=1,(('5'!Z20*'5'!$AS$6*'5'!$AT$6)/('5'!Y20*0.0036)),IF('5'!AA20=2,(('5'!Z20*'5'!$AS$7*'5'!$AT$7)/('5'!Y20*0.0036)))) -> 80.388906 | AD20: =(('5'!AC20*'5'!$Q$10*1000000))/('5'!Y20*3600) -> 0 | AF20: =('5'!AE20/24)*0.454 -> 0 | AH20: =('5'!AG20/24)*0.454 -> 0 | AI20: 3500 | AJ20: =('5'!AI20/24)*0.454 -> 66.208333 | AL20: =('5'!AK20/24)*0.454 -> 0 | AN20: =('5'!AM20/24)*0.454 -> 0 | AP20: =('5'!AO20/24)*0.454 -> 0
A21: Mínimo | B21: =MIN('5'!B7:B18) -> 220 | C21: =MIN('5'!C7:C18) -> 14 | D21: =MIN('5'!D7:D18) -> 12 | E21: =MIN('5'!E7:E18) -> 0 | F21: =MIN('5'!F7:F18) -> 57 | G21: =MIN('5'!G7:G18) -> 2 | H21: =MIN('5'!H7:H18) -> 1.2 | I21: =MIN('5'!I7:I18) -> 0 | ... S21: =MIN('5'!S7:S18) -> 80.639573 | X21: 0.66666667 | Y21: 3179 | Z21: 1400 | AA21: 1 | AB21: =IF('5'!AA21=1,(('5'!Z21*'5'!$AS$6*'5'!$AT$6)/('5'!Y21*0.0036)),IF('5'!AA21=2,(('5'!Z21*'5'!$AS$7*'5'!$AT$7)/('5'!Y21*0.0036)))) -> 81.34983 | AD21: =(('5'!AC21*'5'!$Q$10*1000000))/('5'!Y21*3600) -> 0 | AF21: =('5'!AE21/24)*0.454 -> 0 | AH21: =('5'!AG21/24)*0.454 -> 0 | AI21: 3500 | AJ21: =('5'!AI21/24)*0.454 -> 66.208333 | AL21: =('5'!AK21/24)*0.454 -> 0 | AN21: =('5'!AM21/24)*0.454 -> 0 | AP21: =('5'!AO21/24)*0.454 -> 0
R22: Total | X22: 0.70833333 | Y22: 3192 | Z22: 1400 | AA22: 1 | AB22: =IF('5'!AA22=1,(('5'!Z22*'5'!$AS$6*'5'!$AT$6)/('5'!Y22*0.0036)),IF('5'!AA22=2,(('5'!Z22*'5'!$AS$7*'5'!$AT$7)/('5'!Y22*0.0036)))) -> 81.018519 | AD22: =(('5'!AC22*'5'!$Q$10*1000000))/('5'!Y22*3600) -> 0 | AF22: =('5'!AE22/24)*0.454 -> 0 | AH22: =('5'!AG22/24)*0.454 -> 0 | AI22: 3500 | AJ22: =('5'!AI22/24)*0.454 -> 66.208333 | AL22: =('5'!AK22/24)*0.454 -> 0 | AN22: =('5'!AM22/24)*0.454 -> 0 | AP22: =('5'!AO22/24)*0.454 -> 0
A23: TURBIDEZ DOS FILTROS DA 1ª E 2ª ETAPAS | R23: 440 | S23: Litros | X23: 0.75 | Y23: 3189 | Z23: 1400 | AA23: 1 | AB23: =IF('5'!AA23=1,(('5'!Z23*'5'!$AS$6*'5'!$AT$6)/('5'!Y23*0.0036)),IF('5'!AA23=2,(('5'!Z23*'5'!$AS$7*'5'!$AT$7)/('5'!Y23*0.0036)))) -> 81.094735 | AD23: =(('5'!AC23*'5'!$Q$10*1000000))/('5'!Y23*3600) -> 0 | AF23: =('5'!AE23/24)*0.454 -> 0 | AH23: =('5'!AG23/24)*0.454 -> 0 | AI23: 3500 | AJ23: =('5'!AI23/24)*0.454 -> 66.208333 | AL23: =('5'!AK23/24)*0.454 -> 0 | AN23: =('5'!AM23/24)*0.454 -> 0 | AP23: =('5'!AO23/24)*0.454 -> 0
A24: HORA | B24: 1 | C24: 2 | D24: 3 | E24: 4 | F24: 5 | G24: 6 | H24: 7 | I24: 8 | J24: 9 | K24: 10 | L24: 11 | M24: 12 | N24: 13 | O24: 14 | P24: 15 | Q24: 16 | R24: 0 | S24: Kilos | X24: 0.79166667 | Y24: 3186 | Z24: 1400 | AA24: 1 | AB24: =IF('5'!AA24=1,(('5'!Z24*'5'!$AS$6*'5'!$AT$6)/('5'!Y24*0.0036)),IF('5'!AA24=2,(('5'!Z24*'5'!$AS$7*'5'!$AT$7)/('5'!Y24*0.0036)))) -> 81.171096 | AD24: =(('5'!AC24*'5'!$Q$10*1000000))/('5'!Y24*3600) -> 0 | AF24: =('5'!AE24/24)*0.454 -> 0 | AH24: =('5'!AG24/24)*0.454 -> 0 | AI24: 3500 | AJ24: =('5'!AI24/24)*0.454 -> 66.208333 | AL24: =('5'!AK24/24)*0.454 -> 0 | AN24: =('5'!AM24/24)*0.454 -> 0 | AP24: =('5'!AO24/24)*0.454 -> 0
A25: 0.41666667 | R25: =#DIV/0! -> #DIV/0! | T25: DATA | U25: =ESCALA!$A$7 -> 43926 | X25: 0.83333333 | Y25: 3197 | Z25: 1400 | AA25: 1 | AB25: =IF('5'!AA25=1,(('5'!Z25*'5'!$AS$6*'5'!$AT$6)/('5'!Y25*0.0036)),IF('5'!AA25=2,(('5'!Z25*'5'!$AS$7*'5'!$AT$7)/('5'!Y25*0.0036)))) -> 80.891808 | AD25: =(('5'!AC25*'5'!$Q$10*1000000))/('5'!Y25*3600) -> 0 | AF25: =('5'!AE25/24)*0.454 -> 0 | AH25: =('5'!AG25/24)*0.454 -> 0 | AI25: 3500 | AJ25: =('5'!AI25/24)*0.454 -> 66.208333 | AL25: =('5'!AK25/24)*0.454 -> 0 | AN25: =('5'!AM25/24)*0.454 -> 0 | AP25: =('5'!AO25/24)*0.454 -> 0
A26: 0.66666667 | B26: 0.59 | C26: 0.79 | D26: 0.89 | E26: 1.1 | F26: 1.12 | G26: 1.18 | H26: 1.09 | I26: 0.54 | J26: 0.98 | K26: 1.2 | L26: 1.23 | M26: 1.05 | N26: 0.97 | O26: 0.96 | P26: 1.02 | R26: =#DIV/0! -> #DIV/0! | X26: 0.875 | Y26: 3180 | Z26: 1400 | AA26: 1 | AB26: =IF('5'!AA26=1,(('5'!Z26*'5'!$AS$6*'5'!$AT$6)/('5'!Y26*0.0036)),IF('5'!AA26=2,(('5'!Z26*'5'!$AS$7*'5'!$AT$7)/('5'!Y26*0.0036)))) -> 81.324249 | AD26: =(('5'!AC26*'5'!$Q$10*1000000))/('5'!Y26*3600) -> 0 | AF26: =('5'!AE26/24)*0.454 -> 0 | AH26: =('5'!AG26/24)*0.454 -> 0 | AI26: 3500 | AJ26: =('5'!AI26/24)*0.454 -> 66.208333 | AL26: =('5'!AK26/24)*0.454 -> 0 | AN26: =('5'!AM26/24)*0.454 -> 0 | AP26: =('5'!AO26/24)*0.454 -> 0
A27: Média | B27: =#DIV/0! -> #DIV/0! | C27: =#DIV/0! -> #DIV/0! | D27: =#DIV/0! -> #DIV/0! | E27: =#DIV/0! -> #DIV/0! | F27: =#DIV/0! -> #DIV/0! | G27: =#DIV/0! -> #DIV/0! | H27: =#DIV/0! -> #DIV/0! | I27: =#DIV/0! -> #DIV/0! | ... Q27: =#DIV/0! -> #DIV/0! | X27: 0.91666667 | Y27: 3192 | Z27: 1400 | AA27: 1 | AB27: =IF('5'!AA27=1,(('5'!Z27*'5'!$AS$6*'5'!$AT$6)/('5'!Y27*0.0036)),IF('5'!AA27=2,(('5'!Z27*'5'!$AS$7*'5'!$AT$7)/('5'!Y27*0.0036)))) -> 81.018519 | AD27: =(('5'!AC27*'5'!$Q$10*1000000))/('5'!Y27*3600) -> 0 | AF27: =('5'!AE27/24)*0.454 -> 0 | AH27: =('5'!AG27/24)*0.454 -> 0 | AI27: 3500 | AJ27: =('5'!AI27/24)*0.454 -> 66.208333 | AL27: =('5'!AK27/24)*0.454 -> 0 | AN27: =('5'!AM27/24)*0.454 -> 0 | AP27: =('5'!AO27/24)*0.454 -> 0
A28: OBSERVAÇÕES | X28: 0.95833333 | Y28: 3179 | Z28: 1400 | AA28: 1 | AB28: =IF('5'!AA28=1,(('5'!Z28*'5'!$AS$6*'5'!$AT$6)/('5'!Y28*0.0036)),IF('5'!AA28=2,(('5'!Z28*'5'!$AS$7*'5'!$AT$7)/('5'!Y28*0.0036)))) -> 81.34983 | AD28: =(('5'!AC28*'5'!$Q$10*1000000))/('5'!Y28*3600) -> 0 | AF28: =('5'!AE28/24)*0.454 -> 0 | AH28: =('5'!AG28/24)*0.454 -> 0 | AI28: 3500 | AJ28: =('5'!AI28/24)*0.454 -> 66.208333 | AL28: =('5'!AK28/24)*0.454 -> 0 | AN28: =('5'!AM28/24)*0.454 -> 0 | AP28: =('5'!AO28/24)*0.454 -> 0
X29: 1 | Y29: 3186 | Z29: 1400 | AA29: 1 | AB29: =IF('5'!AA29=1,(('5'!Z29*'5'!$AS$6*'5'!$AT$6)/('5'!Y29*0.0036)),IF('5'!AA29=2,(('5'!Z29*'5'!$AS$7*'5'!$AT$7)/('5'!Y29*0.0036)))) -> 81.171096 | AD29: =(('5'!AC29*'5'!$Q$10*1000000))/('5'!Y29*3600) -> 0 | AF29: =('5'!AE29/24)*0.454 -> 0 | AH29: =('5'!AG29/24)*0.454 -> 0 | AI29: 3500 | AJ29: =('5'!AI29/24)*0.454 -> 66.208333 | AL29: =('5'!AK29/24)*0.454 -> 0 | AN29: =('5'!AM29/24)*0.454 -> 0 | AP29: =('5'!AO29/24)*0.454 -> 0
X30: Total | Y30: =SUM('5'!Y6:Y29)*3.6 -> 275724 | Z30: =SUM('5'!Z6:Z29) -> 33600 | AF30: =SUM('5'!AF6:AF29) -> 0 | AH30: =SUM('5'!AH6:AH29) -> 0 | AJ30: =SUM('5'!AJ6:AJ29) -> 1589 | AL30: =SUM('5'!AL6:AL29) -> 0 | AN30: =SUM('5'!AN6:AN29) -> 0 | AP30: =SUM('5'!AP6:AP29) -> 0
X32: S.A.L (l) - (kg) | Z32: =SUMIF('5'!AA6:AA29,"=1",'5'!Z6:Z29) -> 33600 | AA32: ='5'!Z32*'5'!AS6 -> 44688 | AB32: =SUMIF('5'!$AA$6:$AA$29,"=1",'5'!$AB$6:$AB$29)/COUNTIF('5'!$AA$6:$AA$29,"=1") -> 81.038854 | AC32: =SUMIF('5'!AA6:AA29,"=1",'5'!AC6:AC29) -> 0
X33: PAC 18 (l) - (kg) | Z33: =SUMIF('5'!AA6:AA29,"=2",'5'!Z6:Z29) -> 0 | AA33: ='5'!Z33*'5'!AS7 -> 0 | AB33: =SUMIF('5'!$AA$6:$AA$29,"=2",'5'!$AB$6:$AB$29)/COUNTIF('5'!$AA$6:$AA$29,"=2") -> #DIV/0! | AC33: =SUMIF('5'!AA6:AA29,"=2",'5'!AC6:AC29) -> 0
X34: Média | Y34: =AVERAGE('5'!Y6:Y29) -> 3191.25 | Z34: =AVERAGE('5'!Z6:Z29) -> 1400 | AC34: =SUM('5'!AC6:AC29)/COUNTIF('5'!AC6:AC29,"<>0") -> 0 | AD34: =SUM('5'!AD6:AD29)/COUNTIF('5'!AD6:AD29,"<>0") -> #DIV/0! | AF34: =AVERAGE('5'!AF6:AF29) -> 0 | AH34: =AVERAGE('5'!AH6:AH29) -> 0 | AJ34: ='5'!AJ30/24 -> 66.208333 | AL34: =AVERAGE('5'!AL6:AL29) -> 0 | AN34: =AVERAGE('5'!AN6:AN29) -> 0 | AP34: =AVERAGE('5'!AP6:AP29) -> 0
C35: Alcalinidade (mg/L) | F35: Ferro (mg/L) | I35: Manganês (mg/L) | L35: Alumínio (mg/L) | U35: TÉCNICO | X35: Decantadores | AA35: Filtros | AC35: Decantadores 2ª etapa | AJ35: CLORAÇÃO INTERMEDIÁRIA | AO35: PÓS CLORAÇÃO
B36: HORA | C36: Bruta | D36: Dec. | E36: Trat (R-3) | F36: Bruta | G36: Filt. | H36: Trat (R-3) | I36: Bruta | J36: Filt. | K36: Trat (R-3) | L36: Trat (R-3) | X36: Lavados | Y36: 1 | AA36: Lavados | AB36: 5 | AC36: Descargas | AD36: 4
B37: 0.33333333 | C37: 50.1 | D37: 22.1 | F37: 1.8 | G37: 0.2 | I37: 0.15 | J37: 0.06 | U37: ='5'!V12 -> 0 | X37: HORAS OPERANDO | Z37: =COUNTA('5'!Z6:Z29) -> 24 | AC37: Tempo de duração | AD37: 60’ | AJ37: CARRETA | AL37: CILINDROS | AO37: CARRETA | AQ37: CILINDROS
B38: 0.66666667 | AJ38: CONSUMO | AK38: =SUM('5'!AF30+'5'!AH30)*1.0561 -> 0 | AL38: CONSUMO | AM38: =SUM('5'!AL30+'5'!AN30)*1.0561 -> 0 | AO38: CONSUMO | AP38: ='5'!AJ30 -> 1589 | AQ38: CONSUMO | AR38: ='5'!AP30*1.0561 -> 0
A39: Nº amostras de água TRATADA | C39: Nº amostras de água FILTRADA | E39: Nº amostras de água tratada/filtrada FORA DO PADRÃO | J39: Nº amostras de água tratada/filtrada no PADRÃO | O39: Nº de amostras com turbidez menor ou igual a 0,5 NTU | R39: ÁGUA FILTRADA | S39: Nº de amostras com turbidez menor ou igual a 1,0 NTU | AJ39: DOSAGEM | AK39: =('5'!AK38/'5'!Y30)*1000 -> 0 | AL39: DOSAGEM | AM39: =('5'!AM38/'5'!Y30)*1000 -> 0 | AO39: DOSAGEM | AP39: =('5'!AP38/'5'!Y30)*1000 -> 5.7630094 | AQ39: DOSAGEM | AR39: =('5'!AR38/'5'!Y30)*1000 -> 0
A40: COR | B40: TURBIDEZ | C40: TURBIDEZ | E40: COR | G40: TURBIDEZ | J40: COR | L40: TURBIDEZ | X40: ESTOQUE DE COAGULANTE | AJ40: Consumo Total | AL40: =SUM('5'!AK38,'5'!AM38) -> 0 | AO40: Consumo Total | AQ40: =SUM('5'!AP38,'5'!AR38) -> 1589
A41: =COUNTA('5'!E7:E18) -> 0 | B41: =COUNTA('5'!I7:I18) -> 0 | C41: =COUNTA('5'!J7:J18) -> 12 | D41: =COUNTA('5'!K7:K18) -> 12 | E41: =COUNTIF('5'!E7:E18,">15") -> 0 | G41: =COUNTIF('5'!J7:J18,">1") -> 9 | J41: ='5'!A41-'5'!E41 -> 0 | L41: ='5'!C41-'5'!G41 -> 3 | O41: =COUNTIF('5'!J7:J18,"<=0,5") -> 0 | S41: =COUNTIF('5'!J7:J18,"<=1,0") -> 3 | AJ41: Dosagem Final | AL41: =SUM(('5'!AK38+'5'!AM38)/'5'!Y30)*1000 -> 0 | AO41: Dosagem Final | AQ41: =SUM(('5'!AP38+'5'!AR38)/'5'!Y30)*1000 -> 5.7630094
O42: ÁGUA FILTRATADA | X42: SULFATO DE ALUMÍNIO
H43: Nº de amostras água tratada com turbidez <= 5,0 NTU | L43: Nº de amostras água tratada para aluminio | Q43: Nº de amostras com turbidez entre 0,5 e 1,0 NTU | X43: TINA 01 | Z43: TINA 02 | AB43: TINA 03 | AD43: TANQUE
X44: ALTURA | Z44: ALTURA | AB44: ALTURA | AF44: Volume total (L) | AG44: =SUM('5'!Y45,'5'!AA45,'5'!AC45,'5'!AE45) -> 0 | AI44: CONSUMO DE SULFATO DE ALUMÍNIO ÀS 24:00hs
H45: =COUNTIF('5'!I7:I18,"<=5,0") -> 0 | L45: =COUNTA('5'!L37) -> 0 | Q45: ='5'!S41-'5'!O41 -> 3 | X45: VOLUME | Y45: ='5'!Y44*275.3 -> 0 | Z45: VOLUME | AA45: =262.4*'5'!AA44 -> 0 | AB45: VOLUME | AC45: ='5'!AC44*277.7 -> 0 | AD45: VOLUME | AI45: TINA 01 | AK45: TINA 02 | AM45: TINA 03
X46: Densidade | Y46: ='5'!AS6 -> 1.33 | Z46: Densidade | AA46: ='5'!Y46 -> 1.33 | AB46: Densidade | AC46: ='5'!Y46 -> 1.33 | AD46: Densidade | AE46: ='5'!Y46 -> 1.33 | AF46: Peso Total (Kg) | AG46: =SUM('5'!Y47,'5'!AA47,'5'!AC47,'5'!AE47) -> 0 | AI46: ALTURA | AK46: ALTURA | AM46: ALTURA
O47: ÁGUA TRATADA - CLORO RESIDUAL | X47: Peso(Kg) | Y47: ='5'!Y45*'5'!Y46 -> 0 | Z47: Peso(Kg) | AA47: ='5'!AA45*'5'!AA46 -> 0 | AB47: Peso(Kg) | AC47: ='5'!AC45*'5'!AC46 -> 0 | AD47: Peso(Kg) | AE47: ='5'!AE45*'5'!AE46 -> 0 | AI47: VOLUME | AJ47: ='5'!AJ46*275.3 -> 0 | AK47: VOLUME | AL47: =262.4*'5'!AL46 -> 0 | AM47: VOLUME | AN47: ='5'!AN46*277.7 -> 0
AI48: Densidade | AJ48: ='5'!Y46 -> 1.33 | AK48: Densidade | AL48: ='5'!AJ48 -> 1.33 | AM48: Densidade | AN48: ='5'!AJ48 -> 1.33
O49: Nº de amostras de água tratada para cloro residual | R49: Nº de amostras de água tratada dentro dos padrões de cloro residual | AI49: Peso(Kg) | AJ49: ='5'!AJ47*'5'!AJ48 -> 0 | AK49: Peso(Kg) | AL49: ='5'!AL47*'5'!AL48 -> 0 | AM49: Peso(Kg) | AN49: ='5'!AN47*'5'!AN48 -> 0
X50: PAC - 18
O51: =COUNTA('5'!O7:O18) -> 4 | P51: =COUNTA('5'!W17:W28) -> 0 | R51: =COUNTIF('5'!O7:O18,">=0,5") -> 4 | X51: TINA 01 | Z51: TINA 02 | AB51: TINA 03 | AD51: TANQUE | AI51: CONSUMO DE PAC ÀS 24:00hs
X52: ALTURA | Z52: ALTURA | AB52: ALTURA | AF52: Volume total (L) | AG52: =SUM('5'!Y53,'5'!AA53,'5'!AC53,'5'!AE53) -> 0 | AI52: TINA 01 | AK52: TINA 02 | AM52: TINA 03
O53: ÁGUA TRATADA - PH | X53: VOLUME | Y53: ='5'!Y52*275.3 -> 0 | Z53: VOLUME | AA53: =262.4*'5'!AA52 -> 0 | AB53: VOLUME | AC53: ='5'!AC52*277.7 -> 0 | AD53: VOLUME | AE53: 0 | AI53: ALTURA | AK53: ALTURA | AM53: ALTURA
X54: Densidade | Y54: ='5'!AS7 -> 1.377 | Z54: Densidade | AA54: ='5'!Y54 -> 1.377 | AB54: Densidade | AC54: ='5'!Y54 -> 1.377 | AD54: Densidade | AE54: ='5'!Y54 -> 1.377 | AF54: Peso Total (Kg) | AG54: =SUM('5'!Y55,'5'!AA55,'5'!AC55,'5'!AE55) -> 0 | AI54: VOLUME | AJ54: ='5'!AJ53*275.3 -> 0 | AK54: VOLUME | AL54: =262.4*'5'!AL53 -> 0 | AM54: VOLUME | AN54: ='5'!AN53*277.7 -> 0
O55: Nº de amostras de água tratada para PH | R55: Nº de amostras de água tratada dentro dos padrões de PH | X55: Peso(Kg) | Y55: ='5'!Y53*'5'!Y54 -> 0 | Z55: Peso(Kg) | AA55: ='5'!AA53*'5'!AA54 -> 0 | AB55: Peso(Kg) | AC55: ='5'!AC53*'5'!AC54 -> 0 | AD55: Peso(Kg) | AE55: ='5'!AE53*'5'!AE54 -> 0 | AI55: Densidade | AJ55: ='5'!Y54 -> 1.377 | AK55: Densidade | AL55: ='5'!AJ55 -> 1.377 | AM55: Densidade | AN55: ='5'!AJ55 -> 1.377
AI56: Peso(Kg) | AJ56: ='5'!AJ54*'5'!AJ55 -> 0 | AK56: Peso(Kg) | AL56: ='5'!AL54*'5'!AL55 -> 0 | AM56: Peso(Kg) | AN56: ='5'!AN54*'5'!AN55 -> 0
O57: =COUNTA('5'!N7:N18) -> 0 | R57: =COUNTIF('5'!N7:N18,">=6") -> 0
X58: ESTOQUE DE CLORO
AI59: CONTROLE DIÁRIO DO CONSUMO DE COAGULANTE
X60: Carretas com Cloro | AB60: Cilindros com Cloro | AI60: CLORETO DE POLIALUMÍNIO | AN60: SULFATO DE ALUMÍNIO
AI61: CONSUMO REAL | AL61: ='5'!AJ56+'5'!AL56+'5'!AN56 -> 0 | AN61: CONSUMO REAL | AQ61: ='5'!AJ49+'5'!AL49+'5'!AN49 -> 0
X62: Recebido | AB62: Recebido | AI62: CONSUMO TEÓRICO | AL62: =AA33 -> 0 | AN62: CONSUMO TEÓRICO | AQ62: ='5'!AA32 -> 44688
X63: Peso(kg) | AB63: Peso(kg) | AI63: DIFERENÇA | AL63: ='5'!AL61-'5'!AL62 -> 0 | AN63: DIFERENÇA | AQ63: ='5'!AQ61-'5'!AQ62 -> -44688
X65: Saldo anterior (kg) | Y65: ='4'!$Y$68 -> #VALUE! | AB65: Saldo anterior (kg) | AC65: ='4'!$AC$68 -> 0
X66: Consumido | AB66: Consumido
X67: Peso(kg) | Y67: =SUM('5'!AK38,'5'!AP38) -> 1589 | AB67: Peso(kg) | AC67: =SUM('5'!AM38,'5'!AR38) -> 0
X68: Saldo(kg) | Y68: =SUM('5'!Y63,'5'!Y65)-'5'!Y67 -> #VALUE! | AB68: Saldo(kg) | AC68: =SUM('5'!AC63,'5'!AC65)-'5'!AC67 -> 0

Sheet 6
D2: CONTROLE DE ANÁLISE FÍSICO - QUÍMICAS \ ETA CASTELO BRANCO | AB2: CONTROLE DE PRODUTOS QUÍMICOS APLICADOS \ ETA CASTELO BRANCO
A4: HORA | B4: COR (Uc) | F4: TURBIDEZ (Ut) | K4: Ph | O4: CLORO RESIDUAL (mg/L) | R4: DOSAGEM DO COAGULANTE | T4: VAZÃO DA ETA | U4: TIPO DE COAGULANTE | V4: TÉCNICO | X4: Hora | Y4: Vazão ETA (l/s) | Z4: Vazão Coagulante (l/h) | AA4: Código | AB4: Dosagem (mg/l) | AC4: Vazão Polímero (l/h) | AD4: Dosagem (mg/l) | AE4: Pré 1 (Lib/dia) | AF4: Pré 1 (Kg/h) | AG4: Pré 2 (Lib/dia) | AH4: Pré 2 (Kg/h) | AI4: Pós (Lib/dia) | AJ4: Pós (Kg/h) | AK4: Pré 1 (Lib/dia) cilindros | AL4: Pré 1 (Kg/h) cilindros | AM4: Pré 2 (Lib/dia) cilindros | AN4: Pré 2 (Kg/h) cilindros | AO4: Pós (Lib/dia) cilindros | AP4: Pós (Kg/h) cilindros | AQ4: COAGULANTE | AU4: Tempo de Utilização (h)
AQ5: Codigo | AR5: Nome | AS5: d (g/ml) | AT5: C (%)
B6: Bruta | C6: DEC_1 | D6: DEC_2 | E6: TRAT | F6: Bruta | G6: DEC_1 | H6: DEC_2 | I6: TRAT | J6: FILT | K6: Bruta | L6: DEC_1 | M6: DEC_2 | N6: TRAT | O6: TRAT | P6: DEC_1 | Q6: DEC_2 | R6: L/h | S6: mg/l | T6: L/s | X6: 0.041666667 | Y6: 3191 | Z6: 1400 | AA6: 1 | AB6: =IF('6'!AA11=1,(('6'!Z11*'6'!$AS$6*'6'!$AT$6)/('6'!Y11*0.0036)),IF('6'!AA11=2,(('6'!Z11*'6'!$AS$7*'6'!$AT$7)/('6'!Y11*0.0036)))) -> 80.388906 | AD6: =(('6'!AC6*'6'!$Q$10*1000000))/('6'!Y6*3600) -> 0 | AF6: =('6'!AE6/24)*0.454 -> 0 | AH6: =('6'!AG6/24)*0.454 -> 0 | AI6: 3500 | AJ6: =('6'!AI6/24)*0.454 -> 66.208333 | AL6: =('6'!AK6/24)*0.454 -> 0 | AN6: =('6'!AM6/24)*0.454 -> 0 | AP6: =('6'!AO6/24)*0.454 -> 0 | AQ6: 1 | AR6: S.A.L | AS6: 1.33 | AT6: 0.5 | AU6: 0
A7: 0 | B7: 249 | C7: 14 | D7: 12 | F7: 65 | G7: 2 | H7: 1.2 | J7: 1.2 | K7: 6.8 | L7: 6.2 | M7: 6.2 | R7: ='5'!$Z$29 -> 1400 | S7: ='5'!$AB$29 -> 81.171096 | T7: ='5'!$Y$29 -> 3186 | U7: =IF('6'!AA6=1,'6'!AR6,'6'!AR7) -> S.A.L | V7: =ESCALA!$B$7 -> 0 | X7: 0.083333333 | Y7: 3191 | Z7: 1400 | AA7: 1 | AB7: =IF('6'!AA12=1,(('6'!Z12*'6'!$AS$6*'6'!$AT$6)/('6'!Y12*0.0036)),IF('6'!AA12=2,(('6'!Z12*'6'!$AS$7*'6'!$AT$7)/('6'!Y12*0.0036)))) -> 80.866514 | AD7: =(('6'!AC7*'6'!$Q$10*1000000))/('6'!Y7*3600) -> 0 | AF7: =('6'!AE7/24)*0.454 -> 0 | AH7: =('6'!AG7/24)*0.454 -> 0 | AI7: 3500 | AJ7: =('6'!AI7/24)*0.454 -> 66.208333 | AL7: =('6'!AK7/24)*0.454 -> 0 | AN7: =('6'!AM7/24)*0.454 -> 0 | AP7: =('6'!AO7/24)*0.454 -> 0 | AQ7: 2 | AR7: PAC 18 | AS7: 1.377 | AT7: 1 | AU7: 24
A8: 0.083333333 | B8: 247 | C8: 14 | D8: 13 | F8: 63 | G8: 1.9 | H8: 1.2 | J8: 1.2 | K8: 6.8 | L8: 6.2 | M8: 6.2 | R8: ='6'!Z7 -> 1400 | S8: ='6'!AB7 -> 80.866514 | T8: ='6'!Y7 -> 3191 | U8: =IF('6'!AA7=1,'6'!AR6,'6'!AR7) -> S.A.L | X8: 0.125 | Y8: 3195 | Z8: 1400 | AA8: 1 | AB8: =IF('6'!AA13=1,(('6'!Z13*'6'!$AS$6*'6'!$AT$6)/('6'!Y13*0.0036)),IF('6'!AA13=2,(('6'!Z13*'6'!$AS$7*'6'!$AT$7)/('6'!Y13*0.0036)))) -> 81.069314 | AD8: =(('6'!AC8*'6'!$Q$10*1000000))/('6'!Y8*3600) -> 0 | AF8: =('6'!AE8/24)*0.454 -> 0 | AH8: =('6'!AG8/24)*0.454 -> 0 | AI8: 3500 | AJ8: =('6'!AI8/24)*0.454 -> 66.208333 | AL8: =('6'!AK8/24)*0.454 -> 0 | AN8: =('6'!AM8/24)*0.454 -> 0 | AP8: =('6'!AO8/24)*0.454 -> 0 | AQ8: Polímero Catiônico
A9: 0.16666667 | B9: 244 | C9: 14 | D9: 13 | F9: 61 | G9: 1.8 | H9: 1.2 | J9: 1.2 | K9: 6.8 | L9: 6.2 | M9: 6.2 | R9: ='6'!Z9 -> 1400 | S9: ='6'!AB9 -> 83.964646 | T9: ='6'!Y9 -> 3186 | U9: =IF('6'!AA9=1,'6'!AR6,'6'!AR7) -> S.A.L | X9: 0.16666667 | Y9: 3186 | Z9: 1400 | AA9: 1 | AB9: =IF('6'!AA14=1,(('6'!Z14*'6'!$AS$6*'6'!$AT$6)/('6'!Y14*0.0036)),IF('6'!AA14=2,(('6'!Z14*'6'!$AS$7*'6'!$AT$7)/('6'!Y14*0.0036)))) -> 83.964646 | AD9: =(('6'!AC9*'6'!$Q$10*1000000))/('6'!Y9*3600) -> 0 | AF9: =('6'!AE9/24)*0.454 -> 0 | AH9: =('6'!AG9/24)*0.454 -> 0 | AI9: 3500 | AJ9: =('6'!AI9/24)*0.454 -> 66.208333 | AL9: =('6'!AK9/24)*0.454 -> 0 | AN9: =('6'!AM9/24)*0.454 -> 0 | AP9: =('6'!AO9/24)*0.454 -> 0 | AQ9: Nome | AT9: C (%)
A10: 0.25 | B10: 240 | C10: 14 | D10: 14 | F10: 62 | G10: 1.7 | H10: 1.2 | J10: 1.2 | K10: 6.8 | L10: 6.2 | M10: 6.2 | R10: ='6'!Z11 -> 1400 | S10: ='6'!AB11 -> 80.388906 | T10: ='6'!Y11 -> 3217 | U10: =IF('6'!AA11=1,'6'!AR6,'6'!AR7) -> S.A.L | X10: 0.20833333 | Y10: 3207 | Z10: 1400 | AA10: 1 | AB10: =IF('6'!AA15=1,(('6'!Z15*'6'!$AS$6*'6'!$AT$6)/('6'!Y15*0.0036)),IF('6'!AA15=2,(('6'!Z15*'6'!$AS$7*'6'!$AT$7)/('6'!Y15*0.0036)))) -> 76.599327 | AD10: =(('6'!AC10*'6'!$Q$10*1000000))/('6'!Y10*3600) -> 0 | AF10: =('6'!AE10/24)*0.454 -> 0 | AH10: =('6'!AG10/24)*0.454 -> 0 | AI10: 3500 | AJ10: =('6'!AI10/24)*0.454 -> 66.208333 | AL10: =('6'!AK10/24)*0.454 -> 0 | AN10: =('6'!AM10/24)*0.454 -> 0 | AP10: =('6'!AO10/24)*0.454 -> 0 | AQ10: Aguapol 200 | AT10: 0.002
A11: 0.33333333 | B11: 222 | C11: 14 | D11: 14 | F11: 55 | G11: 2.1 | H11: 1.3 | J11: 1 | K11: 6.9 | L11: 6.3 | M11: 6.4 | R11: ='6'!Z13 -> 1400 | S11: ='6'!AB13 -> 81.069314 | T11: ='6'!Y13 -> 3190 | U11: =IF('6'!AA13=1,'6'!AR6,'6'!AR7) -> S.A.L | X11: 0.25 | Y11: 3217 | Z11: 1400 | AA11: 1 | AB11: =IF('6'!AA11=1,(('6'!Z11*'6'!$AS$6*'6'!$AT$6)/('6'!Y11*0.0036)),IF('6'!AA11=2,(('6'!Z11*'6'!$AS$7*'6'!$AT$7)/('6'!Y11*0.0036)))) -> 80.388906 | AD11: =(('6'!AC11*'6'!$Q$10*1000000))/('6'!Y11*3600) -> 0 | AF11: =('6'!AE11/24)*0.454 -> 0 | AH11: =('6'!AG11/24)*0.454 -> 0 | AI11: 3500 | AJ11: =('6'!AI11/24)*0.454 -> 66.208333 | AL11: =('6'!AK11/24)*0.454 -> 0 | AN11: =('6'!AM11/24)*0.454 -> 0 | AP11: =('6'!AO11/24)*0.454 -> 0
A12: 0.41666667 | B12: 221 | C12: 14 | D12: 14 | F12: 55 | G12: 1.6 | H12: 1.2 | J12: 0.9 | K12: 6.9 | L12: 6.3 | M12: 6.4 | R12: ='6'!Z15 -> 1300 | S12: ='6'!AB15 -> 76.599327 | T12: ='6'!Y15 -> 3135 | U12: =IF('6'!AA15=1,'6'!AR6,'6'!AR7) -> S.A.L | V12: =ESCALA!$B$8 -> 0 | X12: 0.29166667 | Y12: 3198 | Z12: 1400 | AA12: 1 | AB12: =IF('6'!AA12=1,(('6'!Z12*'6'!$AS$6*'6'!$AT$6)/('6'!Y12*0.0036)),IF('6'!AA12=2,(('6'!Z12*'6'!$AS$7*'6'!$AT$7)/('6'!Y12*0.0036)))) -> 80.866514 | AD12: =(('6'!AC15*'6'!$Q$10*1000000))/('6'!Y12*3600) -> 0 | AF12: =('6'!AE12/24)*0.454 -> 0 | AH12: =('6'!AG12/24)*0.454 -> 0 | AI12: 3500 | AJ12: =('6'!AI12/24)*0.454 -> 66.208333 | AL12: =('6'!AK12/24)*0.454 -> 0 | AN12: =('6'!AM12/24)*0.454 -> 0 | AP12: =('6'!AO12/24)*0.454 -> 0
A13: 0.5 | B13: 220 | C13: 14 | D13: 14 | F13: 54 | G13: 1.5 | H13: 1.2 | J13: 0.9 | K13: 6.9 | L13: 6.3 | M13: 6.4 | R13: ='6'!Z17 -> 1340 | S13: ='6'!AB17 -> 77.231756 | T13: ='6'!Y17 -> 3205 | U13: =IF('6'!AA17=1,'6'!AR6,'6'!AR7) -> S.A.L | X13: 0.33333333 | Y13: 3190 | Z13: 1400 | AA13: 1 | AB13: =IF('6'!AA13=1,(('6'!Z13*'6'!$AS$6*'6'!$AT$6)/('6'!Y13*0.0036)),IF('6'!AA13=2,(('6'!Z13*'6'!$AS$7*'6'!$AT$7)/('6'!Y13*0.0036)))) -> 81.069314 | AD13: =(('6'!AC16*'6'!$Q$10*1000000))/('6'!Y13*3600) -> 0 | AF13: =('6'!AE13/24)*0.454 -> 0 | AH13: =('6'!AG13/24)*0.454 -> 0 | AI13: 3500 | AJ13: =('6'!AI13/24)*0.454 -> 66.208333 | AL13: =('6'!AK13/24)*0.454 -> 0 | AN13: =('6'!AM13/24)*0.454 -> 0 | AP13: =('6'!AO13/24)*0.454 -> 0
A14: 0.58333333 | B14: 217 | C14: 15 | D14: 15 | F14: 53 | G14: 1.6 | H14: 1.3 | J14: 1 | K14: 6.9 | L14: 6.3 | M14: 6.4 | R14: ='6'!Z19 -> 1380 | S14: ='6'!AB19 -> 79.586846 | T14: ='6'!Y19 -> 3203 | U14: =IF('6'!AA19=1,'6'!AR6,'6'!AR7) -> S.A.L | X14: 0.375 | Y14: 2860 | Z14: 1300 | AA14: 1 | AB14: =IF('6'!AA14=1,(('6'!Z14*'6'!$AS$6*'6'!$AT$6)/('6'!Y14*0.0036)),IF('6'!AA14=2,(('6'!Z14*'6'!$AS$7*'6'!$AT$7)/('6'!Y14*0.0036)))) -> 83.964646 | AD14: =(('6'!AC14*'6'!$Q$10*1000000))/('6'!Y14*3600) -> 0 | AF14: =('6'!AE14/24)*0.454 -> 0 | AH14: =('6'!AG14/24)*0.454 -> 0 | AI14: 3500 | AJ14: =('6'!AI14/24)*0.454 -> 66.208333 | AL14: =('6'!AK14/24)*0.454 -> 0 | AN14: =('6'!AM14/24)*0.454 -> 0 | AP14: =('6'!AO14/24)*0.454 -> 0
A15: 0.66666667 | B15: 217 | C15: 15 | D15: 15 | F15: 53 | G15: 1.6 | H15: 1.3 | J15: 1.1 | K15: 6.9 | L15: 6.4 | M15: 6.4 | R15: ='6'!Z21 -> 1340 | S15: ='6'!AB21 -> 81.854424 | T15: ='6'!Y21 -> 3024 | U15: =IF('6'!AA21=1,'6'!AR6,'6'!AR7) -> S.A.L | X15: 0.41666667 | Y15: 3135 | Z15: 1300 | AA15: 1 | AB15: =IF('6'!AA15=1,(('6'!Z15*'6'!$AS$6*'6'!$AT$6)/('6'!Y15*0.0036)),IF('6'!AA15=2,(('6'!Z15*'6'!$AS$7*'6'!$AT$7)/('6'!Y15*0.0036)))) -> 76.599327 | AD15: =(('6'!AC15*'6'!$Q$10*1000000))/('6'!Y15*3600) -> 0 | AF15: =('6'!AE15/24)*0.454 -> 0 | AH15: =('6'!AG15/24)*0.454 -> 0 | AI15: 3500 | AJ15: =('6'!AI15/24)*0.454 -> 66.208333 | AL15: =('6'!AK15/24)*0.454 -> 0 | AN15: =('6'!AM15/24)*0.454 -> 0 | AP15: =('6'!AO15/24)*0.454 -> 0
A16: 0.75 | B16: 235 | C16: 16 | D16: 16 | F16: 57 | G16: 2 | H16: 1.4 | J16: 0.9 | K16: 6.9 | L16: 6.4 | M16: 6.4 | R16: ='6'!Z23 -> 1400 | S16: ='6'!AB23 -> 80.942445 | T16: ='6'!Y23 -> 3195 | U16: =IF('6'!AA23=1,'6'!AR6,'6'!AR7) -> S.A.L | X16: 0.45833333 | Y16: 3194 | Z16: 1340 | AA16: 1 | AB16: =IF('6'!AA16=1,(('6'!Z16*'6'!$AS$6*'6'!$AT$6)/('6'!Y16*0.0036)),IF('6'!AA16=2,(('6'!Z16*'6'!$AS$7*'6'!$AT$7)/('6'!Y16*0.0036)))) -> 77.497739 | AD16: =(('6'!AC16*'6'!$Q$10*1000000))/('6'!Y16*3600) -> 0 | AF16: =('6'!AE16/24)*0.454 -> 0 | AH16: =('6'!AG16/24)*0.454 -> 0 | AI16: 3500 | AJ16: =('6'!AI16/24)*0.454 -> 66.208333 | AL16: =('6'!AK16/24)*0.454 -> 0 | AN16: =('6'!AM16/24)*0.454 -> 0 | AP16: =('6'!AO16/24)*0.454 -> 0
A17: 0.83333333 | B17: 246 | C17: 17 | D17: 16 | F17: 63 | G17: 2.5 | H17: 1.4 | J17: 0.8 | K17: 6.9 | L17: 6.4 | M17: 6.4 | R17: ='6'!Z25 -> 1400 | S17: ='6'!AB25 -> 81.145626 | T17: ='6'!Y25 -> 3187 | U17: =IF('6'!AA24=1,'6'!AR6,'6'!AR7) -> S.A.L | V17: =ESCALA!$C$8 -> 0 | X17: 0.5 | Y17: 3205 | Z17: 1340 | AA17: 1 | AB17: =IF('6'!AA17=1,(('6'!Z17*'6'!$AS$6*'6'!$AT$6)/('6'!Y17*0.0036)),IF('6'!AA17=2,(('6'!Z17*'6'!$AS$7*'6'!$AT$7)/('6'!Y17*0.0036)))) -> 77.231756 | AD17: =(('6'!AC17*'6'!$Q$10*1000000))/('6'!Y17*3600) -> 0 | AF17: =('6'!AE17/24)*0.454 -> 0 | AH17: =('6'!AG17/24)*0.454 -> 0 | AI17: 3500 | AJ17: =('6'!AI17/24)*0.454 -> 66.208333 | AL17: =('6'!AK17/24)*0.454 -> 0 | AN17: =('6'!AM17/24)*0.454 -> 0 | AP17: =('6'!AO17/24)*0.454 -> 0
A18: 0.91666667 | B18: 243 | C18: 17 | D18: 16 | F18: 58 | G18: 2.3 | H18: 1.5 | J18: 0.8 | K18: 6.9 | L18: 6.4 | M18: 6.4 | R18: ='6'!Z27 -> 1400 | S18: ='6'!AB27 -> 82.808553 | T18: ='6'!Y27 -> 3123 | U18: =IF('6'!AA27=1,'6'!AR6,'6'!AR7) -> S.A.L | X18: 0.54166667 | Y18: 3185 | Z18: 1340 | AA18: 1 | AB18: =IF('6'!AA18=1,(('6'!Z18*'6'!$AS$6*'6'!$AT$6)/('6'!Y18*0.0036)),IF('6'!AA18=2,(('6'!Z18*'6'!$AS$7*'6'!$AT$7)/('6'!Y18*0.0036)))) -> 77.716728 | AD18: =(('6'!AC18*'6'!$Q$10*1000000))/('6'!Y17*3600) -> 0 | AF18: =('6'!AE18/24)*0.454 -> 0 | AH18: =('6'!AG18/24)*0.454 -> 0 | AI18: 3500 | AJ18: =('6'!AI18/24)*0.454 -> 66.208333 | AL18: =('6'!AK18/24)*0.454 -> 0 | AN18: =('6'!AM18/24)*0.454 -> 0 | AP18: =('6'!AO18/24)*0.454 -> 0
A19: Média | B19: {=IF('6'!B7:B18>0.01,AVERAGE('6'!B7:B18),"")} -> 233.41667 | C19: {=IF('6'!C7:C18>0.01,AVERAGE('6'!C7:C18),"")} -> 14.833333 | D19: {=IF('6'!D7:D18>0.01,AVERAGE('6'!D7:D18),"")} -> 14.333333 | E19: {=IF('6'!E7:E18>0.01,AVERAGE('6'!E7:E18),"")} | F19: {=IF('6'!F7:F18>0.01,AVERAGE('6'!F7:F18),"")} -> 58.25 | G19: {=IF('6'!G7:G18>0.01,AVERAGE('6'!G7:G18),"")} -> 1.8833333 | H19: {=IF('6'!H7:H18>0.01,AVERAGE('6'!H7:H18),"")} -> 1.2833333 | I19: {=IF('6'!I7:I18>0.01,AVERAGE('6'!I7:I18),"")} | ... S19: {=IF('6'!S7:S18>0.01,AVERAGE('6'!S7:S18),"")} -> 80.635788 | X19: 0.58333333 | Y19: 3203 | Z19: 1380 | AA19: 1 | AB19: =IF('6'!AA19=1,(('6'!Z19*'6'!$AS$6*'6'!$AT$6)/('6'!Y19*0.0036)),IF('6'!AA19=2,(('6'!Z19*'6'!$AS$7*'6'!$AT$7)/('6'!Y19*0.0036)))) -> 79.586846 | AD19: =(('6'!AC19*'6'!$Q$10*1000000))/('6'!Y19*3600) -> 0 | AF19: =('6'!AE19/24)*0.454 -> 0 | AH19: =('6'!AG19/24)*0.454 -> 0 | AI19: 3500 | AJ19: =('6'!AI19/24)*0.454 -> 66.208333 | AL19: =('6'!AK19/24)*0.454 -> 0 | AN19: =('6'!AM19/24)*0.454 -> 0 | AP19: =('6'!AO19/24)*0.454 -> 0
A20: Máximo | B20: =MAX('6'!B7:B18) -> 249 | C20: =MAX('6'!C7:C18) -> 17 | D20: =MAX('6'!D7:D18) -> 16 | E20: =MAX('6'!E7:E18) -> 0 | F20: =MAX('6'!F7:F18) -> 65 | G20: =MAX('6'!G7:G18) -> 2.5 | H20: =MAX('6'!H7:H18) -> 1.5 | I20: =MAX('6'!I7:I18) -> 0 | ... S20: =MAX('6'!S7:S18) -> 83.964646 | X20: 0.625 | Y20: 3225 | Z20: 1380 | AA20: 1 | AB20: =IF('6'!AA20=1,(('6'!Z20*'6'!$AS$6*'6'!$AT$6)/('6'!Y20*0.0036)),IF('6'!AA20=2,(('6'!Z20*'6'!$AS$7*'6'!$AT$7)/('6'!Y20*0.0036)))) -> 79.043928 | AD20: =(('6'!AC20*'6'!$Q$10*1000000))/('6'!Y20*3600) -> 0 | AF20: =('6'!AE20/24)*0.454 -> 0 | AH20: =('6'!AG20/24)*0.454 -> 0 | AI20: 3500 | AJ20: =('6'!AI20/24)*0.454 -> 66.208333 | AL20: =('6'!AK20/24)*0.454 -> 0 | AN20: =('6'!AM20/24)*0.454 -> 0 | AP20: =('6'!AO20/24)*0.454 -> 0
A21: Mínimo | B21: =MIN('6'!B7:B18) -> 217 | C21: =MIN('6'!C7:C18) -> 14 | D21: =MIN('6'!D7:D18) -> 12 | E21: =MIN('6'!E7:E18) -> 0 | F21: =MIN('6'!F7:F18) -> 53 | G21: =MIN('6'!G7:G18) -> 1.5 | H21: =MIN('6'!H7:H18) -> 1.2 | I21: =MIN('6'!I7:I18) -> 0 | ... S21: =MIN('6'!S7:S18) -> 76.599327 | X21: 0.66666667 | Y21: 3024 | Z21: 1340 | AA21: 1 | AB21: =IF('6'!AA21=1,(('6'!Z21*'6'!$AS$6*'6'!$AT$6)/('6'!Y21*0.0036)),IF('6'!AA21=2,(('6'!Z21*'6'!$AS$7*'6'!$AT$7)/('6'!Y21*0.0036)))) -> 81.854424 | AD21: =(('6'!AC21*'6'!$Q$10*1000000))/('6'!Y21*3600) -> 0 | AF21: =('6'!AE21/24)*0.454 -> 0 | AH21: =('6'!AG21/24)*0.454 -> 0 | AI21: 3500 | AJ21: =('6'!AI21/24)*0.454 -> 66.208333 | AL21: =('6'!AK21/24)*0.454 -> 0 | AN21: =('6'!AM21/24)*0.454 -> 0 | AP21: =('6'!AO21/24)*0.454 -> 0
R22: Total | X22: 0.70833333 | Y22: 3163 | Z22: 1380 | AA22: 1 | AB22: =IF('6'!AA22=1,(('6'!Z22*'6'!$AS$6*'6'!$AT$6)/('6'!Y22*0.0036)),IF('6'!AA22=2,(('6'!Z22*'6'!$AS$7*'6'!$AT$7)/('6'!Y22*0.0036)))) -> 80.593319 | AD22: =(('6'!AC22*'6'!$Q$10*1000000))/('6'!Y22*3600) -> 0 | AF22: =('6'!AE22/24)*0.454 -> 0 | AH22: =('6'!AG22/24)*0.454 -> 0 | AI22: 3500 | AJ22: =('6'!AI22/24)*0.454 -> 66.208333 | AL22: =('6'!AK22/24)*0.454 -> 0 | AN22: =('6'!AM22/24)*0.454 -> 0 | AP22: =('6'!AO22/24)*0.454 -> 0
A23: TURBIDEZ DOS FILTROS DA 1ª E 2ª ETAPAS | R23: 440 | S23: Litros | X23: 0.75 | Y23: 3195 | Z23: 1400 | AA23: 1 | AB23: =IF('6'!AA23=1,(('6'!Z23*'6'!$AS$6*'6'!$AT$6)/('6'!Y23*0.0036)),IF('6'!AA23=2,(('6'!Z23*'6'!$AS$7*'6'!$AT$7)/('6'!Y23*0.0036)))) -> 80.942445 | AD23: =(('6'!AC23*'6'!$Q$10*1000000))/('6'!Y23*3600) -> 0 | AF23: =('6'!AE23/24)*0.454 -> 0 | AH23: =('6'!AG23/24)*0.454 -> 0 | AI23: 3500 | AJ23: =('6'!AI23/24)*0.454 -> 66.208333 | AL23: =('6'!AK23/24)*0.454 -> 0 | AN23: =('6'!AM23/24)*0.454 -> 0 | AP23: =('6'!AO23/24)*0.454 -> 0
A24: HORA | B24: 1 | C24: 2 | D24: 3 | E24: 4 | F24: 5 | G24: 6 | H24: 7 | I24: 8 | J24: 9 | K24: 10 | L24: 11 | M24: 12 | N24: 13 | O24: 14 | P24: 15 | Q24: 16 | R24: 0 | S24: Kilos | X24: 0.79166667 | Y24: 3206 | Z24: 1400 | AA24: 1 | AB24: =IF('6'!AA24=1,(('6'!Z24*'6'!$AS$6*'6'!$AT$6)/('6'!Y24*0.0036)),IF('6'!AA24=2,(('6'!Z24*'6'!$AS$7*'6'!$AT$7)/('6'!Y24*0.0036)))) -> 80.664726 | AD24: =(('6'!AC24*'6'!$Q$10*1000000))/('6'!Y24*3600) -> 0 | AF24: =('6'!AE24/24)*0.454 -> 0 | AH24: =('6'!AG24/24)*0.454 -> 0 | AI24: 3500 | AJ24: =('6'!AI24/24)*0.454 -> 66.208333 | AL24: =('6'!AK24/24)*0.454 -> 0 | AN24: =('6'!AM24/24)*0.454 -> 0 | AP24: =('6'!AO24/24)*0.454 -> 0
A25: 0.41666667 | R25: =#DIV/0! -> #DIV/0! | T25: DATA | U25: =ESCALA!$A$8 -> 43927 | X25: 0.83333333 | Y25: 3187 | Z25: 1400 | AA25: 1 | AB25: =IF('6'!AA25=1,(('6'!Z25*'6'!$AS$6*'6'!$AT$6)/('6'!Y25*0.0036)),IF('6'!AA25=2,(('6'!Z25*'6'!$AS$7*'6'!$AT$7)/('6'!Y25*0.0036)))) -> 81.145626 | AD25: =(('6'!AC25*'6'!$Q$10*1000000))/('6'!Y25*3600) -> 0 | AF25: =('6'!AE25/24)*0.454 -> 0 | AH25: =('6'!AG25/24)*0.454 -> 0 | AI25: 3500 | AJ25: =('6'!AI25/24)*0.454 -> 66.208333 | AL25: =('6'!AK25/24)*0.454 -> 0 | AN25: =('6'!AM25/24)*0.454 -> 0 | AP25: =('6'!AO25/24)*0.454 -> 0
A26: 0.66666667 | R26: =#DIV/0! -> #DIV/0! | X26: 0.875 | Y26: 2924 | Z26: 1330 | AA26: 1 | AB26: =IF('6'!AA26=1,(('6'!Z26*'6'!$AS$6*'6'!$AT$6)/('6'!Y26*0.0036)),IF('6'!AA26=2,(('6'!Z26*'6'!$AS$7*'6'!$AT$7)/('6'!Y26*0.0036)))) -> 84.022078 | AD26: =(('6'!AC26*'6'!$Q$10*1000000))/('6'!Y26*3600) -> 0 | AF26: =('6'!AE26/24)*0.454 -> 0 | AH26: =('6'!AG26/24)*0.454 -> 0 | AI26: 3500 | AJ26: =('6'!AI26/24)*0.454 -> 66.208333 | AL26: =('6'!AK26/24)*0.454 -> 0 | AN26: =('6'!AM26/24)*0.454 -> 0 | AP26: =('6'!AO26/24)*0.454 -> 0
A27: Média | C27: =#DIV/0! -> #DIV/0! | D27: =#DIV/0! -> #DIV/0! | E27: =#DIV/0! -> #DIV/0! | F27: =#DIV/0! -> #DIV/0! | G27: =#DIV/0! -> #DIV/0! | H27: =#DIV/0! -> #DIV/0! | I27: =#DIV/0! -> #DIV/0! | J27: =#DIV/0! -> #DIV/0! | ... Q27: =#DIV/0! -> #DIV/0! | X27: 0.91666667 | Y27: 3123 | Z27: 1400 | AA27: 1 | AB27: =IF('6'!AA27=1,(('6'!Z27*'6'!$AS$6*'6'!$AT$6)/('6'!Y27*0.0036)),IF('6'!AA27=2,(('6'!Z27*'6'!$AS$7*'6'!$AT$7)/('6'!Y27*0.0036)))) -> 82.808553 | AD27: =(('6'!AC27*'6'!$Q$10*1000000))/('6'!Y27*3600) -> 0 | AF27: =('6'!AE27/24)*0.454 -> 0 | AH27: =('6'!AG27/24)*0.454 -> 0 | AI27: 3500 | AJ27: =('6'!AI27/24)*0.454 -> 66.208333 | AL27: =('6'!AK27/24)*0.454 -> 0 | AN27: =('6'!AM27/24)*0.454 -> 0 | AP27: =('6'!AO27/24)*0.454 -> 0
A28: OBSERVAÇÕES | X28: 0.95833333 | Y28: 3125 | Z28: 1400 | AA28: 1 | AB28: =IF('6'!AA28=1,(('6'!Z28*'6'!$AS$6*'6'!$AT$6)/('6'!Y28*0.0036)),IF('6'!AA28=2,(('6'!Z28*'6'!$AS$7*'6'!$AT$7)/('6'!Y28*0.0036)))) -> 82.755556 | AD28: =(('6'!AC28*'6'!$Q$10*1000000))/('6'!Y28*3600) -> 0 | AF28: =('6'!AE28/24)*0.454 -> 0 | AH28: =('6'!AG28/24)*0.454 -> 0 | AI28: 3500 | AJ28: =('6'!AI28/24)*0.454 -> 66.208333 | AL28: =('6'!AK28/24)*0.454 -> 0 | AN28: =('6'!AM28/24)*0.454 -> 0 | AP28: =('6'!AO28/24)*0.454 -> 0
X29: 1 | Y29: 3215 | Z29: 1400 | AA29: 1 | AB29: =IF('6'!AA29=1,(('6'!Z29*'6'!$AS$6*'6'!$AT$6)/('6'!Y29*0.0036)),IF('6'!AA29=2,(('6'!Z29*'6'!$AS$7*'6'!$AT$7)/('6'!Y29*0.0036)))) -> 80.438915 | AD29: =(('6'!AC29*'6'!$Q$10*1000000))/('6'!Y29*3600) -> 0 | AF29: =('6'!AE29/24)*0.454 -> 0 | AH29: =('6'!AG29/24)*0.454 -> 0 | AI29: 3500 | AJ29: =('6'!AI29/24)*0.454 -> 66.208333 | AL29: =('6'!AK29/24)*0.454 -> 0 | AN29: =('6'!AM29/24)*0.454 -> 0 | AP29: =('6'!AO29/24)*0.454 -> 0
X30: Total | Y30: =SUM('6'!Y6:Y29)*3.6 -> 272678.4 | Z30: =SUM('6'!Z6:Z29) -> 33030 | AF30: =SUM('6'!AF6:AF29) -> 0 | AH30: =SUM('6'!AH6:AH29) -> 0 | AJ30: =SUM('6'!AJ6:AJ29) -> 1589 | AL30: =SUM('6'!AL6:AL29) -> 0 | AN30: =SUM('6'!AN6:AN29) -> 0 | AP30: =SUM('6'!AP6:AP29) -> 0
X32: S.A.L (l) - (kg) | Z32: =SUMIF('6'!AA6:AA29,"=1",'6'!Z6:Z29) -> 33030 | AA32: ='6'!Z32*'6'!AS6 -> 43929.9 | AB32: =SUMIF('6'!$AA$6:$AA$29,"=1",'6'!$AB$6:$AB$29)/COUNTIF('6'!$AA$6:$AA$29,"=1") -> 80.503335 | AC32: =SUMIF('6'!AA6:AA29,"=1",'6'!AC6:AC29) -> 0
X33: PAC 18 (l) - (kg) | Z33: =SUMIF('6'!AA6:AA29,"=2",'6'!Z6:Z29) -> 0 | AA33: ='6'!Z33*'6'!AS7 -> 0 | AB33: =SUMIF('6'!$AA$6:$AA$29,"=2",'6'!$AB$6:$AB$29)/COUNTIF('6'!$AA$6:$AA$29,"=2") -> #DIV/0! | AC33: =SUMIF('6'!AA6:AA29,"=2",'6'!AC6:AC29) -> 0
X34: Média | Y34: =AVERAGE('6'!Y6:Y29) -> 3156 | Z34: =AVERAGE('6'!Z6:Z29) -> 1376.25 | AC34: =SUM('6'!AC6:AC29)/COUNTIF('6'!AC6:AC29,"<>0") -> 0 | AD34: =SUM('6'!AD6:AD29)/COUNTIF('6'!AD6:AD29,"<>0") -> #DIV/0! | AF34: =AVERAGE('6'!AF6:AF29) -> 0 | AH34: =AVERAGE('6'!AH6:AH29) -> 0 | AJ34: ='6'!AJ30/24 -> 66.208333 | AL34: =AVERAGE('6'!AL6:AL29) -> 0 | AN34: =AVERAGE('6'!AN6:AN29) -> 0 | AP34: =AVERAGE('6'!AP6:AP29) -> 0
C35: Alcalinidade (mg/L) | F35: Ferro (mg/L) | I35: Manganês (mg/L) | L35: Alumínio (mg/L) | U35: TÉCNICO | X35: Decantadores | AA35: Filtros | AC35: Decantadores 2ª etapa | AJ35: CLORAÇÃO INTERMEDIÁRIA | AO35: PÓS CLORAÇÃO
B36: HORA | C36: Bruta | D36: Dec. | E36: Trat (R-3) | F36: Bruta | G36: Filt. | H36: Trat (R-3) | I36: Bruta | J36: Filt. | K36: Trat (R-3) | L36: Trat (R-3) | X36: Lavados | Y36: 0 | AA36: Lavados | AB36: 6 | AC36: Descargas | AD36: 4
B37: 0.33333333 | C37: 46.1 | D37: 18 | F37: 1.4 | G37: 0.2 | I37: 0.2 | J37: 0.15 | U37: ='6'!V12 -> 0 | X37: HORAS OPERANDO | Z37: =COUNTA('6'!Z6:Z29) -> 24 | AC37: Tempo de duração | AD37: 60’ | AJ37: CARRETA | AL37: CILINDROS | AO37: CARRETA | AQ37: CILINDROS
B38: 0.66666667 | AJ38: CONSUMO | AK38: =SUM('6'!AF30+'6'!AH30) -> 0 | AL38: CONSUMO | AM38: =SUM('6'!AL30+'6'!AN30) -> 0 | AO38: CONSUMO | AP38: ='6'!AJ30 -> 1589 | AQ38: CONSUMO | AR38: ='6'!AP30 -> 0
A39: Nº amostras de água TRATADA | C39: Nº amostras de água FILTRADA | E39: Nº amostras de água tratada/filtrada FORA DO PADRÃO | J39: Nº amostras de água tratada/filtrada no PADRÃO | O39: Nº de amostras com turbidez menor ou igual a 0,5 NTU | R39: ÁGUA FILTRADA | S39: Nº de amostras com turbidez menor ou igual a 1,0 NTU | AJ39: DOSAGEM | AK39: =('6'!AK38/'6'!Y30)*1000 -> 0 | AL39: DOSAGEM | AM39: =('6'!AM38/'6'!Y30)*1000 -> 0 | AO39: DOSAGEM | AP39: =('6'!AP38/'6'!Y30)*1000 -> 5.8273776 | AQ39: DOSAGEM | AR39: =('6'!AR38/'6'!Y30)*1000 -> 0
A40: COR | B40: TURBIDEZ | C40: TURBIDEZ | E40: COR | G40: TURBIDEZ | J40: COR | L40: TURBIDEZ | X40: ESTOQUE DE COAGULANTE | AJ40: Consumo Total | AL40: =SUM('6'!AK38,'6'!AM38) -> 0 | AO40: Consumo Total | AQ40: =SUM('6'!AP38,'6'!AR38) -> 1589
A41: =COUNTA('6'!E7:E18) -> 0 | B41: =COUNTA('6'!I7:I18) -> 0 | C41: =COUNTA('6'!J7:J18) -> 12 | D41: =COUNTA('6'!K7:K18) -> 12 | E41: =COUNTIF('6'!E7:E18,">15") -> 0 | G41: =COUNTIF('6'!J7:J18,">1") -> 5 | J41: ='6'!A41-'6'!E41 -> 0 | L41: ='6'!C41-'6'!G41 -> 7 | O41: =COUNTIF('6'!J7:J18,"<=0,5") -> 0 | S41: =COUNTIF('6'!J7:J18,"<=1,0") -> 7 | AJ41: Dosagem Final | AL41: =SUM(('6'!AK38+'6'!AM38)/'6'!Y30)*1000 -> 0 | AO41: Dosagem Final | AQ41: =SUM(('6'!AP38+'6'!AR38)/'6'!Y30)*1000 -> 5.8273776
O42: ÁGUA FILTRATADA | X42: SULFATO DE ALUMÍNIO
H43: Nº de amostras água tratada com turbidez <= 5,0 NTU | L43: Nº de amostras água tratada para aluminio | Q43: Nº de amostras com turbidez entre 0,5 e 1,0 NTU | X43: TINA 01 | Z43: TINA 02 | AB43: TINA 03 | AD43: TANQUE
X44: ALTURA | Y44: 63 | Z44: ALTURA | AA44: 0 | AB44: ALTURA | AC44: 155 | AF44: Volume total (L) | AG44: =SUM('6'!Y45,'6'!AA45,'6'!AC45,'6'!AE45) -> 216087.4 | AI44: CONSUMO DE SULFATO DE ALUMÍNIO ÀS 24:00hs
H45: =COUNTIF('6'!I7:I18,"<=5,0") -> 0 | L45: =COUNTA('6'!L37) -> 0 | Q45: ='6'!S41-'6'!O41 -> 7 | X45: VOLUME | Y45: ='6'!Y44*275.3 -> 17343.9 | Z45: VOLUME | AA45: =262.4*'6'!AA44 -> 0 | AB45: VOLUME | AC45: ='6'!AC44*277.7 -> 43043.5 | AD45: VOLUME | AE45: 155700 | AI45: TINA 01 | AK45: TINA 02 | AM45: TINA 03
X46: Densidade | Y46: ='6'!AS6 -> 1.33 | Z46: Densidade | AA46: ='6'!Y46 -> 1.33 | AB46: Densidade | AC46: ='6'!Y46 -> 1.33 | AD46: Densidade | AE46: ='6'!Y46 -> 1.33 | AF46: Peso Total (Kg) | AG46: =SUM('6'!Y47,'6'!AA47,'6'!AC47,'6'!AE47) -> 287396.24 | AI46: ALTURA | AK46: ALTURA | AM46: ALTURA
O47: ÁGUA TRATADA - CLORO RESIDUAL | X47: Peso(Kg) | Y47: ='6'!Y45*'6'!Y46 -> 23067.387 | Z47: Peso(Kg) | AA47: ='6'!AA45*'6'!AA46 -> 0 | AB47: Peso(Kg) | AC47: ='6'!AC45*'6'!AC46 -> 57247.855 | AD47: Peso(Kg) | AE47: ='6'!AE45*'6'!AE46 -> 207081 | AI47: VOLUME | AJ47: ='6'!AJ46*275.3 -> 0 | AK47: VOLUME | AL47: =262.4*'6'!AL46 -> 0 | AM47: VOLUME | AN47: ='6'!AN46*277.7 -> 0
AI48: Densidade | AJ48: ='6'!Y46 -> 1.33 | AK48: Densidade | AL48: ='6'!AJ48 -> 1.33 | AM48: Densidade | AN48: ='6'!AJ48 -> 1.33
O49: Nº de amostras de água tratada para cloro residual | R49: Nº de amostras de água tratada dentro dos padrões de cloro residual | AI49: Peso(Kg) | AJ49: ='6'!AJ47*'6'!AJ48 -> 0 | AK49: Peso(Kg) | AL49: ='6'!AL47*'6'!AL48 -> 0 | AM49: Peso(Kg) | AN49: ='6'!AN47*'6'!AN48 -> 0
X50: PAC - 18
O51: =COUNTA('6'!O7:O18) -> 0 | P51: =COUNTA('6'!W17:W28) -> 0 | R51: =COUNTIF('6'!O7:O18,">=0,5") -> 0 | X51: TINA 01 | Z51: TINA 02 | AB51: TINA 03 | AD51: TANQUE | AI51: CONSUMO DE PAC ÀS 24:00hs
X52: ALTURA | Z52: ALTURA | AB52: ALTURA | AF52: Volume total (L) | AG52: =SUM('6'!Y53,'6'!AA53,'6'!AC53,'6'!AE53) -> 0 | AI52: TINA 01 | AK52: TINA 02 | AM52: TINA 03
O53: ÁGUA TRATADA - PH | X53: VOLUME | Y53: ='6'!Y52*275.3 -> 0 | Z53: VOLUME | AA53: =262.4*'6'!AA52 -> 0 | AB53: VOLUME | AC53: ='6'!AC52*277.7 -> 0 | AD53: VOLUME | AE53: 0 | AI53: ALTURA | AJ53: 0 | AK53: ALTURA | AM53: ALTURA
X54: Densidade | Y54: ='6'!AS7 -> 1.377 | Z54: Densidade | AA54: ='6'!Y54 -> 1.377 | AB54: Densidade | AC54: ='6'!Y54 -> 1.377 | AD54: Densidade | AE54: ='6'!Y54 -> 1.377 | AF54: Peso Total (Kg) | AG54: =SUM('6'!Y55,'6'!AA55,'6'!AC55,'6'!AE55) -> 0 | AI54: VOLUME | AJ54: ='6'!AJ53*275.3 -> 0 | AK54: VOLUME | AL54: =262.4*'6'!AL53 -> 0 | AM54: VOLUME | AN54: ='6'!AN53*277.7 -> 0
O55: Nº de amostras de água tratada para PH | R55: Nº de amostras de água tratada dentro dos padrões de PH | X55: Peso(Kg) | Y55: ='6'!Y53*'6'!Y54 -> 0 | Z55: Peso(Kg) | AA55: ='6'!AA53*'6'!AA54 -> 0 | AB55: Peso(Kg) | AC55: ='6'!AC53*'6'!AC54 -> 0 | AD55: Peso(Kg) | AE55: ='6'!AE53*'6'!AE54 -> 0 | AI55: Densidade | AJ55: ='6'!Y54 -> 1.377 | AK55: Densidade | AL55: ='6'!AJ55 -> 1.377 | AM55: Densidade | AN55: ='6'!AJ55 -> 1.377
AI56: Peso(Kg) | AJ56: ='6'!AJ54*'6'!AJ55 -> 0 | AK56: Peso(Kg) | AL56: ='6'!AL54*'6'!AL55 -> 0 | AM56: Peso(Kg) | AN56: ='6'!AN54*'6'!AN55 -> 0
O57: =COUNTA('6'!N7:N18) -> 0 | R57: =COUNTIF('6'!N7:N18,">=6") -> 0
X58: ESTOQUE DE CLORO
AI59: CONTROLE DIÁRIO DO CONSUMO DE COAGULANTE
X60: Carretas com Cloro | AB60: Cilindros com Cloro | AI60: CLORETO DE POLIALUMÍNIO | AN60: SULFATO DE ALUMÍNIO
AI61: CONSUMO REAL | AL61: ='6'!AJ56+'6'!AL56+'6'!AN56 -> 0 | AN61: CONSUMO REAL | AQ61: =AJ49+AL49+AN49 -> 0
X62: Recebido | AB62: Recebido | AI62: CONSUMO TEÓRICO | AL62: =AA33 -> 0 | AN62: CONSUMO TEÓRICO | AQ62: =AA32 -> 43929.9
X63: Peso(kg) | AB63: Peso(kg) | AC63: 0 | AI63: DIFERENÇA | AL63: ='6'!AL61-'6'!AL62 -> 0 | AN63: DIFERENÇA | AQ63: =AQ61-AQ62 -> -43929.9
AC64: 0
X65: Saldo anterior (kg) | Y65: ='5'!$Y$68 -> #VALUE! | AB65: Saldo anterior (kg) | AC65: ='5'!$AC$68 -> 0
X66: Consumido | AB66: Consumido
X67: Peso(kg) | Y67: =SUM('6'!AK38,'6'!AP38) -> 1589 | AB67: Peso(kg) | AC67: =SUM('6'!AM38,'6'!AR38) -> 0
X68: Saldo(kg) | Y68: =SUM('6'!Y63,'6'!Y65)-'6'!Y67 -> #VALUE! | AB68: Saldo(kg) | AC68: =SUM('6'!AC63,'6'!AC65)-'6'!AC67-'6'!AC64 -> 0

Sheet 7
D2: CONTROLE DE ANÁLISE FÍSICO - QUÍMICAS \ ETA CASTELO BRANCO | AB2: CONTROLE DE PRODUTOS QUÍMICOS APLICADOS \ ETA CASTELO BRANCO
A4: HORA | B4: COR (Uc) | F4: TURBIDEZ (Ut) | K4: Ph | O4: CLORO RESIDUAL (mg/L) | R4: DOSAGEM DO COAGULANTE | T4: VAZÃO DA ETA | U4: TIPO DE COAGULANTE | V4: TÉCNICO | X4: Hora | Y4: Vazão ETA (l/s) | Z4: Vazão Coagulante (l/h) | AA4: Código | AB4: Dosagem (mg/l) | AC4: Vazão Polímero (l/h) | AD4: Dosagem (mg/l) | AE4: Pré 1 (Lib/dia) | AF4: Pré 1 (Kg/h) | AG4: Pré 2 (Lib/dia) | AH4: Pré 2 (Kg/h) | AI4: Pós (Lib/dia) | AJ4: Pós (Kg/h) | AK4: Pré 1 (Lib/dia) cilindros | AL4: Pré 1 (Kg/h) cilindros | AM4: Pré 2 (Lib/dia) cilindros | AN4: Pré 2 (Kg/h) cilindros | AO4: Pós (Lib/dia) cilindros | AP4: Pós (Kg/h) cilindros | AQ4: COAGULANTE | AU4: Tempo de Utilização (h)
AQ5: Codigo | AR5: Nome | AS5: d (g/ml) | AT5: C (%)
B6: Bruta | C6: DEC_1 | D6: DEC_2 | E6: TRAT | F6: Bruta | G6: DEC_1 | H6: DEC_2 | I6: TRAT | J6: FILT | K6: Bruta | L6: DEC_1 | M6: DEC_2 | N6: TRAT | O6: TRAT | P6: DEC_1 | Q6: DEC_2 | R6: L/h | S6: mg/l | T6: L/s | X6: 0.041666667 | Y6: 3171 | Z6: 1400 | AA6: 1 | AB6: =IF('6'!AA11=1,(('6'!Z11*'6'!$AS$6*'6'!$AT$6)/('6'!Y11*0.0036)),IF('6'!AA11=2,(('6'!Z11*'6'!$AS$7*'6'!$AT$7)/('6'!Y11*0.0036)))) -> 80.388906 | AF6: =('7'!AE6/24)*0.454 -> 0 | AH6: =('7'!AG6/24)*0.454 -> 0 | AI6: 3500 | AJ6: =('7'!AI6/24)*0.454 -> 66.208333 | AL6: =('7'!AK6/24)*0.454 -> 0 | AN6: =('7'!AM6/24)*0.454 -> 0 | AP6: =('7'!AO6/24)*0.454 -> 0 | AQ6: 1 | AR6: S.A.L | AS6: 1.33 | AT6: 0.5 | AU6: 0
A7: 0 | B7: 235 | C7: 16 | D7: 15 | F7: 55 | G7: 2.2 | H7: 1.5 | J7: 0.9 | K7: 6.9 | L7: 6.4 | M7: 6.4 | R7: ='6'!$Z$29 -> 1400 | S7: ='6'!$AB$29 -> 80.438915 | T7: ='6'!$Y$29 -> 3215 | U7: =IF('7'!AA6=1,'7'!AR6,'7'!AR7) -> S.A.L | V7: =ESCALA!$C$8 -> 0 | X7: 0.083333333 | Y7: 3196 | Z7: 1400 | AA7: 1 | AB7: =IF('6'!AA12=1,(('6'!Z12*'6'!$AS$6*'6'!$AT$6)/('6'!Y12*0.0036)),IF('6'!AA12=2,(('6'!Z12*'6'!$AS$7*'6'!$AT$7)/('6'!Y12*0.0036)))) -> 80.866514 | AF7: =('7'!AE7/24)*0.454 -> 0 | AH7: =('7'!AG7/24)*0.454 -> 0 | AI7: 3500 | AJ7: =('7'!AI7/24)*0.454 -> 66.208333 | AL7: =('7'!AK7/24)*0.454 -> 0 | AN7: =('7'!AM7/24)*0.454 -> 0 | AP7: =('7'!AO7/24)*0.454 -> 0 | AQ7: 2 | AR7: PAC 18 | AS7: 1.377 | AT7: 1 | AU7: 24
A8: 0.083333333 | B8: 223 | C8: 16 | D8: 15 | F8: 53 | G8: 2 | H8: 1.5 | J8: 0.9 | K8: 6.9 | L8: 6.4 | M8: 6.4 | R8: =Z7 -> 1400 | S8: =AB7 -> 80.866514 | T8: =Y7 -> 3196 | U8: =IF('7'!AA7=1,'7'!AR6,'7'!AR7) -> S.A.L | X8: 0.125 | Y8: 3165 | Z8: 1400 | AA8: 1 | AB8: =IF('6'!AA13=1,(('6'!Z13*'6'!$AS$6*'6'!$AT$6)/('6'!Y13*0.0036)),IF('6'!AA13=2,(('6'!Z13*'6'!$AS$7*'6'!$AT$7)/('6'!Y13*0.0036)))) -> 81.069314 | AF8: =('7'!AE8/24)*0.454 -> 0 | AH8: =('7'!AG8/24)*0.454 -> 0 | AI8: 3500 | AJ8: =('7'!AI8/24)*0.454 -> 66.208333 | AL8: =('7'!AK8/24)*0.454 -> 0 | AN8: =('7'!AM8/24)*0.454 -> 0 | AP8: =('7'!AO8/24)*0.454 -> 0 | AQ8: Polímero Catiônico
A9: 0.16666667 | B9: 215 | C9: 16 | D9: 15 | F9: 52 | G9: 1.9 | H9: 1.5 | J9: 0.9 | K9: 6.9 | L9: 6.4 | M9: 6.4 | R9: =Z9 -> 1400 | S9: =AB9 -> 83.964646 | T9: =Y9 -> 3191 | U9: =IF('7'!AA9=1,'7'!AR6,'7'!AR7) -> S.A.L | X9: 0.16666667 | Y9: 3191 | Z9: 1400 | AA9: 1 | AB9: =IF('6'!AA14=1,(('6'!Z14*'6'!$AS$6*'6'!$AT$6)/('6'!Y14*0.0036)),IF('6'!AA14=2,(('6'!Z14*'6'!$AS$7*'6'!$AT$7)/('6'!Y14*0.0036)))) -> 83.964646 | AF9: =('7'!AE9/24)*0.454 -> 0 | AH9: =('7'!AG9/24)*0.454 -> 0 | AI9: 3500 | AJ9: =('7'!AI9/24)*0.454 -> 66.208333 | AL9: =('7'!AK9/24)*0.454 -> 0 | AN9: =('7'!AM9/24)*0.454 -> 0 | AP9: =('7'!AO9/24)*0.454 -> 0 | AQ9: Nome | AT9: C (%)
A10: 0.25 | B10: 211 | C10: 16 | D10: 15 | F10: 51 | G10: 1.8 | H10: 1.5 | J10: 1 | K10: 6.9 | L10: 6.4 | M10: 6.4 | R10: =Z11 -> 1400 | S10: =AB11 -> 80.388906 | T10: =Y11 -> 3210 | U10: =IF('7'!AA11=1,'7'!AR6,'7'!AR7) -> S.A.L | X10: 0.20833333 | Y10: 3173 | Z10: 1400 | AA10: 1 | AB10: =IF('6'!AA15=1,(('6'!Z15*'6'!$AS$6*'6'!$AT$6)/('6'!Y15*0.0036)),IF('6'!AA15=2,(('6'!Z15*'6'!$AS$7*'6'!$AT$7)/('6'!Y15*0.0036)))) -> 76.599327 | AF10: =('7'!AE10/24)*0.454 -> 0 | AH10: =('7'!AG10/24)*0.454 -> 0 | AI10: 3500 | AJ10: =('7'!AI10/24)*0.454 -> 66.208333 | AL10: =('7'!AK10/24)*0.454 -> 0 | AN10: =('7'!AM10/24)*0.454 -> 0 | AP10: =('7'!AO10/24)*0.454 -> 0 | AQ10: Aguapol 200 | AT10: 0.002
A11: 0.33333333 | B11: 210 | C11: 19 | D11: 19 | F11: 51 | G11: 2.4 | H11: 1.9 | J11: 0.8 | K11: 6.9 | L11: 6.5 | M11: 6.5 | R11: =Z13 -> 1400 | S11: =AB13 -> 81.069314 | T11: =Y13 -> 3170 | U11: =IF('7'!AA13=1,'7'!AR6,'7'!AR7) -> S.A.L | X11: 0.25 | Y11: 3210 | Z11: 1400 | AA11: 1 | AB11: =IF('6'!AA11=1,(('6'!Z11*'6'!$AS$6*'6'!$AT$6)/('6'!Y11*0.0036)),IF('6'!AA11=2,(('6'!Z11*'6'!$AS$7*'6'!$AT$7)/('6'!Y11*0.0036)))) -> 80.388906 | AF11: =('7'!AE11/24)*0.454 -> 0 | AH11: =('7'!AG11/24)*0.454 -> 0 | AI11: 3500 | AJ11: =('7'!AI11/24)*0.454 -> 66.208333 | AL11: =('7'!AK11/24)*0.454 -> 0 | AN11: =('7'!AM11/24)*0.454 -> 0 | AP11: =('7'!AO11/24)*0.454 -> 0
A12: 0.41666667 | B12: 202 | C12: 21 | D12: 17 | F12: 50 | G12: 2.5 | H12: 1.7 | J12: 0.8 | K12: 6.9 | L12: 6.4 | M12: 6.4 | R12: =Z15 -> 1400 | S12: =AB15 -> 76.599327 | T12: =Y15 -> 0 | U12: =IF('7'!AA15=1,'7'!AR6,'7'!AR7) -> S.A.L | V12: =ESCALA!$B$9 -> 0 | X12: 0.29166667 | Y12: 3174 | Z12: 1400 | AA12: 1 | AB12: =IF('6'!AA12=1,(('6'!Z12*'6'!$AS$6*'6'!$AT$6)/('6'!Y12*0.0036)),IF('6'!AA12=2,(('6'!Z12*'6'!$AS$7*'6'!$AT$7)/('6'!Y12*0.0036)))) -> 80.866514 | AF12: =('7'!AE12/24)*0.454 -> 0 | AH12: =('7'!AG12/24)*0.454 -> 0 | AI12: 3500 | AJ12: =('7'!AI12/24)*0.454 -> 66.208333 | AL12: =('7'!AK12/24)*0.454 -> 0 | AN12: =('7'!AM12/24)*0.454 -> 0 | AP12: =('7'!AO12/24)*0.454 -> 0
A13: 0.5 | B13: 201 | C13: 20 | D13: 17 | F13: 51 | G13: 2.3 | H13: 1.7 | J13: 0.8 | K13: 6.9 | L13: 6.4 | M13: 6.4 | R13: =Z17 -> 1400 | S13: =AB17 -> 77.231756 | T13: =Y17 -> 3171 | U13: =IF('7'!AA17=1,'7'!AR6,'7'!AR7) -> S.A.L | X13: 0.33333333 | Y13: 3170 | Z13: 1400 | AA13: 1 | AB13: =IF('6'!AA13=1,(('6'!Z13*'6'!$AS$6*'6'!$AT$6)/('6'!Y13*0.0036)),IF('6'!AA13=2,(('6'!Z13*'6'!$AS$7*'6'!$AT$7)/('6'!Y13*0.0036)))) -> 81.069314 | AF13: =('7'!AE13/24)*0.454 -> 0 | AH13: =('7'!AG13/24)*0.454 -> 0 | AI13: 3500 | AJ13: =('7'!AI13/24)*0.454 -> 66.208333 | AL13: =('7'!AK13/24)*0.454 -> 0 | AN13: =('7'!AM13/24)*0.454 -> 0 | AP13: =('7'!AO13/24)*0.454 -> 0
A14: 0.58333333 | B14: 206 | C14: 21 | D14: 15 | F14: 50 | G14: 1.9 | H14: 1.2 | J14: 0.9 | K14: 6.9 | L14: 6.4 | M14: 6.4 | R14: =Z19 -> 1400 | S14: =AB19 -> 79.586846 | T14: =Y19 -> 3192 | U14: =IF('7'!AA19=1,'7'!AR6,'7'!AR7) -> S.A.L | X14: 0.375 | Z14: 1400 | AA14: 1 | AB14: =IF('6'!AA14=1,(('6'!Z14*'6'!$AS$6*'6'!$AT$6)/('6'!Y14*0.0036)),IF('6'!AA14=2,(('6'!Z14*'6'!$AS$7*'6'!$AT$7)/('6'!Y14*0.0036)))) -> 83.964646 | AF14: =('7'!AE14/24)*0.454 -> 0 | AH14: =('7'!AG14/24)*0.454 -> 0 | AI14: 3500 | AJ14: =('7'!AI14/24)*0.454 -> 66.208333 | AL14: =('7'!AK14/24)*0.454 -> 0 | AN14: =('7'!AM14/24)*0.454 -> 0 | AP14: =('7'!AO14/24)*0.454 -> 0
A15: 0.66666667 | B15: 214 | C15: 21 | D15: 18 | F15: 52 | G15: 2.4 | H15: 1.5 | J15: 0.9 | K15: 6.9 | L15: 6.5 | M15: 6.4 | R15: =Z21 -> 1400 | S15: =AB21 -> 81.854424 | T15: =Y21 -> 3177 | U15: =IF('7'!AA21=1,'7'!AR6,'7'!AR7) -> S.A.L | X15: 0.41666667 | Z15: 1400 | AA15: 1 | AB15: =IF('6'!AA15=1,(('6'!Z15*'6'!$AS$6*'6'!$AT$6)/('6'!Y15*0.0036)),IF('6'!AA15=2,(('6'!Z15*'6'!$AS$7*'6'!$AT$7)/('6'!Y15*0.0036)))) -> 76.599327 | AF15: =('7'!AE15/24)*0.454 -> 0 | AH15: =('7'!AG15/24)*0.454 -> 0 | AI15: 3500 | AJ15: =('7'!AI15/24)*0.454 -> 66.208333 | AL15: =('7'!AK15/24)*0.454 -> 0 | AN15: =('7'!AM15/24)*0.454 -> 0 | AP15: =('7'!AO15/24)*0.454 -> 0
A16: 0.75 | B16: 228 | C16: 21 | D16: 18 | F16: 57 | G16: 2.2 | H16: 1.3 | J16: 1 | K16: 6.9 | L16: 6.5 | M16: 6.4 | R16: =Z23 -> 1400 | S16: =AB23 -> 80.942445 | T16: =Y23 -> 3156 | U16: =IF('7'!AA23=1,'7'!AR6,'7'!AR7) -> S.A.L | X16: 0.45833333 | Z16: 1400 | AA16: 1 | AB16: =IF('6'!AA16=1,(('6'!Z16*'6'!$AS$6*'6'!$AT$6)/('6'!Y16*0.0036)),IF('6'!AA16=2,(('6'!Z16*'6'!$AS$7*'6'!$AT$7)/('6'!Y16*0.0036)))) -> 77.497739 | AF16: =('7'!AE16/24)*0.454 -> 0 | AH16: =('7'!AG16/24)*0.454 -> 0 | AI16: 3500 | AJ16: =('7'!AI16/24)*0.454 -> 66.208333 | AL16: =('7'!AK16/24)*0.454 -> 0 | AN16: =('7'!AM16/24)*0.454 -> 0 | AP16: =('7'!AO16/24)*0.454 -> 0
A17: 0.83333333 | B17: 241 | C17: 15 | D17: 13 | F17: 58 | G17: 1.6 | H17: 0.9 | J17: 0.9 | K17: 6.9 | L17: 6.5 | M17: 6.4 | R17: =Z25 -> 1400 | S17: =AB25 -> 81.145626 | T17: =Y25 -> 3173 | U17: =IF('7'!AA25=1,'7'!AR6,'7'!AR7) -> S.A.L | V17: =ESCALA!$C$9 -> 0 | X17: 0.5 | Y17: 3171 | Z17: 1400 | AA17: 1 | AB17: =IF('6'!AA17=1,(('6'!Z17*'6'!$AS$6*'6'!$AT$6)/('6'!Y17*0.0036)),IF('6'!AA17=2,(('6'!Z17*'6'!$AS$7*'6'!$AT$7)/('6'!Y17*0.0036)))) -> 77.231756 | AF17: =('7'!AE17/24)*0.454 -> 0 | AH17: =('7'!AG17/24)*0.454 -> 0 | AI17: 3500 | AJ17: =('7'!AI17/24)*0.454 -> 66.208333 | AL17: =('7'!AK17/24)*0.454 -> 0 | AN17: =('7'!AM17/24)*0.454 -> 0 | AP17: =('7'!AO17/24)*0.454 -> 0
A18: 0.91666667 | B18: 238 | C18: 22 | D18: 18 | F18: 60 | G18: 2 | H18: 1.3 | J18: 0.9 | K18: 6.9 | L18: 6.5 | M18: 6.4 | R18: =Z27 -> 1400 | S18: =AB27 -> 82.808553 | T18: =Y27 -> 3136 | U18: =IF('7'!AA27=1,'7'!AR6,'7'!AR7) -> S.A.L | X18: 0.54166667 | Y18: 3205 | Z18: 1400 | AA18: 1 | AB18: =IF('6'!AA18=1,(('6'!Z18*'6'!$AS$6*'6'!$AT$6)/('6'!Y18*0.0036)),IF('6'!AA18=2,(('6'!Z18*'6'!$AS$7*'6'!$AT$7)/('6'!Y18*0.0036)))) -> 77.716728 | AF18: =('7'!AE18/24)*0.454 -> 0 | AH18: =('7'!AG18/24)*0.454 -> 0 | AI18: 3500 | AJ18: =('7'!AI18/24)*0.454 -> 66.208333 | AL18: =('7'!AK18/24)*0.454 -> 0 | AN18: =('7'!AM18/24)*0.454 -> 0 | AP18: =('7'!AO18/24)*0.454 -> 0
A19: Média | B19: {=IF('7'!B7:B18>0.01,AVERAGE('7'!B7:B18),"")} -> 218.66667 | C19: {=IF('7'!C7:C18>0.01,AVERAGE('7'!C7:C18),"")} -> 18.666667 | D19: {=IF('7'!D7:D18>0.01,AVERAGE('7'!D7:D18),"")} -> 16.25 | E19: {=IF('7'!E7:E18>0.01,AVERAGE('7'!E7:E18),"")} | F19: {=IF('7'!F7:F18>0.01,AVERAGE('7'!F7:F18),"")} -> 53.333333 | G19: {=IF('7'!G7:G18>0.01,AVERAGE('7'!G7:G18),"")} -> 2.1 | H19: {=IF('7'!H7:H18>0.01,AVERAGE('7'!H7:H18),"")} -> 1.4583333 | I19: {=IF('7'!I7:I18>0.01,AVERAGE('7'!I7:I18),"")} | ... S19: {=IF('7'!S7:S18>0.01,AVERAGE('7'!S7:S18),"")} -> 80.574773 | X19: 0.58333333 | Y19: 3192 | Z19: 1400 | AA19: 1 | AB19: =IF('6'!AA19=1,(('6'!Z19*'6'!$AS$6*'6'!$AT$6)/('6'!Y19*0.0036)),IF('6'!AA19=2,(('6'!Z19*'6'!$AS$7*'6'!$AT$7)/('6'!Y19*0.0036)))) -> 79.586846 | AF19: =('7'!AE19/24)*0.454 -> 0 | AH19: =('7'!AG19/24)*0.454 -> 0 | AI19: 3500 | AJ19: =('7'!AI19/24)*0.454 -> 66.208333 | AL19: =('7'!AK19/24)*0.454 -> 0 | AN19: =('7'!AM19/24)*0.454 -> 0 | AP19: =('7'!AO19/24)*0.454 -> 0
A20: Máximo | B20: =MAX('7'!B7:B18) -> 241 | C20: =MAX('7'!C7:C18) -> 22 | D20: =MAX('7'!D7:D18) -> 19 | E20: =MAX('7'!E7:E18) -> 0 | F20: =MAX('7'!F7:F18) -> 60 | G20: =MAX('7'!G7:G18) -> 2.5 | H20: =MAX('7'!H7:H18) -> 1.9 | I20: =MAX('7'!I7:I18) -> 0 | ... S20: =MAX('7'!S7:S18) -> 83.964646 | X20: 0.625 | Y20: 3187 | Z20: 1400 | AA20: 1 | AB20: =IF('6'!AA20=1,(('6'!Z20*'6'!$AS$6*'6'!$AT$6)/('6'!Y20*0.0036)),IF('6'!AA20=2,(('6'!Z20*'6'!$AS$7*'6'!$AT$7)/('6'!Y20*0.0036)))) -> 79.043928 | AF20: =('7'!AE20/24)*0.454 -> 0 | AH20: =('7'!AG20/24)*0.454 -> 0 | AI20: 3500 | AJ20: =('7'!AI20/24)*0.454 -> 66.208333 | AL20: =('7'!AK20/24)*0.454 -> 0 | AN20: =('7'!AM20/24)*0.454 -> 0 | AP20: =('7'!AO20/24)*0.454 -> 0
A21: Mínimo | B21: =MIN('7'!B7:B18) -> 201 | C21: =MIN('7'!C7:C18) -> 15 | D21: =MIN('7'!D7:D18) -> 13 | E21: =MIN('7'!E7:E18) -> 0 | F21: =MIN('7'!F7:F18) -> 50 | G21: =MIN('7'!G7:G18) -> 1.6 | H21: =MIN('7'!H7:H18) -> 0.9 | I21: =MIN('7'!I7:I18) -> 0 | ... S21: =MIN('7'!S7:S18) -> 76.599327 | X21: 0.66666667 | Y21: 3177 | Z21: 1400 | AA21: 1 | AB21: =IF('6'!AA21=1,(('6'!Z21*'6'!$AS$6*'6'!$AT$6)/('6'!Y21*0.0036)),IF('6'!AA21=2,(('6'!Z21*'6'!$AS$7*'6'!$AT$7)/('6'!Y21*0.0036)))) -> 81.854424 | AF21: =('7'!AE21/24)*0.454 -> 0 | AH21: =('7'!AG21/24)*0.454 -> 0 | AI21: 3500 | AJ21: =('7'!AI21/24)*0.454 -> 66.208333 | AL21: =('7'!AK21/24)*0.454 -> 0 | AN21: =('7'!AM21/24)*0.454 -> 0 | AP21: =('7'!AO21/24)*0.454 -> 0
R22: Total | X22: 0.70833333 | Y22: 3177 | Z22: 1400 | AA22: 1 | AB22: =IF('6'!AA22=1,(('6'!Z22*'6'!$AS$6*'6'!$AT$6)/('6'!Y22*0.0036)),IF('6'!AA22=2,(('6'!Z22*'6'!$AS$7*'6'!$AT$7)/('6'!Y22*0.0036)))) -> 80.593319 | AF22: =('7'!AE22/24)*0.454 -> 0 | AH22: =('7'!AG22/24)*0.454 -> 0 | AI22: 3500 | AJ22: =('7'!AI22/24)*0.454 -> 66.208333 | AL22: =('7'!AK22/24)*0.454 -> 0 | AN22: =('7'!AM22/24)*0.454 -> 0 | AP22: =('7'!AO22/24)*0.454 -> 0
A23: TURBIDEZ DOS FILTROS DA 1ª E 2ª ETAPAS | S23: Litros | X23: 0.75 | Y23: 3156 | Z23: 1400 | AA23: 1 | AB23: =IF('6'!AA23=1,(('6'!Z23*'6'!$AS$6*'6'!$AT$6)/('6'!Y23*0.0036)),IF('6'!AA23=2,(('6'!Z23*'6'!$AS$7*'6'!$AT$7)/('6'!Y23*0.0036)))) -> 80.942445 | AF23: =('7'!AE23/24)*0.454 -> 0 | AH23: =('7'!AG23/24)*0.454 -> 0 | AI23: 3500 | AJ23: =('7'!AI23/24)*0.454 -> 66.208333 | AL23: =('7'!AK23/24)*0.454 -> 0 | AN23: =('7'!AM23/24)*0.454 -> 0 | AP23: =('7'!AO23/24)*0.454 -> 0
A24: HORA | B24: 1 | C24: 2 | D24: 3 | E24: 4 | F24: 5 | G24: 6 | H24: 7 | I24: 8 | J24: 9 | K24: 10 | L24: 11 | M24: 12 | N24: 13 | O24: 14 | P24: 15 | Q24: 16 | R24: 0 | S24: Kilos | X24: 0.79166667 | Y24: 3184 | Z24: 1400 | AA24: 1 | AB24: =IF('6'!AA24=1,(('6'!Z24*'6'!$AS$6*'6'!$AT$6)/('6'!Y24*0.0036)),IF('6'!AA24=2,(('6'!Z24*'6'!$AS$7*'6'!$AT$7)/('6'!Y24*0.0036)))) -> 80.664726 | AF24: =('7'!AE24/24)*0.454 -> 0 | AH24: =('7'!AG24/24)*0.454 -> 0 | AI24: 3500 | AJ24: =('7'!AI24/24)*0.454 -> 66.208333 | AL24: =('7'!AK24/24)*0.454 -> 0 | AN24: =('7'!AM24/24)*0.454 -> 0 | AP24: =('7'!AO24/24)*0.454 -> 0
A25: 0.41666667 | B25: 0.5 | C25: 0.4 | D25: 1.1 | E25: 1.4 | F25: 0.9 | G25: 1.1 | H25: 0.6 | I25: 0.4 | J25: 0.9 | K25: 0.8 | L25: 0.6 | M25: 0.3 | N25: 0.8 | O25: 0.5 | P25: 0.9 | T25: DATA | U25: =ESCALA!$A$10 -> 43929 | X25: 0.83333333 | Y25: 3173 | Z25: 1400 | AA25: 1 | AB25: =IF('6'!AA25=1,(('6'!Z25*'6'!$AS$6*'6'!$AT$6)/('6'!Y25*0.0036)),IF('6'!AA25=2,(('6'!Z25*'6'!$AS$7*'6'!$AT$7)/('6'!Y25*0.0036)))) -> 81.145626 | AF25: =('7'!AE25/24)*0.454 -> 0 | AH25: =('7'!AG25/24)*0.454 -> 0 | AI25: 3500 | AJ25: =('7'!AI25/24)*0.454 -> 66.208333 | AL25: =('7'!AK25/24)*0.454 -> 0 | AN25: =('7'!AM25/24)*0.454 -> 0 | AP25: =('7'!AO25/24)*0.454 -> 0
A26: 0.66666667 | X26: 0.875 | Y26: 3179 | Z26: 1400 | AA26: 1 | AB26: =IF('6'!AA26=1,(('6'!Z26*'6'!$AS$6*'6'!$AT$6)/('6'!Y26*0.0036)),IF('6'!AA26=2,(('6'!Z26*'6'!$AS$7*'6'!$AT$7)/('6'!Y26*0.0036)))) -> 84.022078 | AF26: =('7'!AE26/24)*0.454 -> 0 | AH26: =('7'!AG26/24)*0.454 -> 0 | AI26: 3500 | AJ26: =('7'!AI26/24)*0.454 -> 66.208333 | AL26: =('7'!AK26/24)*0.454 -> 0 | AN26: =('7'!AM26/24)*0.454 -> 0 | AP26: =('7'!AO26/24)*0.454 -> 0
A27: Média | B27: =#DIV/0! -> #DIV/0! | C27: =#DIV/0! -> #DIV/0! | D27: =#DIV/0! -> #DIV/0! | E27: =#DIV/0! -> #DIV/0! | F27: =#DIV/0! -> #DIV/0! | G27: =#DIV/0! -> #DIV/0! | H27: =#DIV/0! -> #DIV/0! | I27: =#DIV/0! -> #DIV/0! | ... Q27: =#DIV/0! -> #DIV/0! | X27: 0.91666667 | Y27: 3136 | Z27: 1400 | AA27: 1 | AB27: =IF('6'!AA27=1,(('6'!Z27*'6'!$AS$6*'6'!$AT$6)/('6'!Y27*0.0036)),IF('6'!AA27=2,(('6'!Z27*'6'!$AS$7*'6'!$AT$7)/('6'!Y27*0.0036)))) -> 82.808553 | AF27: =('7'!AE27/24)*0.454 -> 0 | AH27: =('7'!AG27/24)*0.454 -> 0 | AI27: 3500 | AJ27: =('7'!AI27/24)*0.454 -> 66.208333 | AL27: =('7'!AK27/24)*0.454 -> 0 | AN27: =('7'!AM27/24)*0.454 -> 0 | AP27: =('7'!AO27/24)*0.454 -> 0
A28: OBSERVAÇÕES | X28: 0.95833333 | Y28: 3168 | Z28: 1400 | AA28: 1 | AB28: =IF('6'!AA28=1,(('6'!Z28*'6'!$AS$6*'6'!$AT$6)/('6'!Y28*0.0036)),IF('6'!AA28=2,(('6'!Z28*'6'!$AS$7*'6'!$AT$7)/('6'!Y28*0.0036)))) -> 82.755556 | AF28: =('7'!AE28/24)*0.454 -> 0 | AH28: =('7'!AG28/24)*0.454 -> 0 | AI28: 3500 | AJ28: =('7'!AI28/24)*0.454 -> 66.208333 | AL28: =('7'!AK28/24)*0.454 -> 0 | AN28: =('7'!AM28/24)*0.454 -> 0 | AP28: =('7'!AO28/24)*0.454 -> 0
X29: 1 | Y29: 3182 | Z29: 1400 | AA29: 1 | AB29: =IF('6'!AA29=1,(('6'!Z29*'6'!$AS$6*'6'!$AT$6)/('6'!Y29*0.0036)),IF('6'!AA29=2,(('6'!Z29*'6'!$AS$7*'6'!$AT$7)/('6'!Y29*0.0036)))) -> 80.438915 | AF29: =('7'!AE29/24)*0.454 -> 0 | AH29: =('7'!AG29/24)*0.454 -> 0 | AI29: 3500 | AJ29: =('7'!AI29/24)*0.454 -> 66.208333 | AL29: =('7'!AK29/24)*0.454 -> 0 | AN29: =('7'!AM29/24)*0.454 -> 0 | AP29: =('7'!AO29/24)*0.454 -> 0
X30: Total | Y30: =SUM('7'!Y6:Y29)*3.6 -> 240253.2 | Z30: =SUM('7'!Z6:Z29) -> 33600 | AF30: =SUM('7'!AF6:AF29) -> 0 | AH30: =SUM('7'!AH6:AH29) -> 0 | AJ30: =SUM('7'!AJ6:AJ29) -> 1589 | AL30: =SUM('7'!AL6:AL29) -> 0 | AN30: =SUM('7'!AN6:AN29) -> 0 | AP30: =SUM('7'!AP6:AP29) -> 0
X32: S.A.L (l) - (kg) | Z32: =SUMIF('7'!AA6:AA29,"=1",'7'!Z6:Z29) -> 33600 | AA32: ='7'!Z32*'7'!AS6 -> 44688 | AB32: =SUMIF('7'!$AA$6:$AA$29,"=1",'7'!$AB$6:$AB$29)/COUNTIF('7'!$AA$6:$AA$29,"=1") -> 80.503335 | AC32: =SUMIF('7'!AA6:AA29,"=1",'7'!AC6:AC29) -> 0
X33: PAC 18 (l) - (kg) | Z33: =SUMIF('7'!AA6:AA29,"=2",'7'!Z6:Z29) -> 0 | AA33: ='7'!Z33*'7'!AS7 -> 0 | AB33: =SUMIF('7'!$AA$6:$AA$29,"=2",'7'!$AB$6:$AB$29)/COUNTIF('7'!$AA$6:$AA$29,"=2") -> #DIV/0! | AC33: =SUMIF('7'!AA6:AA29,"=2",'7'!AC6:AC29) -> 0
X34: Média | Y34: =AVERAGE('7'!Y6:Y29) -> 3177.9524 | Z34: =AVERAGE('7'!Z6:Z29) -> 1400 | AC34: =SUM('7'!AC6:AC29)/COUNTIF('7'!AC6:AC29,"<>0") -> 0 | AD34: =SUM('7'!AD6:AD29)/COUNTIF('7'!AD6:AD29,"<>0") -> 0 | AF34: =AVERAGE('7'!AF6:AF29) -> 0 | AH34: =AVERAGE('7'!AH6:AH29) -> 0 | AJ34: ='7'!AJ30/24 -> 66.208333 | AL34: =AVERAGE('7'!AL6:AL29) -> 0 | AN34: =AVERAGE('7'!AN6:AN29) -> 0 | AP34: =AVERAGE('7'!AP6:AP29) -> 0
C35: Alcalinidade (mg/L) | F35: Ferro (mg/L) | I35: Manganês (mg/L) | L35: Alumínio (mg/L) | U35: TÉCNICO | X35: Decantadores | AA35: Filtros | AC35: Decantadores 2ª etapa | AJ35: CLORAÇÃO INTERMEDIÁRIA | AO35: PÓS CLORAÇÃO
B36: HORA | C36: Bruta | D36: Dec. | E36: Trat (R-3) | F36: Bruta | G36: Filt. | H36: Trat (R-3) | I36: Bruta | J36: Filt. | K36: Trat (R-3) | L36: Trat (R-3) | X36: Lavados | Y36: 1 | AA36: Lavados | AB36: 6 | AC36: Descargas | AD36: 4
B37: 0.33333333 | C37: 48 | D37: 22 | F37: 1.4 | G37: 0.2 | I37: 0.2 | J37: 0.15 | U37: ='7'!V12 -> 0 | X37: HORAS OPERANDO | Z37: =COUNTA('7'!Z6:Z29) -> 24 | AC37: Tempo de duração | AD37: 60’ | AJ37: CARRETA | AL37: CILINDROS | AO37: CARRETA | AQ37: CILINDROS
B38: 0.66666667 | AJ38: CONSUMO | AK38: =SUM('7'!AF30+'7'!AH30) -> 0 | AL38: CONSUMO | AM38: =SUM('7'!AL30+'7'!AN30) -> 0 | AO38: CONSUMO | AP38: ='7'!AJ30 -> 1589 | AQ38: CONSUMO | AR38: ='7'!AP30 -> 0
A39: Nº amostras de água TRATADA | C39: Nº amostras de água FILTRADA | E39: Nº amostras de água tratada/filtrada FORA DO PADRÃO | J39: Nº amostras de água tratada/filtrada no PADRÃO | O39: Nº de amostras com turbidez menor ou igual a 0,5 NTU | R39: ÁGUA FILTRADA | S39: Nº de amostras com turbidez menor ou igual a 1,0 NTU | AJ39: DOSAGEM | AK39: =('7'!AK38/'7'!Y30)*1000 -> 0 | AL39: DOSAGEM | AM39: =('7'!AM38/'7'!Y30)*1000 -> 0 | AO39: DOSAGEM | AP39: =('7'!AP38/'7'!Y30)*1000 -> 6.6138557 | AQ39: DOSAGEM | AR39: =('7'!AR38/'7'!Y30)*1000 -> 0
A40: COR | B40: TURBIDEZ | C40: TURBIDEZ | E40: COR | G40: TURBIDEZ | J40: COR | L40: TURBIDEZ | X40: ESTOQUE DE COAGULANTE | AJ40: Consumo Total | AL40: =SUM('7'!AK38,'7'!AM38) -> 0 | AO40: Consumo Total | AQ40: =SUM('7'!AP38,'7'!AR38) -> 1589
A41: =COUNTA('7'!E7:E18) -> 0 | B41: =COUNTA('7'!I7:I18) -> 0 | C41: =COUNTA('7'!J7:J18) -> 12 | D41: =COUNTA('7'!K7:K18) -> 12 | E41: =COUNTIF('7'!E7:E18,">15") -> 0 | G41: =COUNTIF('7'!J7:J18,">1") -> 0 | J41: ='7'!A41-'7'!E41 -> 0 | L41: ='7'!C41-'7'!G41 -> 12 | O41: =COUNTIF('7'!J7:J18,"<=0,5") -> 0 | S41: =COUNTIF('7'!J7:J18,"<=1,0") -> 12 | AJ41: Dosagem Final | AL41: =SUM(('7'!AK38+'7'!AM38)/'7'!Y30)*1000 -> 0 | AO41: Dosagem Final | AQ41: =SUM(('7'!AP38+'7'!AR38)/'7'!Y30)*1000 -> 6.6138557
O42: ÁGUA FILTRATADA | X42: SULFATO DE ALUMÍNIO
H43: Nº de amostras água tratada com turbidez <= 5,0 NTU | L43: Nº de amostras água tratada para aluminio | Q43: Nº de amostras com turbidez entre 0,5 e 1,0 NTU | X43: TINA 01 | Z43: TINA 02 | AB43: TINA 03 | AD43: TANQUE
X44: ALTURA | Y44: 154 | Z44: ALTURA | AB44: ALTURA | AC44: 62 | AF44: Volume total (L) | AG44: =SUM('7'!Y45,'7'!AA45,'7'!AC45,'7'!AE45) -> 235683.6 | AI44: CONSUMO DE SULFATO DE ALUMÍNIO ÀS 24:00hs
H45: =COUNTIF('7'!I7:I18,"<=5,0") -> 0 | L45: =COUNTA('7'!L37) -> 0 | Q45: ='7'!S41-'7'!O41 -> 12 | X45: VOLUME | Y45: ='7'!Y44*275.3 -> 42396.2 | Z45: VOLUME | AA45: =262.4*'7'!AA44 -> 0 | AB45: VOLUME | AC45: ='7'!AC44*277.7 -> 17217.4 | AD45: VOLUME | AE45: 176070 | AI45: TINA 01 | AK45: TINA 02 | AM45: TINA 03
X46: Densidade | Y46: ='7'!AS6 -> 1.33 | Z46: Densidade | AA46: 0.1 | AB46: Densidade | AC46: ='7'!Y46 -> 1.33 | AD46: Densidade | AE46: ='7'!Y46 -> 1.33 | AF46: Peso Total (Kg) | AG46: =SUM('7'!Y47,'7'!AA47,'7'!AC47,'7'!AE47) -> 313459.19 | AI46: ALTURA | AK46: ALTURA | AM46: ALTURA
O47: ÁGUA TRATADA - CLORO RESIDUAL | X47: Peso(Kg) | Y47: ='7'!Y45*'7'!Y46 -> 56386.946 | Z47: Peso(Kg) | AA47: ='7'!AA45*'7'!AA46 -> 0 | AB47: Peso(Kg) | AC47: ='7'!AC45*'7'!AC46 -> 22899.142 | AD47: Peso(Kg) | AE47: ='7'!AE45*'7'!AE46 -> 234173.1 | AI47: VOLUME | AJ47: ='7'!AJ46*275.3 -> 0 | AK47: VOLUME | AL47: =262.4*'7'!AL46 -> 0 | AM47: VOLUME | AN47: ='7'!AN46*277.7 -> 0
AI48: Densidade | AJ48: ='7'!Y46 -> 1.33 | AK48: Densidade | AL48: ='7'!AJ48 -> 1.33 | AM48: Densidade | AN48: ='7'!AJ48 -> 1.33
O49: Nº de amostras de água tratada para cloro residual | R49: Nº de amostras de água tratada dentro dos padrões de cloro residual | AI49: Peso(Kg) | AJ49: ='7'!AJ47*'7'!AJ48 -> 0 | AK49: Peso(Kg) | AL49: ='7'!AL47*'7'!AL48 -> 0 | AM49: Peso(Kg) | AN49: ='7'!AN47*'7'!AN48 -> 0
X50: PAC - 18
O51: =COUNTA('7'!O7:O18) -> 0 | P51: =COUNTA('7'!W17:W28) -> 0 | R51: =COUNTIF('7'!O7:O18,">=0,5") -> 0 | X51: TINA 01 | Z51: TINA 02 | AB51: TINA 03 | AD51: TANQUE | AI51: CONSUMO DE PAC ÀS 24:00hs
X52: ALTURA | Z52: ALTURA | AB52: ALTURA | AF52: Volume total (L) | AG52: =SUM('7'!Y53,'7'!AA53,'7'!AC53,'7'!AE53) -> 0 | AI52: TINA 01 | AK52: TINA 02 | AM52: TINA 03
O53: ÁGUA TRATADA - PH | X53: VOLUME | Y53: ='7'!Y52*275.3 -> 0 | Z53: VOLUME | AA53: =262.4*'7'!AA52 -> 0 | AB53: VOLUME | AC53: ='7'!AC52*277.7 -> 0 | AD53: VOLUME | AE53: 0 | AI53: ALTURA | AK53: ALTURA | AM53: ALTURA
X54: Densidade | Y54: ='7'!AS7 -> 1.377 | Z54: Densidade | AA54: ='7'!Y54 -> 1.377 | AB54: Densidade | AC54: ='7'!Y54 -> 1.377 | AD54: Densidade | AE54: ='7'!Y54 -> 1.377 | AF54: Peso Total (Kg) | AG54: =SUM('7'!Y55,'7'!AA55,'7'!AC55,'7'!AE55) -> 0 | AI54: VOLUME | AJ54: ='7'!AJ53*275.3 -> 0 | AK54: VOLUME | AL54: =262.4*'7'!AL53 -> 0 | AM54: VOLUME | AN54: ='7'!AN53*277.7 -> 0
O55: Nº de amostras de água tratada para PH | R55: Nº de amostras de água tratada dentro dos padrões de PH | X55: Peso(Kg) | Y55: ='7'!Y53*'7'!Y54 -> 0 | Z55: Peso(Kg) | AA55: ='7'!AA53*'7'!AA54 -> 0 | AB55: Peso(Kg) | AC55: ='7'!AC53*'7'!AC54 -> 0 | AD55: Peso(Kg) | AE55: ='7'!AE53*'7'!AE54 -> 0 | AI55: Densidade | AJ55: ='7'!Y54 -> 1.377 | AK55: Densidade | AL55: ='7'!AJ55 -> 1.377 | AM55: Densidade | AN55: ='7'!AJ55 -> 1.377
AI56: Peso(Kg) | AJ56: ='7'!AJ54*'7'!AJ55 -> 0 | AK56: Peso(Kg) | AL56: ='7'!AL54*'7'!AL55 -> 0 | AM56: Peso(Kg) | AN56: ='7'!AN54*'7'!AN55 -> 0
O57: =COUNTA('7'!N7:N18) -> 0 | R57: =COUNTIF('7'!N7:N18,">=6") -> 0
X58: ESTOQUE DE CLORO
AI59: CONTROLE DIÁRIO DO CONSUMO DE COAGULANTE
X60: Carretas com Cloro | AB60: Cilindros com Cloro | AI60: CLORETO DE POLIALUMÍNIO | AN60: SULFATO DE ALUMÍNIO
AI61: CONSUMO REAL | AL61: ='7'!AJ56+'7'!AL56+'7'!AN56 -> 0 | AN61: CONSUMO REAL | AQ61: ='7'!AJ49+'7'!AL49+'7'!AN49 -> 0
X62: Recebido | AB62: Recebido | AI62: CONSUMO TEÓRICO | AL62: =AA33 -> 0 | AN62: CONSUMO TEÓRICO | AQ62: ='7'!AA32 -> 44688
X63: Peso(kg) | AB63: Peso(kg) | AI63: DIFERENÇA | AL63: ='7'!AL61-'7'!AL62 -> 0 | AN63: DIFERENÇA | AQ63: ='7'!AQ61-'7'!AQ62 -> -44688
X65: Saldo anterior (kg) | AB65: Saldo anterior (kg)
X66: Consumido | AB66: Consumido
X67: Peso(kg) | AB67: Peso(kg) | AC67: =SUM('7'!AM38,'7'!AR38) -> 0
X68: Saldo(kg) | Y68: =SUM('7'!Y63,'7'!Y65)-'7'!Y67 -> 0 | AB68: Saldo(kg) | AC68: =SUM('7'!AC63,'7'!AC65)-'7'!AC67 -> 0

Sheet 8
D2: CONTROLE DE ANÁLISE FÍSICO - QUÍMICAS \ ETA CASTELO BRANCO | AB2: CONTROLE DE PRODUTOS QUÍMICOS APLICADOS \ ETA CASTELO BRANCO
A4: HORA | B4: COR (Uc) | F4: TURBIDEZ (Ut) | K4: Ph | O4: CLORO RESIDUAL (mg/L) | R4: DOSAGEM DO COAGULANTE | T4: VAZÃO DA ETA | U4: TIPO DE COAGULANTE | V4: TÉCNICO | X4: Hora | Y4: Vazão ETA (l/s) | Z4: Vazão Coagulante (l/h) | AA4: Código | AB4: Dosagem (mg/l) | AC4: Vazão Polímero (l/h) | AD4: Dosagem (mg/l) | AE4: Pré 1 (Lib/dia) | AF4: Pré 1 (Kg/h) | AG4: Pré 2 (Lib/dia) | AH4: Pré 2 (Kg/h) | AI4: Pós (Lib/dia) | AJ4: Pós (Kg/h) | AK4: Pré 1 (Lib/dia) cilindros | AL4: Pré 1 (Kg/h) cilindros | AM4: Pré 2 (Lib/dia) cilindros | AN4: Pré 2 (Kg/h) cilindros | AO4: Pós (Lib/dia) cilindros | AP4: Pós (Kg/h) cilindros | AQ4: COAGULANTE | AU4: Tempo de Utilização (h)
AQ5: Codigo | AR5: Nome | AS5: d (g/ml) | AT5: C (%)
B6: Bruta | C6: DEC_1 | D6: DEC_2 | E6: TRAT | F6: Bruta | G6: DEC_1 | H6: DEC_2 | I6: TRAT | J6: FILT | K6: Bruta | L6: DEC_1 | M6: DEC_2 | N6: TRAT | O6: TRAT | P6: DEC_1 | Q6: DEC_2 | R6: L/h | S6: mg/l | T6: L/s | X6: 0.041666667 | Y6: 3186 | Z6: 1400 | AA6: 1 | AB6: =IF('8'!AA6=1,(('8'!Z6*'8'!$AS$6*'8'!$AT$6)/('8'!Y6*0.0036)),IF('8'!AA6=2,(('8'!Z6*'8'!$AS$7*'8'!$AT$7)/('8'!Y6*0.0036)))) -> 81.171096 | AD6: =(('8'!AC6*'8'!$Q$10*1000000))/('8'!Y6*3600) -> 0 | AF6: =('8'!AE6/24)*0.454 -> 0 | AH6: =('8'!AG6/24)*0.454 -> 0 | AI6: 3500 | AJ6: =('8'!AI6/24)*0.454 -> 66.208333 | AL6: =('8'!AK6/24)*0.454 -> 0 | AN6: =('8'!AM6/24)*0.454 -> 0 | AP6: =('8'!AO6/24)*0.454 -> 0 | AQ6: 1 | AR6: S.A.L | AS6: 1.33 | AT6: 0.5
A7: 0 | B7: 235 | C7: 18 | D7: 15 | F7: 59 | G7: 1.9 | H7: 1.5 | J7: 0.8 | K7: 6.9 | L7: 6.5 | M7: 6.4 | R7: ='7'!$Z$29 -> 1400 | S7: ='7'!AB29 -> 80.438915 | T7: ='7'!Y29 -> 3182 | U7: =IF('8'!AA6=1,'8'!AR6,'8'!AR7) -> S.A.L | V7: =ESCALA!$C$9 -> 0 | X7: 0.083333333 | Y7: 3192 | Z7: 1400 | AA7: 1 | AB7: =IF('8'!AA7=1,(('8'!Z7*'8'!$AS$6*'8'!$AT$6)/('8'!Y7*0.0036)),IF('8'!AA7=2,(('8'!Z7*'8'!$AS$7*'8'!$AT$7)/('8'!Y7*0.0036)))) -> 81.018519 | AD7: =(('8'!AC7*'8'!$Q$10*1000000))/('8'!Y7*3600) -> 0 | AF7: =('8'!AE7/24)*0.454 -> 0 | AH7: =('8'!AG7/24)*0.454 -> 0 | AI7: 3500 | AJ7: =('8'!AI7/24)*0.454 -> 66.208333 | AL7: =('8'!AK7/24)*0.454 -> 0 | AN7: =('8'!AM7/24)*0.454 -> 0 | AP7: =('8'!AO7/24)*0.454 -> 0 | AQ7: 2 | AR7: PAC 18 | AS7: 1.377 | AT7: 1 | AU7: 24
A8: 0.083333333 | B8: 232 | C8: 19 | D8: 16 | F8: 57 | G8: 1.9 | H8: 1.5 | J8: 0.8 | K8: 6.9 | L8: 6.5 | M8: 6.5 | R8: ='8'!Z7 -> 1400 | S8: ='8'!AB7 -> 81.018519 | T8: ='8'!Y7 -> 3192 | U8: =IF('8'!AA7=1,'8'!AR6,'8'!AR7) -> S.A.L | X8: 0.125 | Y8: 3226 | Z8: 1400 | AA8: 1 | AB8: =IF('8'!AA8=1,(('8'!Z8*'8'!$AS$6*'8'!$AT$6)/('8'!Y8*0.0036)),IF('8'!AA8=2,(('8'!Z8*'8'!$AS$7*'8'!$AT$7)/('8'!Y8*0.0036)))) -> 80.164635 | AD8: =(('8'!AC8*'8'!$Q$10*1000000))/('8'!Y8*3600) -> 0 | AF8: =('8'!AE8/24)*0.454 -> 0 | AH8: =('8'!AG8/24)*0.454 -> 0 | AI8: 3500 | AJ8: =('8'!AI8/24)*0.454 -> 66.208333 | AL8: =('8'!AK8/24)*0.454 -> 0 | AN8: =('8'!AM8/24)*0.454 -> 0 | AP8: =('8'!AO8/24)*0.454 -> 0 | AQ8: Polímero Catiônico
A9: 0.16666667 | B9: 228 | C9: 20 | D9: 17 | F9: 56 | G9: 1.9 | H9: 1.2 | J9: 0.9 | K9: 6.9 | L9: 6.5 | M9: 6.5 | R9: ='8'!Z9 -> 1400 | S9: ='8'!AB9 -> 81.890789 | T9: ='8'!Y9 -> 3158 | U9: =IF('8'!AA9=1,'8'!AR6,'8'!AR7) -> S.A.L | X9: 0.16666667 | Y9: 3158 | Z9: 1400 | AA9: 1 | AB9: =IF('8'!AA9=1,(('8'!Z9*'8'!$AS$6*'8'!$AT$6)/('8'!Y9*0.0036)),IF('8'!AA9=2,(('8'!Z9*'8'!$AS$7*'8'!$AT$7)/('8'!Y9*0.0036)))) -> 81.890789 | AD9: =(('8'!AC9*'8'!$Q$10*1000000))/('8'!Y9*3600) -> 0 | AF9: =('8'!AE9/24)*0.454 -> 0 | AH9: =('8'!AG9/24)*0.454 -> 0 | AI9: 3500 | AJ9: =('8'!AI9/24)*0.454 -> 66.208333 | AL9: =('8'!AK9/24)*0.454 -> 0 | AN9: =('8'!AM9/24)*0.454 -> 0 | AP9: =('8'!AO9/24)*0.454 -> 0 | AQ9: Nome | AT9: C (%)
A10: 0.25 | B10: 221 | C10: 21 | D10: 19 | F10: 54 | G10: 1.9 | H10: 1.2 | J10: 0.9 | K10: 7.1 | L10: 6.4 | M10: 6.4 | R10: ='8'!Z11 -> 1400 | S10: ='8'!AB11 -> 81.452318 | T10: ='8'!Y11 -> 3175 | U10: =IF('8'!AA11=1,'8'!AR6,'8'!AR7) -> S.A.L | X10: 0.20833333 | Y10: 3184 | Z10: 1400 | AA10: 1 | AB10: =IF('8'!AA10=1,(('8'!Z10*'8'!$AS$6*'8'!$AT$6)/('8'!Y10*0.0036)),IF('8'!AA10=2,(('8'!Z10*'8'!$AS$7*'8'!$AT$7)/('8'!Y10*0.0036)))) -> 81.222083 | AD10: =(('8'!AC10*'8'!$Q$10*1000000))/('8'!Y10*3600) -> 0 | AF10: =('8'!AE10/24)*0.454 -> 0 | AH10: =('8'!AG10/24)*0.454 -> 0 | AI10: 3500 | AJ10: =('8'!AI10/24)*0.454 -> 66.208333 | AL10: =('8'!AK10/24)*0.454 -> 0 | AN10: =('8'!AM10/24)*0.454 -> 0 | AP10: =('8'!AO10/24)*0.454 -> 0 | AQ10: Aguapol 200 | AT10: 0.002
A11: 0.33333333 | B11: 216 | C11: 21 | D11: 20 | F11: 50 | G11: 1.9 | H11: 1.4 | J11: 1 | K11: 6.9 | L11: 6.3 | M11: 6.3 | R11: ='8'!Z13 -> 1400 | S11: ='8'!AB13 -> 80.891808 | T11: ='8'!Y13 -> 3197 | U11: =IF('8'!AA13=1,'8'!AR6,'8'!AR7) -> S.A.L | X11: 0.25 | Y11: 3175 | Z11: 1400 | AA11: 1 | AB11: =IF('8'!AA11=1,(('8'!Z11*'8'!$AS$6*'8'!$AT$6)/('8'!Y11*0.0036)),IF('8'!AA11=2,(('8'!Z11*'8'!$AS$7*'8'!$AT$7)/('8'!Y11*0.0036)))) -> 81.452318 | AD11: =(('8'!AC11*'8'!$Q$10*1000000))/('8'!Y11*3600) -> 0 | AF11: =('8'!AE11/24)*0.454 -> 0 | AH11: =('8'!AG11/24)*0.454 -> 0 | AI11: 3500 | AJ11: =('8'!AI11/24)*0.454 -> 66.208333 | AL11: =('8'!AK11/24)*0.454 -> 0 | AN11: =('8'!AM11/24)*0.454 -> 0 | AP11: =('8'!AO11/24)*0.454 -> 0
A12: 0.41666667 | B12: 207 | C12: 21 | D12: 20 | F12: 49 | G12: 1.9 | H12: 1.3 | J12: 1 | K12: 6.9 | L12: 6.3 | M12: 6.3 | R12: ='8'!Z15 -> 1400 | S12: ='8'!AB15 -> 81.145626 | T12: ='8'!Y15 -> 3187 | U12: =IF('8'!AA15=1,'8'!AR6,'8'!AR7) -> S.A.L | V12: =ESCALA!$B$10 -> 0 | X12: 0.29166667 | Y12: 3188 | Z12: 1400 | AA12: 1 | AB12: =IF('8'!AA12=1,(('8'!Z12*'8'!$AS$6*'8'!$AT$6)/('8'!Y12*0.0036)),IF('8'!AA12=2,(('8'!Z12*'8'!$AS$7*'8'!$AT$7)/('8'!Y12*0.0036)))) -> 81.120173 | AD12: =(('8'!AC12*'8'!$Q$10*1000000))/('8'!Y12*3600) -> 0 | AF12: =('8'!AE12/24)*0.454 -> 0 | AH12: =('8'!AG12/24)*0.454 -> 0 | AI12: 3500 | AJ12: =('8'!AI12/24)*0.454 -> 66.208333 | AL12: =('8'!AK12/24)*0.454 -> 0 | AN12: =('8'!AM12/24)*0.454 -> 0 | AP12: =('8'!AO12/24)*0.454 -> 0
A13: 0.5 | B13: 208 | C13: 22 | D13: 2 | F13: 47 | G13: 2 | H13: 1.5 | J13: 1.1 | K13: 6.9 | L13: 6.3 | M13: 6.3 | R13: ='8'!Z17 -> 1400 | S13: ='8'!AB17 -> 81.503659 | T13: ='8'!Y17 -> 3173 | U13: =IF('8'!AA17=1,'8'!AR6,'8'!AR7) -> S.A.L | X13: 0.33333333 | Y13: 3197 | Z13: 1400 | AA13: 1 | AB13: =IF('8'!AA13=1,(('8'!Z13*'8'!$AS$6*'8'!$AT$6)/('8'!Y13*0.0036)),IF('8'!AA13=2,(('8'!Z13*'8'!$AS$7*'8'!$AT$7)/('8'!Y13*0.0036)))) -> 80.891808 | AD13: =(('8'!AC13*'8'!$Q$10*1000000))/('8'!Y13*3600) -> 0 | AF13: =('8'!AE13/24)*0.454 -> 0 | AH13: =('8'!AG13/24)*0.454 -> 0 | AI13: 3500 | AJ13: =('8'!AI13/24)*0.454 -> 66.208333 | AL13: =('8'!AK13/24)*0.454 -> 0 | AN13: =('8'!AM13/24)*0.454 -> 0 | AP13: =('8'!AO13/24)*0.454 -> 0
A14: 0.58333333 | B14: 210 | C14: 22 | D14: 21 | F14: 49 | G14: 2.1 | H14: 1.6 | J14: 1.1 | K14: 6.9 | L14: 6.3 | M14: 6.3 | R14: ='8'!Z19 -> 1400 | S14: ='8'!AB19 -> 82.124837 | T14: ='8'!Y19 -> 3149 | U14: =IF('8'!AA19=1,'8'!AR6,'8'!AR7) -> S.A.L | X14: 0.375 | Y14: 3182 | Z14: 1400 | AA14: 1 | AB14: =IF('8'!AA14=1,(('8'!Z14*'8'!$AS$6*'8'!$AT$6)/('8'!Y14*0.0036)),IF('8'!AA14=2,(('8'!Z14*'8'!$AS$7*'8'!$AT$7)/('8'!Y14*0.0036)))) -> 81.273134 | AD14: =(('8'!AC14*'8'!$Q$10*1000000))/('8'!Y14*3600) -> 0 | AF14: =('8'!AE14/24)*0.454 -> 0 | AH14: =('8'!AG14/24)*0.454 -> 0 | AI14: 3500 | AJ14: =('8'!AI14/24)*0.454 -> 66.208333 | AL14: =('8'!AK14/24)*0.454 -> 0 | AN14: =('8'!AM14/24)*0.454 -> 0 | AP14: =('8'!AO14/24)*0.454 -> 0
A15: 0.66666667 | B15: 222 | C15: 21 | D15: 19 | F15: 53 | G15: 2.1 | H15: 1.6 | J15: 1 | K15: 6.9 | L15: 6.3 | M15: 6.3 | R15: ='8'!Z21 -> 1400 | S15: ='8'!AB21 -> 81.401042 | T15: ='8'!Y21 -> 3177 | U15: =IF('8'!AA21=1,'8'!AR6,'8'!AR7) -> S.A.L | X15: 0.41666667 | Y15: 3187 | Z15: 1400 | AA15: 1 | AB15: =IF('8'!AA15=1,(('8'!Z15*'8'!$AS$6*'8'!$AT$6)/('8'!Y15*0.0036)),IF('8'!AA15=2,(('8'!Z15*'8'!$AS$7*'8'!$AT$7)/('8'!Y15*0.0036)))) -> 81.145626 | AD15: =(('8'!AC15*'8'!$Q$10*1000000))/('8'!Y15*3600) -> 0 | AF15: =('8'!AE15/24)*0.454 -> 0 | AH15: =('8'!AG15/24)*0.454 -> 0 | AI15: 3500 | AJ15: =('8'!AI15/24)*0.454 -> 66.208333 | AL15: =('8'!AK15/24)*0.454 -> 0 | AN15: =('8'!AM15/24)*0.454 -> 0 | AP15: =('8'!AO15/24)*0.454 -> 0
A16: 0.75 | B16: 247 | C16: 21 | D16: 18 | F16: 58 | G16: 2.2 | H16: 1.5 | J16: 1 | K16: 6.9 | L16: 6.3 | M16: 6.3 | R16: ='8'!Z23 -> 1400 | S16: ='8'!AB23 -> 80.866514 | T16: ='8'!Y23 -> 3198 | U16: =IF('8'!AA23=1,'8'!AR6,'8'!AR7) -> S.A.L | X16: 0.45833333 | Y16: 3177 | Z16: 1400 | AA16: 1 | AB16: =IF('8'!AA16=1,(('8'!Z16*'8'!$AS$6*'8'!$AT$6)/('8'!Y16*0.0036)),IF('8'!AA16=2,(('8'!Z16*'8'!$AS$7*'8'!$AT$7)/('8'!Y16*0.0036)))) -> 81.401042 | AD16: =(('8'!AC16*'8'!$Q$10*1000000))/('8'!Y16*3600) -> 0 | AF16: =('8'!AE16/24)*0.454 -> 0 | AH16: =('8'!AG16/24)*0.454 -> 0 | AI16: 3800 | AJ16: =('8'!AI16/24)*0.454 -> 71.883333 | AL16: =('8'!AK16/24)*0.454 -> 0 | AN16: =('8'!AM16/24)*0.454 -> 0 | AP16: =('8'!AO16/24)*0.454 -> 0
A17: 0.83333333 | B17: 250 | C17: 21 | D17: 19 | F17: 58 | G17: 2.1 | H17: 1.5 | J17: 1 | K17: 6.9 | L17: 6.3 | M17: 6.3 | R17: ='8'!Z25 -> 1400 | S17: ='8'!AB25 -> 81.069314 | T17: ='8'!Y25 -> 3190 | U17: =IF('8'!AA25=1,'8'!AR6,'8'!AR7) -> S.A.L | V17: =ESCALA!$C$10 -> 0 | X17: 0.5 | Y17: 3173 | Z17: 1400 | AA17: 1 | AB17: =IF('8'!AA17=1,(('8'!Z17*'8'!$AS$6*'8'!$AT$6)/('8'!Y17*0.0036)),IF('8'!AA17=2,(('8'!Z17*'8'!$AS$7*'8'!$AT$7)/('8'!Y17*0.0036)))) -> 81.503659 | AD17: =(('8'!AC17*'8'!$Q$10*1000000))/('8'!Y17*3600) -> 0 | AF17: =('8'!AE17/24)*0.454 -> 0 | AH17: =('8'!AG17/24)*0.454 -> 0 | AI17: 3800 | AJ17: =('8'!AI17/24)*0.454 -> 71.883333 | AL17: =('8'!AK17/24)*0.454 -> 0 | AN17: =('8'!AM17/24)*0.454 -> 0 | AP17: =('8'!AO17/24)*0.454 -> 0
A18: 0.91666667 | B18: 252 | C18: 20 | D18: 18 | F18: 59 | G18: 2.1 | H18: 1.7 | J18: 1 | K18: 6.9 | L18: 6.3 | M18: 6.3 | R18: ='8'!Z27 -> 1400 | S18: ='8'!AB27 -> 82.491582 | T18: ='8'!Y27 -> 3135 | U18: =IF('8'!AA27=1,'8'!AR6,'8'!AR7) -> S.A.L | X18: 0.54166667 | Y18: 3185 | Z18: 1400 | AA18: 1 | AB18: =IF('8'!AA18=1,(('8'!Z18*'8'!$AS$6*'8'!$AT$6)/('8'!Y18*0.0036)),IF('8'!AA18=2,(('8'!Z18*'8'!$AS$7*'8'!$AT$7)/('8'!Y18*0.0036)))) -> 81.196581 | AD18: =(('8'!AC18*'8'!$Q$10*1000000))/('8'!Y18*3600) -> 0 | AF18: =('8'!AE18/24)*0.454 -> 0 | AH18: =('8'!AG18/24)*0.454 -> 0 | AI18: 3800 | AJ18: =('8'!AI18/24)*0.454 -> 71.883333 | AL18: =('8'!AK18/24)*0.454 -> 0 | AN18: =('8'!AM18/24)*0.454 -> 0 | AP18: =('8'!AO18/24)*0.454 -> 0
A19: Média | B19: {=IF('8'!B7:B18>0.01,AVERAGE('8'!B7:B18),"")} -> 227.33333 | C19: {=IF('8'!C7:C18>0.01,AVERAGE('8'!C7:C18),"")} -> 20.583333 | D19: {=IF('8'!D7:D18>0.01,AVERAGE('8'!D7:D18),"")} -> 17 | E19: {=IF('8'!E7:E18>0.01,AVERAGE('8'!E7:E18),"")} | F19: {=IF('8'!F7:F18>0.01,AVERAGE('8'!F7:F18),"")} -> 54.083333 | G19: {=IF('8'!G7:G18>0.01,AVERAGE('8'!G7:G18),"")} -> 2 | H19: {=IF('8'!H7:H18>0.01,AVERAGE('8'!H7:H18),"")} -> 1.4583333 | I19: {=IF('8'!I7:I18>0.01,AVERAGE('8'!I7:I18),"")} | ... R19: {=IF('8'!R7:R18>0.01,AVERAGE('8'!R7:R18),"")} -> 1400 | S19: =AVERAGE('8'!S7:S18) -> 81.35791 | X19: 0.58333333 | Y19: 3149 | Z19: 1400 | AA19: 1 | AB19: =IF('8'!AA19=1,(('8'!Z19*'8'!$AS$6*'8'!$AT$6)/('8'!Y19*0.0036)),IF('8'!AA19=2,(('8'!Z19*'8'!$AS$7*'8'!$AT$7)/('8'!Y19*0.0036)))) -> 82.124837 | AD19: =(('8'!AC19*'8'!$Q$10*1000000))/('8'!Y19*3600) -> 0 | AF19: =('8'!AE19/24)*0.454 -> 0 | AH19: =('8'!AG19/24)*0.454 -> 0 | AI19: 3800 | AJ19: =('8'!AI19/24)*0.454 -> 71.883333 | AL19: =('8'!AK19/24)*0.454 -> 0 | AN19: =('8'!AM19/24)*0.454 -> 0 | AP19: =('8'!AO19/24)*0.454 -> 0
A20: Máximo | B20: =MAX('8'!B7:B18) -> 252 | C20: =MAX('8'!C7:C18) -> 22 | D20: =MAX('8'!D7:D18) -> 21 | E20: =MAX('8'!E7:E18) -> 0 | F20: =MAX('8'!F7:F18) -> 59 | G20: =MAX('8'!G7:G18) -> 2.2 | H20: =MAX('8'!H7:H18) -> 1.7 | I20: =MAX('8'!I7:I18) -> 0 | ... S20: =MAX('8'!S7:S18) -> 82.491582 | X20: 0.625 | Y20: 3167 | Z20: 1400 | AA20: 1 | AB20: =IF('8'!AA20=1,(('8'!Z20*'8'!$AS$6*'8'!$AT$6)/('8'!Y20*0.0036)),IF('8'!AA20=2,(('8'!Z20*'8'!$AS$7*'8'!$AT$7)/('8'!Y20*0.0036)))) -> 81.658071 | AD20: =(('8'!AC20*'8'!$Q$10*1000000))/('8'!Y20*3600) -> 0 | AF20: =('8'!AE20/24)*0.454 -> 0 | AH20: =('8'!AG20/24)*0.454 -> 0 | AI20: 3800 | AJ20: =('8'!AI20/24)*0.454 -> 71.883333 | AL20: =('8'!AK20/24)*0.454 -> 0 | AN20: =('8'!AM20/24)*0.454 -> 0 | AP20: =('8'!AO20/24)*0.454 -> 0
A21: Mínimo | B21: =MIN('8'!B7:B18) -> 207 | C21: =MIN('8'!C7:C18) -> 18 | D21: =MIN('8'!D7:D18) -> 2 | E21: =MIN('8'!E7:E18) -> 0 | F21: =MIN('8'!F7:F18) -> 47 | G21: =MIN('8'!G7:G18) -> 1.9 | H21: =MIN('8'!H7:H18) -> 1.2 | I21: =MIN('8'!I7:I18) -> 0 | ... S21: =MIN('8'!S7:S18) -> 80.438915 | X21: 0.66666667 | Y21: 3177 | Z21: 1400 | AA21: 1 | AB21: =IF('8'!AA21=1,(('8'!Z21*'8'!$AS$6*'8'!$AT$6)/('8'!Y21*0.0036)),IF('8'!AA21=2,(('8'!Z21*'8'!$AS$7*'8'!$AT$7)/('8'!Y21*0.0036)))) -> 81.401042 | AD21: =(('8'!AC21*'8'!$Q$10*1000000))/('8'!Y21*3600) -> 0 | AF21: =('8'!AE21/24)*0.454 -> 0 | AH21: =('8'!AG21/24)*0.454 -> 0 | AI21: 3800 | AJ21: =('8'!AI21/24)*0.454 -> 71.883333 | AL21: =('8'!AK21/24)*0.454 -> 0 | AN21: =('8'!AM21/24)*0.454 -> 0 | AP21: =('8'!AO21/24)*0.454 -> 0
R22: Total | X22: 0.70833333 | Y22: 3152 | Z22: 1400 | AA22: 1 | AB22: =IF('8'!AA22=1,(('8'!Z22*'8'!$AS$6*'8'!$AT$6)/('8'!Y22*0.0036)),IF('8'!AA22=2,(('8'!Z22*'8'!$AS$7*'8'!$AT$7)/('8'!Y22*0.0036)))) -> 82.046672 | AD22: =(('8'!AC22*'8'!$Q$10*1000000))/('8'!Y22*3600) -> 0 | AF22: =('8'!AE22/24)*0.454 -> 0 | AH22: =('8'!AG22/24)*0.454 -> 0 | AI22: 3800 | AJ22: =('8'!AI22/24)*0.454 -> 71.883333 | AL22: =('8'!AK22/24)*0.454 -> 0 | AN22: =('8'!AM22/24)*0.454 -> 0 | AP22: =('8'!AO22/24)*0.454 -> 0
A23: TURBIDEZ DOS FILTROS DA 1ª E 2ª ETAPAS | R23: 440 | S23: Litros | X23: 0.75 | Y23: 3198 | Z23: 1400 | AA23: 1 | AB23: =IF('8'!AA23=1,(('8'!Z23*'8'!$AS$6*'8'!$AT$6)/('8'!Y23*0.0036)),IF('8'!AA23=2,(('8'!Z23*'8'!$AS$7*'8'!$AT$7)/('8'!Y23*0.0036)))) -> 80.866514 | AD23: =(('8'!AC23*'8'!$Q$10*1000000))/('8'!Y23*3600) -> 0 | AF23: =('8'!AE23/24)*0.454 -> 0 | AH23: =('8'!AG23/24)*0.454 -> 0 | AI23: 3800 | AJ23: =('8'!AI23/24)*0.454 -> 71.883333 | AL23: =('8'!AK23/24)*0.454 -> 0 | AN23: =('8'!AM23/24)*0.454 -> 0 | AP23: =('8'!AO23/24)*0.454 -> 0
A24: HORA | B24: 1 | C24: 2 | D24: 3 | E24: 4 | F24: 5 | G24: 6 | H24: 7 | I24: 8 | J24: 9 | K24: 10 | L24: 11 | M24: 12 | N24: 13 | O24: 14 | P24: 15 | Q24: 16 | R24: 0 | S24: Kilos | X24: 0.79166667 | Y24: 3163 | Z24: 1400 | AA24: 1 | AB24: =IF('8'!AA24=1,(('8'!Z24*'8'!$AS$6*'8'!$AT$6)/('8'!Y24*0.0036)),IF('8'!AA24=2,(('8'!Z24*'8'!$AS$7*'8'!$AT$7)/('8'!Y24*0.0036)))) -> 81.761338 | AD24: =(('8'!AC24*'8'!$Q$10*1000000))/('8'!Y24*3600) -> 0 | AF24: =('8'!AE24/24)*0.454 -> 0 | AH24: =('8'!AG24/24)*0.454 -> 0 | AI24: 3800 | AJ24: =('8'!AI24/24)*0.454 -> 71.883333 | AL24: =('8'!AK24/24)*0.454 -> 0 | AN24: =('8'!AM24/24)*0.454 -> 0 | AP24: =('8'!AO24/24)*0.454 -> 0
A25: 0.41666667 | B25: 1.04 | C25: 0.99 | D25: 1.2 | E25: 1.02 | F25: 1.03 | G25: * | H25: 1.15 | I25: 0.98 | J25: 0.95 | K25: 1.05 | L25: 1.09 | M25: 0.95 | N25: 0.98 | O25: 1 | P25: 1.03 | Q25: * | R25: =#DIV/0! -> #DIV/0! | T25: DATA | U25: =ESCALA!$A$10 -> 43929 | X25: 0.83333333 | Y25: 3190 | Z25: 1400 | AA25: 1 | AB25: =IF('8'!AA25=1,(('8'!Z25*'8'!$AS$6*'8'!$AT$6)/('8'!Y25*0.0036)),IF('8'!AA25=2,(('8'!Z25*'8'!$AS$7*'8'!$AT$7)/('8'!Y25*0.0036)))) -> 81.069314 | AD25: =(('8'!AC25*'8'!$Q$10*1000000))/('8'!Y25*3600) -> 0 | AF25: =('8'!AE25/24)*0.454 -> 0 | AH25: =('8'!AG25/24)*0.454 -> 0 | AI25: 3800 | AJ25: =('8'!AI25/24)*0.454 -> 71.883333 | AL25: =('8'!AK25/24)*0.454 -> 0 | AN25: =('8'!AM25/24)*0.454 -> 0 | AP25: =('8'!AO25/24)*0.454 -> 0
A26: 0.66666667 | R26: =#DIV/0! -> #DIV/0! | X26: 0.875 | Y26: 3186 | Z26: 1400 | AA26: 1 | AB26: =IF('8'!AA26=1,(('8'!Z26*'8'!$AS$6*'8'!$AT$6)/('8'!Y26*0.0036)),IF('8'!AA26=2,(('8'!Z26*'8'!$AS$7*'8'!$AT$7)/('8'!Y26*0.0036)))) -> 81.171096 | AD26: =(('8'!AC26*'8'!$Q$10*1000000))/('8'!Y26*3600) -> 0 | AF26: =('8'!AE26/24)*0.454 -> 0 | AH26: =('8'!AG26/24)*0.454 -> 0 | AI26: 3800 | AJ26: =('8'!AI26/24)*0.454 -> 71.883333 | AL26: =('8'!AK26/24)*0.454 -> 0 | AN26: =('8'!AM26/24)*0.454 -> 0 | AP26: =('8'!AO26/24)*0.454 -> 0
A27: Média | B27: =#DIV/0! -> #DIV/0! | C27: =#DIV/0! -> #DIV/0! | D27: =#DIV/0! -> #DIV/0! | E27: =#DIV/0! -> #DIV/0! | F27: =#DIV/0! -> #DIV/0! | G27: =#DIV/0! -> #DIV/0! | H27: =#DIV/0! -> #DIV/0! | I27: =#DIV/0! -> #DIV/0! | ... Q27: =#DIV/0! -> #DIV/0! | X27: 0.91666667 | Y27: 3135 | Z27: 1400 | AA27: 1 | AB27: =IF('8'!AA27=1,(('8'!Z27*'8'!$AS$6*'8'!$AT$6)/('8'!Y27*0.0036)),IF('8'!AA27=2,(('8'!Z27*'8'!$AS$7*'8'!$AT$7)/('8'!Y27*0.0036)))) -> 82.491582 | AD27: =(('8'!AC27*'8'!$Q$10*1000000))/('8'!Y27*3600) -> 0 | AF27: =('8'!AE27/24)*0.454 -> 0 | AH27: =('8'!AG27/24)*0.454 -> 0 | AI27: 3800 | AJ27: =('8'!AI27/24)*0.454 -> 71.883333 | AL27: =('8'!AK27/24)*0.454 -> 0 | AN27: =('8'!AM27/24)*0.454 -> 0 | AP27: =('8'!AO27/24)*0.454 -> 0
A28: OBSERVAÇÕES | X28: 0.95833333 | Y28: 3185 | Z28: 1400 | AA28: 1 | AB28: =IF('8'!AA28=1,(('8'!Z28*'8'!$AS$6*'8'!$AT$6)/('8'!Y28*0.0036)),IF('8'!AA28=2,(('8'!Z28*'8'!$AS$7*'8'!$AT$7)/('8'!Y28*0.0036)))) -> 81.196581 | AD28: =(('8'!AC28*'8'!$Q$10*1000000))/('8'!Y28*3600) -> 0 | AF28: =('8'!AE28/24)*0.454 -> 0 | AH28: =('8'!AG28/24)*0.454 -> 0 | AI28: 3800 | AJ28: =('8'!AI28/24)*0.454 -> 71.883333 | AL28: =('8'!AK28/24)*0.454 -> 0 | AN28: =('8'!AM28/24)*0.454 -> 0 | AP28: =('8'!AO28/24)*0.454 -> 0
X29: 1 | Y29: 3215 | Z29: 1400 | AA29: 1 | AB29: =IF('8'!AA29=1,(('8'!Z29*'8'!$AS$6*'8'!$AT$6)/('8'!Y29*0.0036)),IF('8'!AA29=2,(('8'!Z29*'8'!$AS$7*'8'!$AT$7)/('8'!Y29*0.0036)))) -> 80.438915 | AD29: =(('8'!AC29*'8'!$Q$10*1000000))/('8'!Y29*3600) -> 0 | AF29: =('8'!AE29/24)*0.454 -> 0 | AH29: =('8'!AG29/24)*0.454 -> 0 | AI29: 3800 | AJ29: =('8'!AI29/24)*0.454 -> 71.883333 | AL29: =('8'!AK29/24)*0.454 -> 0 | AN29: =('8'!AM29/24)*0.454 -> 0 | AP29: =('8'!AO29/24)*0.454 -> 0
X30: Total | Y30: =SUM('8'!Y6:Y29)*3.6 -> 274777.2 | Z30: =SUM('8'!Z6:Z29) -> 33600 | AF30: =SUM('8'!AF6:AF29) -> 0 | AH30: =SUM('8'!AH6:AH29) -> 0 | AJ30: =SUM('8'!AJ6:AJ29) -> 1668.45 | AL30: =SUM('8'!AL6:AL29) -> 0 | AN30: =SUM('8'!AN6:AN29) -> 0 | AP30: =SUM('8'!AP6:AP29) -> 0
X32: S.A.L (l) - (kg) | Z32: =SUMIF('8'!AA6:AA29,"=1",'8'!Z6:Z29) -> 33600 | AA32: ='8'!Z32*'8'!AS6 -> 44688 | AB32: =SUMIF('8'!$AA$6:$AA$29,"=1",'8'!$AB$6:$AB$29)/COUNTIF('8'!$AA$6:$AA$29,"=1") -> 81.319893 | AC32: =SUMIF('8'!AA6:AA29,"=1",'8'!AC6:AC29) -> 0
X33: PAC 18 (l) - (kg) | Z33: =SUMIF('8'!AA6:AA29,"=2",'8'!Z6:Z29) -> 0 | AA33: ='8'!Z33*'8'!AS7 -> 0 | AB33: =SUMIF('8'!$AA$6:$AA$29,"=2",'8'!$AB$6:$AB$29)/COUNTIF('8'!$AA$6:$AA$29,"=2") -> #DIV/0! | AC33: =SUMIF('8'!AA6:AA29,"=2",'8'!AC6:AC29) -> 0
