Workbook
Name _FilterDatabase_0: #REF!
Name G: NA()
Name Hi: NA()
Name hii: NA()
Name Ho: NA()
Name maruza: [1]Jenipapo!$E$73
Name N: NA()
Name Resumo_da_Avaliação_do_Desempenho_do_Elo_Ibura: [1]Ibura!$A$11:$D$13
Name T: NA()
Name Vazão: NA()
Name Vi: NA()
Name Viii: NA()
Name W: NA()

Sheet ESCALA
A1: DATA | B1: ESCALA | C1: ESCALA
B2: 07:00h às 19:00h | C2: 19:00h às 07:00h
A3: 44317 | E3: DIGITAR PRIMEIRO DIA DO MÊS
A4: =ESCALA!A3+1 -> 44318
A5: =ESCALA!A4+1 -> 44319
A6: =ESCALA!A5+1 -> 44320
A7: =ESCALA!A6+1 -> 44321
A8: =ESCALA!A7+1 -> 44322
A9: =ESCALA!A8+1 -> 44323
A10: =ESCALA!A9+1 -> 44324
A11: =ESCALA!A10+1 -> 44325
A12: =ESCALA!A11+1 -> 44326
A13: =ESCALA!A12+1 -> 44327
A14: =ESCALA!A13+1 -> 44328
A15: =ESCALA!A14+1 -> 44329
... A33: =ESCALA!A32+1 -> 44347

Sheet 1
D2: CONTROLE DE ANÁLISE FÍSICO - QUÍMICAS \ ETA CASTELO BRANCO | AB2: CONTROLE DE PRODUTOS QUÍMICOS APLICADOS \ ETA CASTELO BRANCO
A4: HORA | B4: COR (Uc) | F4: TURBIDEZ (Ut) | K4: Ph | O4: CLORO RESIDUAL (mg/L) | R4: DOSAGEM DO COAGULANTE | T4: VAZÃO DA ETA | U4: TIPO DE COAGU LANTE | V4: TÉCNICO | X4: Hora | Y4: Vazão ETA (l/s) | Z4: Vazão Coagulante (l/h) | AA4: Código | AB4: Dosagem (mg/l) | AC4: Vazão Polímero (l/h) | AD4: Dosagem (mg/l) | AE4: Pré 1 (Lib/dia) | AF4: Pré 1 (Kg/h) | AG4: Pré 2 (Lib/dia) | AH4: Pré 2 (Kg/h) | AI4: Pós (Lib/dia) | AJ4: Pós (Kg/h) | AK4: Pré 1 (Lib/dia) cilindros | AL4: Pré 1 (Kg/h) cilindros | AM4: Pré 2 (Lib/dia) cilindros | AN4: Pré 2 (Kg/h) cilindros | AO4: Pós (Lib/dia) cilindros | AP4: Pós (Kg/h) cilindros | AQ4: COAGULANTE | AU4: Tempo de Utilização (h)
AQ5: Codigo | AR5: Nome | AS5: d (g/ml) | AT5: C (%)
B6: Bruta | C6: DEC_1 | D6: DEC_2 | E6: TRAT | F6: Bruta | G6: DEC_1 | H6: DEC_2 | I6: TRAT | J6: FILT | K6: Bruta | L6: DEC_1 | M6: DEC_2 | N6: TRAT | O6: TRAT | P6: DEC_1 | Q6: DEC_2 | R6: L/h | S6: mg/l | T6: L/s | X6: 0.041666667 | Y6: 2780 | Z6: 1897 | AA6: 1 | AB6: =IF('1'!AA6=1,(('1'!Z6*'1'!$AS$6*'1'!$AT$6)/('1'!Y6*0.0036)),IF('1'!AA6=2,(('1'!Z6*'1'!$AS$7*'1'!$AT$7)/('1'!Y6*0.0036)))) -> 126.04966 | AD6: =(('1'!AC6*'1'!$Q$10*1000000))/('1'!Z10*3600) -> 0 | AE6: 3000 | AF6: =('1'!AE6/24)*0.454 -> 56.75 | AG6: 500 | AH6: =('1'!AG6/24)*0.454 -> 9.4583333 | AI6: 3000 | AJ6: =('1'!AI6/24)*0.454 -> 56.75 | AL6: =('1'!AK6/24)*0.454 -> 0 | AN6: =('1'!AM6/24)*0.454 -> 0 | AP6: =('1'!AO6/24)*0.454 -> 0 | AQ6: 1 | AR6: S.A.L | AS6: 1.33 | AT6: 0.5 | AU6: 0
A7: 0 | B7: 1100 | C7: 60 | D7: 80 | E7: 5 | F7: 342 | G7: 52 | H7: 91 | I7: 0.92 | J7: 3.4 | K7: 6.8 | L7: 6 | M7: 5.7 | N7: 5.5 | O7: 3.2 | P7: 0.4 | Q7: 2 | U7: =IF('1'!AA6=1,'1'!AR6,'1'!AR7) -> S.A.L | X7: 0.083333333 | Y7: 2798 | Z7: 1897 | AA7: 1 | AB7: =IF('1'!AA7=1,(('1'!Z7*'1'!$AS$6*'1'!$AT$6)/('1'!Y7*0.0036)),IF('1'!AA7=2,(('1'!Z7*'1'!$AS$7*'1'!$AT$7)/('1'!Y7*0.0036)))) -> 125.23876 | AD7: =(('1'!AC7*'1'!$Q$10*1000000))/('1'!Z11*3600) -> 0 | AE7: 3000 | AF7: =('1'!AE7/24)*0.454 -> 56.75 | AG7: 500 | AH7: =('1'!AG7/24)*0.454 -> 9.4583333 | AI7: 3000 | AJ7: =('1'!AI7/24)*0.454 -> 56.75 | AL7: =('1'!AK7/24)*0.454 -> 0 | AN7: =('1'!AM7/24)*0.454 -> 0 | AP7: =('1'!AO7/24)*0.454 -> 0 | AQ7: 2 | AR7: PAC 18 | AS7: 1.262 | AT7: 1 | AU7: 24
A8: 0.083333333 | B8: 1100 | C8: 80 | D8: 60 | E8: 7.5 | F8: 340 | G8: 63 | H8: 74 | I8: 1.98 | J8: 3.2 | K8: 6.8 | L8: 5.7 | M8: 5.7 | N8: 5.5 | O8: 3.2 | P8: 0.3 | Q8: 2.2 | R8: ='1'!Z7 -> 1897 | S8: ='1'!AB7 -> 125.23876 | T8: ='1'!Y7 -> 2798 | U8: =IF('1'!AA7=1,'1'!AR6,'1'!AR7) -> S.A.L | X8: 0.125 | Y8: 2803 | Z8: 1897 | AA8: 1 | AB8: =IF('1'!AA8=1,(('1'!Z8*'1'!$AS$6*'1'!$AT$6)/('1'!Y8*0.0036)),IF('1'!AA8=2,(('1'!Z8*'1'!$AS$7*'1'!$AT$7)/('1'!Y8*0.0036)))) -> 125.01536 | AD8: =(('1'!AC8*'1'!$Q$10*1000000))/('1'!Z12*3600) -> 0 | AE8: 3000 | AF8: =('1'!AE8/24)*0.454 -> 56.75 | AG8: 500 | AH8: =('1'!AG8/24)*0.454 -> 9.4583333 | AI8: 3000 | AJ8: =('1'!AI8/24)*0.454 -> 56.75 | AL8: =('1'!AK8/24)*0.454 -> 0 | AN8: =('1'!AM8/24)*0.454 -> 0 | AP8: =('1'!AO8/24)*0.454 -> 0 | AQ8: Polímero Catiônico
A9: 0.16666667 | B9: 1100 | C9: 30 | D9: 20 | E9: 7.5 | F9: 336 | G9: 21 | H9: 11 | I9: 2.54 | J9: 2.6 | K9: 6.8 | L9: 5.7 | M9: 5.7 | N9: 5.5 | O9: 3.6 | P9: 0.7 | Q9: 2.4 | R9: ='1'!Z9 -> 1897 | S9: ='1'!AB9 -> 126.04966 | T9: ='1'!Y9 -> 2780 | U9: =IF('1'!AA9=1,'1'!AR6,'1'!AR7) -> S.A.L | X9: 0.16666667 | Y9: 2780 | Z9: 1897 | AA9: 1 | AB9: =IF('1'!AA9=1,(('1'!Z9*'1'!$AS$6*'1'!$AT$6)/('1'!Y9*0.0036)),IF('1'!AA9=2,(('1'!Z9*'1'!$AS$7*'1'!$AT$7)/('1'!Y9*0.0036)))) -> 126.04966 | AD9: =(('1'!AC9*'1'!$Q$10*1000000))/('1'!Z13*3600) -> 0 | AE9: 3000 | AF9: =('1'!AE9/24)*0.454 -> 56.75 | AG9: 500 | AH9: =('1'!AG9/24)*0.454 -> 9.4583333 | AI9: 3000 | AJ9: =('1'!AI9/24)*0.454 -> 56.75 | AL9: =('1'!AK9/24)*0.454 -> 0 | AN9: =('1'!AM9/24)*0.454 -> 0 | AP9: =('1'!AO9/24)*0.454 -> 0 | AQ9: Nome | AT9: C (%)
A10: 0.25 | B10: 1100 | C10: 15 | D10: 15 | E10: 5 | F10: 334 | G10: 3.9 | H10: 4.3 | I10: 1.8 | J10: 2.3 | K10: 6.8 | L10: 5.7 | M10: 5.7 | N10: 5.5 | O10: 3.8 | P10: 1.3 | Q10: 2.7 | R10: ='1'!Z11 -> 1897 | S10: ='1'!AB11 -> 128.83017 | T10: ='1'!Y11 -> 2720 | U10: =IF('1'!AA11=1,'1'!AR6,'1'!AR7) -> S.A.L | X10: 0.20833333 | Y10: 2771 | Z10: 1897 | AA10: 1 | AB10: =IF('1'!AA10=1,(('1'!Z10*'1'!$AS$6*'1'!$AT$6)/('1'!Y10*0.0036)),IF('1'!AA10=2,(('1'!Z10*'1'!$AS$7*'1'!$AT$7)/('1'!Y10*0.0036)))) -> 126.45906 | AD10: =(('1'!AC10*'1'!$Q$10*1000000))/('1'!Z14*3600) -> 0 | AE10: 3000 | AF10: =('1'!AE10/24)*0.454 -> 56.75 | AG10: 500 | AH10: =('1'!AG10/24)*0.454 -> 9.4583333 | AI10: 3000 | AJ10: =('1'!AI10/24)*0.454 -> 56.75 | AL10: =('1'!AK10/24)*0.454 -> 0 | AN10: =('1'!AM10/24)*0.454 -> 0 | AP10: =('1'!AO10/24)*0.454 -> 0 | AQ10: Aguapol 200 | AT10: 0.002
A11: 0.33333333 | B11: 1100 | C11: 12.5 | D11: 5 | E11: 2.5 | F11: 286 | G11: 3.7 | H11: 2 | I11: 1.2 | J11: 1 | K11: 7 | L11: 4.8 | M11: 4.8 | N11: 5.7 | O11: 3.8 | P11: 0.1 | Q11: 0 | R11: ='1'!Z13 -> 1897 | S11: ='1'!AB13 -> 127.28589 | T11: ='1'!Y13 -> 2753 | U11: =IF('1'!AA13=1,'1'!AR6,'1'!AR7) -> S.A.L | X11: 0.25 | Y11: 2720 | Z11: 1897 | AA11: 1 | AB11: =IF('1'!AA11=1,(('1'!Z11*'1'!$AS$6*'1'!$AT$6)/('1'!Y11*0.0036)),IF('1'!AA11=2,(('1'!Z11*'1'!$AS$7*'1'!$AT$7)/('1'!Y11*0.0036)))) -> 128.83017 | AD11: =(('1'!AC11*'1'!$Q$10*1000000))/('1'!Z15*3600) -> 0 | AE11: 3000 | AF11: =('1'!AE11/24)*0.454 -> 56.75 | AG11: 500 | AH11: =('1'!AG11/24)*0.454 -> 9.4583333 | AI11: 3000 | AJ11: =('1'!AI11/24)*0.454 -> 56.75 | AL11: =('1'!AK11/24)*0.454 -> 0 | AN11: =('1'!AM11/24)*0.454 -> 0 | AP11: =('1'!AO11/24)*0.454 -> 0
A12: 0.41666667 | B12: 1100 | C12: 12.5 | D12: 5 | E12: 2.5 | F12: 278 | G12: 3.5 | H12: 1.9 | I12: 1.2 | J12: 1 | K12: 7 | L12: 4.8 | M12: 4.8 | N12: 5.7 | O12: 3.8 | P12: 0.1 | Q12: 0 | R12: ='1'!Z15 -> 1897 | S12: ='1'!AB15 -> 125.37319 | T12: ='1'!Y15 -> 2795 | U12: =IF('1'!AA15=1,'1'!AR6,'1'!AR7) -> S.A.L | V12: =ESCALA!$B$3 -> 0 | X12: 0.29166667 | Y12: 2794 | Z12: 1897 | AA12: 1 | AB12: =IF('1'!AA12=1,(('1'!Z12*'1'!$AS$6*'1'!$AT$6)/('1'!Y12*0.0036)),IF('1'!AA12=2,(('1'!Z12*'1'!$AS$7*'1'!$AT$7)/('1'!Y12*0.0036)))) -> 125.41806 | AD12: =(('1'!AC12*'1'!$Q$10*1000000))/('1'!Z16*3600) -> 0 | AE12: 3000 | AF12: =('1'!AE12/24)*0.454 -> 56.75 | AG12: 500 | AH12: =('1'!AG12/24)*0.454 -> 9.4583333 | AI12: 3000 | AJ12: =('1'!AI13/24)*0.454 -> 56.75 | AL12: =('1'!AK12/24)*0.454 -> 0 | AN12: =('1'!AM12/24)*0.454 -> 0 | AP12: =('1'!AO12/24)*0.454 -> 0
A13: 0.5 | B13: 1100 | C13: 12.5 | D13: 5 | E13: 2.5 | F13: 291 | G13: 3.6 | H13: 1.9 | I13: 1.01 | J13: 1 | K13: 7 | L13: 4.8 | M13: 4.8 | N13: 5.7 | O13: 3.8 | P13: 0.2 | Q13: 0 | R13: ='1'!Z17 -> 1897 | S13: ='1'!AB17 -> 125.68797 | T13: ='1'!Y17 -> 2788 | U13: =IF('1'!AA17=1,'1'!AR6,'1'!AR7) -> S.A.L | X13: 0.33333333 | Y13: 2753 | Z13: 1897 | AA13: 1 | AB13: =IF('1'!AA13=1,(('1'!Z13*'1'!$AS$6*'1'!$AT$6)/('1'!Y13*0.0036)),IF('1'!AA13=2,(('1'!Z13*'1'!$AS$7*'1'!$AT$7)/('1'!Y13*0.0036)))) -> 127.28589 | AD13: =(('1'!AC13*'1'!$Q$10*1000000))/('1'!Z17*3600) -> 0 | AE13: 3000 | AF13: =('1'!AE13/24)*0.454 -> 56.75 | AG13: 500 | AH13: =('1'!AG13/24)*0.454 -> 9.4583333 | AI13: 3000 | AJ13: =('1'!#REF!/24)*0.454 -> #REF! | AL13: =('1'!AK13/24)*0.454 -> 0 | AN13: =('1'!AM13/24)*0.454 -> 0 | AP13: =('1'!AO13/24)*0.454 -> 0
A14: 0.58333333 | B14: 1100 | C14: 12.5 | D14: 5 | E14: 2.5 | F14: 311 | G14: 3.6 | H14: 1.9 | I14: 0.8 | J14: 1.1 | K14: 7 | L14: 4.8 | M14: 4.8 | N14: 5.7 | O14: 3.8 | P14: 0.3 | Q14: 0 | R14: ='1'!Z19 -> 1406 | S14: ='1'!AB19 -> 116.72784 | T14: ='1'!Y19 -> 2225 | U14: =IF('1'!AA19=1,'1'!AR6,'1'!AR7) -> S.A.L | X14: 0.375 | Y14: 2784 | Z14: 1897 | AA14: 1 | AB14: =IF('1'!AA14=1,(('1'!Z14*'1'!$AS$6*'1'!$AT$6)/('1'!Y14*0.0036)),IF('1'!AA14=2,(('1'!Z14*'1'!$AS$7*'1'!$AT$7)/('1'!Y14*0.0036)))) -> 125.86855 | AD14: =(('1'!AC14*'1'!$Q$10*1000000))/('1'!Z18*3600) -> 0 | AE14: 3000 | AF14: =('1'!AE14/24)*0.454 -> 56.75 | AG14: 500 | AH14: =('1'!AG14/24)*0.454 -> 9.4583333 | AI14: 3000 | AJ14: =('1'!AI14/24)*0.454 -> 56.75 | AL14: =('1'!AK14/24)*0.454 -> 0 | AN14: =('1'!AM14/24)*0.454 -> 0 | AP14: =('1'!AO14/24)*0.454 -> 0
A15: 0.66666667 | B15: 1100 | C15: 12.5 | D15: 7.5 | E15: 2.5 | F15: 265 | G15: 3.3 | H15: 2.5 | I15: 1 | J15: 1.8 | K15: 7 | L15: 4.8 | M15: 4.8 | N15: 5.7 | O15: 3.8 | P15: 1 | Q15: 1.8 | R15: ='1'!Z21 -> 1406 | S15: ='1'!AB21 -> 110.8491 | T15: ='1'!Y21 -> 2343 | U15: =IF('1'!AA21=1,'1'!AR6,'1'!AR7) -> S.A.L | X15: 0.41666667 | Y15: 2795 | Z15: 1897 | AA15: 1 | AB15: =IF('1'!AA15=1,(('1'!Z15*'1'!$AS$6*'1'!$AT$6)/('1'!Y15*0.0036)),IF('1'!AA15=2,(('1'!Z15*'1'!$AS$7*'1'!$AT$7)/('1'!Y15*0.0036)))) -> 125.37319 | AD15: =(('1'!AC15*'1'!$Q$10*1000000))/('1'!Z19*3600) -> 0 | AE15: 3000 | AF15: =('1'!AE15/24)*0.454 -> 56.75 | AG15: 500 | AH15: =('1'!AG15/24)*0.454 -> 9.4583333 | AI15: 3000 | AJ15: =('1'!AI15/24)*0.454 -> 56.75 | AL15: =('1'!AK15/24)*0.454 -> 0 | AN15: =('1'!AM15/24)*0.454 -> 0 | AP15: =('1'!AO15/24)*0.454 -> 0
A16: 0.75 | B16: 1100 | C16: 12.5 | D16: 15 | E16: 2.5 | F16: 235 | G16: 2.8 | H16: 5.6 | I16: 1.3 | J16: 2.7 | K16: 7 | L16: 4.8 | M16: 4.8 | N16: 5.7 | O16: 3.7 | P16: 1.5 | Q16: 2.5 | R16: ='1'!Z23 -> 1406 | S16: ='1'!AB23 -> 110.56596 | T16: ='1'!Y23 -> 2349 | U16: =IF('1'!AA23=1,'1'!AR6,'1'!AR7) -> S.A.L | X16: 0.45833333 | Y16: 2783 | Z16: 1897 | AA16: 1 | AB16: =IF('1'!AA16=1,(('1'!Z16*'1'!$AS$6*'1'!$AT$6)/('1'!Y16*0.0036)),IF('1'!AA16=2,(('1'!Z16*'1'!$AS$7*'1'!$AT$7)/('1'!Y16*0.0036)))) -> 125.91378 | AD16: =(('1'!AC16*'1'!$Q$10*1000000))/('1'!Z20*3600) -> 0 | AE16: 3000 | AF16: =('1'!AE16/24)*0.454 -> 56.75 | AG16: 500 | AH16: =('1'!AG16/24)*0.454 -> 9.4583333 | AI16: 3000 | AJ16: =('1'!AI16/24)*0.454 -> 56.75 | AL16: =('1'!AK16/24)*0.454 -> 0 | AN16: =('1'!AM16/24)*0.454 -> 0 | AP16: =('1'!AO16/24)*0.454 -> 0
A17: 0.83333333 | B17: 1100 | C17: 12.5 | D17: 17.5 | E17: 2.5 | F17: 216 | G17: 3.2 | H17: 6.6 | I17: 1.2 | J17: 1.6 | K17: 7 | L17: 4.8 | M17: 4.8 | N17: 5.7 | O17: 3.8 | P17: 1.7 | Q17: 2.5 | R17: ='1'!Z25 -> 1823 | S17: ='1'!AB25 -> 114.34588 | T17: ='1'!Y25 -> 2945 | U17: =IF('1'!AA25=1,'1'!AR6,'1'!AR7) -> S.A.L | V17: =ESCALA!$C$3 -> 0 | X17: 0.5 | Y17: 2788 | Z17: 1897 | AA17: 1 | AB17: =IF('1'!AA17=1,(('1'!Z17*'1'!$AS$6*'1'!$AT$6)/('1'!Y17*0.0036)),IF('1'!AA17=2,(('1'!Z17*'1'!$AS$7*'1'!$AT$7)/('1'!Y17*0.0036)))) -> 125.68797 | AD17: =(('1'!AC17*'1'!$Q$10*1000000))/('1'!Z21*3600) -> 0 | AE17: 3000 | AF17: =('1'!AE17/24)*0.454 -> 56.75 | AG17: 500 | AH17: =('1'!AG17/24)*0.454 -> 9.4583333 | AI17: 3000 | AJ17: =('1'!AI17/24)*0.454 -> 56.75 | AL17: =('1'!AK17/24)*0.454 -> 0 | AN17: =('1'!AM17/24)*0.454 -> 0 | AP17: =('1'!AO17/24)*0.454 -> 0
A18: 0.91666667 | B18: 1100 | C18: 12.5 | D18: 17.5 | E18: 2.5 | F18: 212 | G18: 3.4 | H18: 6.4 | I18: 1.1 | J18: 1.4 | K18: 7 | L18: 4.8 | M18: 4.8 | N18: 5.7 | O18: 3.8 | P18: 1.8 | Q18: 2.5 | R18: ='1'!Z27 -> 1823 | S18: ='1'!AB27 -> 118.15741 | T18: ='1'!Y27 -> 2850 | U18: =IF('1'!AA27=1,'1'!AR6,'1'!AR7) -> S.A.L | X18: 0.54166667 | Y18: 2821 | Z18: 1897 | AA18: 1 | AB18: =IF('1'!AA18=1,(('1'!Z18*'1'!$AS$6*'1'!$AT$6)/('1'!Y18*0.0036)),IF('1'!AA18=2,(('1'!Z18*'1'!$AS$7*'1'!$AT$7)/('1'!Y18*0.0036)))) -> 124.21767 | AD18: =(('1'!AC18*'1'!$Q$10*1000000))/('1'!Z22*3600) -> 0 | AE18: 3000 | AF18: =('1'!AE18/24)*0.454 -> 56.75 | AG18: 500 | AH18: =('1'!AG18/24)*0.454 -> 9.4583333 | AI18: 3000 | AJ18: =('1'!AI18/24)*0.454 -> 56.75 | AL18: =('1'!AK18/24)*0.454 -> 0 | AN18: =('1'!AM18/24)*0.454 -> 0 | AP18: =('1'!AO18/24)*0.454 -> 0
A19: Média | B19: {=IF('1'!B7:B18>0.01,AVERAGE('1'!B7:B18),"")} -> 1100 | C19: {=IF('1'!C7:C18>0.01,AVERAGE('1'!C7:C18),"")} -> 23.75 | D19: {=IF('1'!D7:D18>0.01,AVERAGE('1'!D7:D18),"")} -> 21.041667 | E19: {=IF('1'!E7:E18>0.01,AVERAGE('1'!E7:E18),"")} -> 3.75 | F19: {=IF('1'!F7:F18>0.01,AVERAGE('1'!F7:F18),"")} -> 287.16667 | G19: {=IF('1'!G7:G18>0.01,AVERAGE('1'!G7:G18),"")} -> 13.916667 | H19: {=IF('1'!H7:H18>0.01,AVERAGE('1'!H7:H18),"")} -> 17.425 | I19: {=IF('1'!I7:I18>0.01,AVERAGE('1'!I7:I18),"")} -> 1.3375 | ... S19: {=IF('1'!S7:S18>0.01,AVERAGE('1'!S7:S18),"")} | X19: 0.58333333 | Y19: 2225 | Z19: 1406 | AA19: 1 | AB19: =IF('1'!AA19=1,(('1'!Z19*'1'!$AS$6*'1'!$AT$6)/('1'!Y19*0.0036)),IF('1'!AA19=2,(('1'!Z19*'1'!$AS$7*'1'!$AT$7)/('1'!Y19*0.0036)))) -> 116.72784 | AD19: =(('1'!AC19*'1'!$Q$10*1000000))/('1'!Z23*3600) -> 0 | AE19: 3000 | AF19: =('1'!AE19/24)*0.454 -> 56.75 | AG19: 500 | AH19: =('1'!AG19/24)*0.454 -> 9.4583333 | AI19: 3000 | AJ19: =('1'!AI19/24)*0.454 -> 56.75 | AL19: =('1'!AK19/24)*0.454 -> 0 | AN19: =('1'!AM19/24)*0.454 -> 0 | AP19: =('1'!AO19/24)*0.454 -> 0
A20: Máximo | B20: =MAX('1'!B7:B18) -> 1100 | C20: =MAX('1'!C7:C18) -> 80 | D20: =MAX('1'!D7:D18) -> 80 | E20: =MAX('1'!E7:E18) -> 7.5 | F20: =MAX('1'!F7:F18) -> 342 | G20: =MAX('1'!G7:G18) -> 63 | H20: =MAX('1'!H7:H18) -> 91 | I20: =MAX('1'!I7:I18) -> 2.54 | ... S20: =MAX('1'!S7:S18) -> 128.83017 | X20: 0.625 | Y20: 2374 | Z20: 1406 | AA20: 1 | AB20: =IF('1'!AA20=1,(('1'!Z20*'1'!$AS$6*'1'!$AT$6)/('1'!Y20*0.0036)),IF('1'!AA20=2,(('1'!Z20*'1'!$AS$7*'1'!$AT$7)/('1'!Y20*0.0036)))) -> 109.40162 | AD20: =(('1'!AC20*'1'!$Q$10*1000000))/('1'!Z24*3600) -> 0 | AE20: 3000 | AF20: =('1'!AE20/24)*0.454 -> 56.75 | AG20: 500 | AH20: =('1'!AG20/24)*0.454 -> 9.4583333 | AI20: 3000 | AJ20: =('1'!AI20/24)*0.454 -> 56.75 | AL20: =('1'!AK20/24)*0.454 -> 0 | AN20: =('1'!AM20/24)*0.454 -> 0 | AP20: =('1'!AO20/24)*0.454 -> 0
A21: Mínimo | B21: =MIN('1'!B7:B18) -> 1100 | C21: =MIN('1'!C7:C18) -> 12.5 | D21: =MIN('1'!D7:D18) -> 5 | E21: =MIN('1'!E7:E18) -> 2.5 | F21: =MIN('1'!F7:F18) -> 212 | G21: =MIN('1'!G7:G18) -> 2.8 | H21: =MIN('1'!H7:H18) -> 1.9 | I21: =MIN('1'!I7:I18) -> 0.8 | ... S21: =MIN('1'!S7:S18) -> 110.56596 | X21: 0.66666667 | Y21: 2343 | Z21: 1406 | AA21: 1 | AB21: =IF('1'!AA21=1,(('1'!Z21*'1'!$AS$6*'1'!$AT$6)/('1'!Y21*0.0036)),IF('1'!AA21=2,(('1'!Z21*'1'!$AS$7*'1'!$AT$7)/('1'!Y21*0.0036)))) -> 110.8491 | AD21: =(('1'!AC21*'1'!$Q$10*1000000))/('1'!Y21*3600) -> 0 | AE21: 3000 | AF21: =('1'!AE21/24)*0.454 -> 56.75 | AG21: 500 | AH21: =('1'!AG21/24)*0.454 -> 9.4583333 | AI21: 3000 | AJ21: =('1'!AI21/24)*0.454 -> 56.75 | AL21: =('1'!AK21/24)*0.454 -> 0 | AN21: =('1'!AM21/24)*0.454 -> 0 | AP21: =('1'!AO21/24)*0.454 -> 0
R22: Total | X22: 0.70833333 | Y22: 2370 | Z22: 1406 | AA22: 1 | AB22: =IF('1'!AA22=1,(('1'!Z22*'1'!$AS$6*'1'!$AT$6)/('1'!Y22*0.0036)),IF('1'!AA22=2,(('1'!Z22*'1'!$AS$7*'1'!$AT$7)/('1'!Y22*0.0036)))) -> 109.58626 | AD22: =(('1'!AC22*'1'!$Q$10*1000000))/('1'!Y22*3600) -> 0 | AE22: 3000 | AF22: =('1'!AE22/24)*0.454 -> 56.75 | AG22: 500 | AH22: =('1'!AG22/24)*0.454 -> 9.4583333 | AI22: 3000 | AJ22: =('1'!AI22/24)*0.454 -> 56.75 | AL22: =('1'!AK22/24)*0.454 -> 0 | AN22: =('1'!AM22/24)*0.454 -> 0 | AP22: =('1'!AO22/24)*0.454 -> 0
A23: TURBIDEZ DOS FILTROS DA 1ª E 2ª ETAPAS | R23: 440 | S23: Litros | X23: 0.75 | Y23: 2349 | Z23: 1406 | AA23: 1 | AB23: =IF('1'!AA23=1,(('1'!Z23*'1'!$AS$6*'1'!$AT$6)/('1'!Y23*0.0036)),IF('1'!AA23=2,(('1'!Z23*'1'!$AS$7*'1'!$AT$7)/('1'!Y23*0.0036)))) -> 110.56596 | AD23: =(('1'!AC23*'1'!$Q$10*1000000))/('1'!Y23*3600) -> 0 | AE23: 3000 | AF23: =('1'!AE23/24)*0.454 -> 56.75 | AG23: 500 | AH23: =('1'!AG23/24)*0.454 -> 9.4583333 | AI23: 3000 | AJ23: =('1'!AI23/24)*0.454 -> 56.75 | AL23: =('1'!AK23/24)*0.454 -> 0 | AN23: =('1'!AM23/24)*0.454 -> 0 | AP23: =('1'!AO23/24)*0.454 -> 0
A24: HORA | B24: 1 | C24: 2 | D24: 3 | E24: 4 | F24: 5 | G24: 6 | H24: 7 | I24: 8 | J24: 9 | K24: 10 | L24: 11 | M24: 12 | N24: 13 | O24: 14 | P24: 15 | Q24: 16 | R24: 0 | S24: Kilos | X24: 0.79166667 | Y24: 2932 | Z24: 1823 | AA24: 1 | AB24: =IF('1'!AA24=1,(('1'!Z24*'1'!$AS$6*'1'!$AT$6)/('1'!Y24*0.0036)),IF('1'!AA24=2,(('1'!Z24*'1'!$AS$7*'1'!$AT$7)/('1'!Y24*0.0036)))) -> 114.85287 | AD24: =(('1'!AC24*'1'!$Q$10*1000000))/('1'!Y24*3600) -> 0 | AE24: 3000 | AF24: =('1'!AE24/24)*0.454 -> 56.75 | AG24: 500 | AH24: =('1'!AG24/24)*0.454 -> 9.4583333 | AI24: 3000 | AJ24: =('1'!AI24/24)*0.454 -> 56.75 | AL24: =('1'!AK24/24)*0.454 -> 0 | AN24: =('1'!AM24/24)*0.454 -> 0 | AP24: =('1'!AO24/24)*0.454 -> 0
A25: 0.41666667 | C25: 0.38 | D25: 1.24 | E25: 0.89 | F25: 0.46 | H25: 1.32 | I25: 1.35 | K25: 1.27 | L25: 0.42 | M25: 0.84 | N25: 0.88 | O25: 0.51 | R25: =#DIV/0! -> #DIV/0! | T25: DATA | U25: =ESCALA!$A$3 -> 44317 | X25: 0.83333333 | Y25: 2945 | Z25: 1823 | AA25: 1 | AB25: =IF('1'!AA25=1,(('1'!Z25*'1'!$AS$6*'1'!$AT$6)/('1'!Y25*0.0036)),IF('1'!AA25=2,(('1'!Z25*'1'!$AS$7*'1'!$AT$7)/('1'!Y25*0.0036)))) -> 114.34588 | AD25: =(('1'!AC25*'1'!$Q$10*1000000))/('1'!Y25*3600) -> 0 | AE25: 3000 | AF25: =('1'!AE25/24)*0.454 -> 56.75 | AG25: 500 | AH25: =('1'!AG25/24)*0.454 -> 9.4583333 | AI25: 3000 | AJ25: =('1'!AI25/24)*0.454 -> 56.75 | AL25: =('1'!AK25/24)*0.454 -> 0 | AN25: =('1'!AM25/24)*0.454 -> 0 | AP25: =('1'!AO25/24)*0.454 -> 0
A26: 0.66666667 | X26: 0.875 | Y26: 2827 | Z26: 1823 | AA26: 1 | AB26: =IF('1'!AA26=1,(('1'!Z26*'1'!$AS$6*'1'!$AT$6)/('1'!Y26*0.0036)),IF('1'!AA26=2,(('1'!Z26*'1'!$AS$7*'1'!$AT$7)/('1'!Y26*0.0036)))) -> 119.11872 | AD26: =(('1'!AC26*'1'!$Q$10*1000000))/('1'!Y26*3600) -> 0 | AE26: 3000 | AF26: =('1'!AE26/24)*0.454 -> 56.75 | AG26: 500 | AH26: =('1'!AG26/24)*0.454 -> 9.4583333 | AI26: 3000 | AJ26: =('1'!AI26/24)*0.454 -> 56.75 | AL26: =('1'!AK26/24)*0.454 -> 0 | AN26: =('1'!AM26/24)*0.454 -> 0 | AP26: =('1'!AO26/24)*0.454 -> 0
A27: Média | B27: =#DIV/0! -> #DIV/0! | C27: =#DIV/0! -> #DIV/0! | D27: =#DIV/0! -> #DIV/0! | E27: =#DIV/0! -> #DIV/0! | F27: =#DIV/0! -> #DIV/0! | G27: =#DIV/0! -> #DIV/0! | H27: =#DIV/0! -> #DIV/0! | I27: =#DIV/0! -> #DIV/0! | ... Q27: =#DIV/0! -> #DIV/0! | X27: 0.91666667 | Y27: 2850 | Z27: 1823 | AA27: 1 | AB27: =IF('1'!AA27=1,(('1'!Z27*'1'!$AS$6*'1'!$AT$6)/('1'!Y27*0.0036)),IF('1'!AA27=2,(('1'!Z27*'1'!$AS$7*'1'!$AT$7)/('1'!Y27*0.0036)))) -> 118.15741 | AD27: =(('1'!AC27*'1'!$Q$10*1000000))/('1'!Y27*3600) -> 0 | AE27: 3000 | AF27: =('1'!AE27/24)*0.454 -> 56.75 | AG27: 500 | AH27: =('1'!AG27/24)*0.454 -> 9.4583333 | AI27: 3000 | AJ27: =('1'!AI27/24)*0.454 -> 56.75 | AL27: =('1'!AK27/24)*0.454 -> 0 | AN27: =('1'!AM27/24)*0.454 -> 0 | AP27: =('1'!AO27/24)*0.454 -> 0
A28: OBSERVAÇÕES | X28: 0.95833333 | Y28: 2831 | Z28: 1823 | AA28: 1 | AB28: =IF('1'!AA28=1,(('1'!Z28*'1'!$AS$6*'1'!$AT$6)/('1'!Y28*0.0036)),IF('1'!AA28=2,(('1'!Z28*'1'!$AS$7*'1'!$AT$7)/('1'!Y28*0.0036)))) -> 118.95041 | AD28: =(('1'!AC28*'1'!$Q$10*1000000))/('1'!Y28*3600) -> 0 | AE28: 3000 | AF28: =('1'!AE28/24)*0.454 -> 56.75 | AG28: 500 | AH28: =('1'!AG28/24)*0.454 -> 9.4583333 | AI28: 3000 | AJ28: =('1'!AI28/24)*0.454 -> 56.75 | AL28: =('1'!AK28/24)*0.454 -> 0 | AN28: =('1'!AM28/24)*0.454 -> 0 | AP28: =('1'!AO28/24)*0.454 -> 0
X29: 1 | Y29: 2871 | Z29: 1823 | AA29: 1 | AB29: =IF('1'!AA29=1,(('1'!Z29*'1'!$AS$6*'1'!$AT$6)/('1'!Y29*0.0036)),IF('1'!AA29=2,(('1'!Z29*'1'!$AS$7*'1'!$AT$7)/('1'!Y29*0.0036)))) -> 117.29314 | AD29: =(('1'!AC29*'1'!$Q$10*1000000))/('1'!Y29*3600) -> 0 | AE29: 3000 | AF29: =('1'!AE29/24)*0.454 -> 56.75 | AG29: 500 | AH29: =('1'!AG29/24)*0.454 -> 9.4583333 | AI29: 3000 | AJ29: =('1'!AI29/24)*0.454 -> 56.75 | AL29: =('1'!AK29/24)*0.454 -> 0 | AN29: =('1'!AM29/24)*0.454 -> 0 | AP29: =('1'!AO29/24)*0.454 -> 0
X30: Total | Y30: =SUM('1'!Y6:Y29)*3.6 -> 234313.2 | Z30: =SUM('1'!Z6:Z29) -> 42629 | AF30: =SUM('1'!AF6:AF29) -> 1362 | AH30: =SUM('1'!AH6:AH29) -> 227 | AJ30: =SUM('1'!AJ6:AJ29) -> #REF! | AL30: =SUM('1'!AL6:AL29) -> 0 | AN30: =SUM('1'!AN6:AN29) -> 0 | AP30: =SUM('1'!AP6:AP29) -> 0
X32: S.A.L (l) - (kg) | Z32: =SUMIF('1'!AA6:AA29,"=1",'1'!Z6:Z29) -> 42629 | AA32: ='1'!Z32*'1'!AS6 -> 56696.57 | AB32: =SUMIF('1'!$AA$6:$AA$29,"=1",'1'!$AB$6:$AB$29)/COUNTIF('1'!$AA$6:$AA$29,"=1") -> 120.71904 | AC32: =SUMIF('1'!AA6:AA29,"=1",'1'!AC6:AC29) -> 0
X33: PAC 18 (l) - (kg) | Z33: =SUMIF('1'!AA6:AA29,"=2",'1'!Z6:Z29) -> 0 | AA33: ='1'!Z33*'1'!AS7 -> 0 | AB33: =SUMIF('1'!$AA$6:$AA$29,"=2",'1'!$AB$6:$AB$29)/COUNTIF('1'!$AA$6:$AA$29,"=2") -> #DIV/0! | AC33: =SUMIF('1'!AA6:AA29,"=2",'1'!AC6:AC29) -> 0
X34: Média | Y34: =AVERAGE('1'!Y6:Y29) -> 2711.9583 | Z34: =AVERAGE('1'!Z6:Z29) -> 1776.2083 | AC34: =SUM('1'!AC6:AC29)/COUNTIF('1'!AC6:AC29,"<>0") -> 0 | AD34: =SUM('1'!AD6:AD29)/COUNTIF('1'!AD6:AD29,"<>0") -> #DIV/0! | AF34: =AVERAGE('1'!AF6:AF29) -> 56.75 | AH34: =AVERAGE('1'!AH6:AH29) -> 9.4583333 | AJ34: ='1'!AJ30/24 -> #REF! | AL34: =AVERAGE('1'!AL6:AL29) -> 0 | AN34: =AVERAGE('1'!AN6:AN29) -> 0 | AP34: =AVERAGE('1'!AP6:AP29) -> 0
C35: Alcalinidade (mg/L) | F35: Ferro (mg/L) | I35: Manganês (mg/L) | L35: Alumínio (mg/L) | U35: TÉCNICO | X35: Decantadores | AA35: Filtros | AJ35: CLORAÇÃO INTERMEDIÁRIA | AO35: PÓS CLORAÇÃO
B36: HORA | C36: Bruta | D36: Dec. | E36: Trat (R-3) | F36: Bruta | G36: Filt. | H36: Trat (R-3) | I36: Bruta | J36: Filt. | K36: Trat (R-3) | L36: Trat (R-3) | X36: Lavados | Y36: 0 | AA36: Lavados | AB36: 4
B37: 0.33333333 | C37: 33.9 | D37: 4 | E37: 4 | F37: 4 | G37: 0.2 | H37: 0.2 | I37: 0.3 | J37: 0.1 | K37: 0.1 | U37: ='1'!V12 -> 0 | X37: HORAS OPERANDO | Z37: =COUNTA('1'!Z6:Z29) -> 24 | AJ37: CARRETA | AL37: CILINDROS | AO37: CARRETA | AQ37: CILINDROS
B38: 0.66666667 | AJ38: CONSUMO | AK38: =SUM('1'!AF30+'1'!AH30) -> 1589 | AL38: CONSUMO | AM38: =SUM('1'!AL30+'1'!AN30) -> 0 | AO38: CONSUMO | AP38: ='1'!AJ30 -> #REF! | AQ38: CONSUMO | AR38: ='1'!AP30 -> 0
A39: Nº amostras de água TRATADA | C39: Nº amostras de água FILTRADA | E39: Nº amostras de água tratada/filtrada FORA DO PADRÃO | J39: Nº amostras de água tratada/filtrada no PADRÃO | O39: Nº de amostras com turbidez menor ou igual a 0,5 NTU | R39: ÁGUA FILTRADA | S39: Nº de amostras com turbidez menor ou igual a 1,0 NTU | AJ39: DOSAGEM | AK39: =('1'!AK38/'1'!Y30)*1000 -> 6.7815215 | AL39: DOSAGEM | AM39: =('1'!AM38/'1'!Y30)*1000 -> 0 | AO39: DOSAGEM | AP39: =('1'!AP38/'1'!Y30)*1000 -> #REF! | AQ39: DOSAGEM | AR39: =('1'!AR38/'1'!Y30)*1000 -> 0
A40: COR | B40: TURBIDEZ | C40: TURBIDEZ | E40: COR | G40: TURBIDEZ | J40: COR | L40: TURBIDEZ | X40: ESTOQUE DE COAGULANTE | AJ40: Consumo Total | AL40: =SUM('1'!AK38,'1'!AM38) -> 1589 | AO40: Consumo Total | AQ40: =SUM('1'!AP38,'1'!AR38) -> #REF!
A41: =COUNTA('1'!E7:E18) -> 12 | B41: =COUNTA('1'!I7:I18) -> 12 | C41: =COUNTA('1'!J7:J18) -> 12 | D41: =COUNTA('1'!K7:K18) -> 12 | E41: =COUNTIF('1'!E7:E18,">15") -> 0 | G41: =COUNTIF('1'!J7:J18,">1") -> 9 | J41: ='1'!A41-'1'!E41 -> 12 | L41: ='1'!C41-'1'!G41 -> 3 | O41: =COUNTIF('1'!J7:J18,"<=0,5") -> 0 | S41: =COUNTIF('1'!J7:J18,"<=1,0") -> 3 | AJ41: Dosagem Final | AL41: =SUM(('1'!AK38+'1'!AM38)/'1'!Y30)*1000 -> 6.7815215 | AO41: Dosagem Final | AQ41: =SUM(('1'!AP38+'1'!AR38)/'1'!Y30)*1000 -> #REF!
O42: ÁGUA FILTRATADA | X42: SULFATO DE ALUMÍNIO
H43: Nº de amostras água tratada com turbidez <= 5,0 NTU | L43: Nº de amostras água tratada para aluminio | Q43: Nº de amostras com turbidez entre 0,5 e 1,0 NTU | X43: TINA 01 | Z43: TINA 02 | AB43: TINA 03 | AD43: TANQUE
X44: ALTURA | Y44: 35 | Z44: ALTURA | AA44: 0 | AB44: ALTURA | AC44: 155 | AF44: Volume total (L) | AG44: =SUM('1'!Y45,'1'!AA45,'1'!AC45,'1'!AE45) -> 96679 | AI44: CONSUMO DE SULFATO DE ALUMÍNIO ÀS 24:00hs
H45: =COUNTIF('1'!I7:I18,"<=5,0") -> 12 | L45: =COUNTA('1'!L37) -> 0 | Q45: ='1'!S41-'1'!O41 -> 3 | X45: VOLUME | Y45: ='1'!Y44*275.3 -> 9635.5 | Z45: VOLUME | AA45: =262.4*'1'!AA44 -> 0 | AB45: VOLUME | AC45: ='1'!AC44*277.7 -> 43043.5 | AD45: VOLUME | AE45: 44000 | AI45: TINA 01 | AK45: TINA 02 | AM45: TINA 03
X46: Densidade | Y46: ='1'!AS6 -> 1.33 | Z46: Densidade | AA46: ='1'!Y46 -> 1.33 | AB46: Densidade | AC46: ='1'!Y46 -> 1.33 | AD46: Densidade | AE46: ='1'!Y46 -> 1.33 | AF46: Peso Total (Kg) | AG46: =SUM('1'!Y47,'1'!AA47,'1'!AC47,'1'!AE47) -> 128583.07 | AI46: ALTURA | AK46: ALTURA | AM46: ALTURA
O47: ÁGUA TRATADA - CLORO RESIDUAL | X47: Peso(Kg) | Y47: ='1'!Y45*'1'!Y46 -> 12815.215 | Z47: Peso(Kg) | AA47: ='1'!AA45*'1'!AA46 -> 0 | AB47: Peso(Kg) | AC47: ='1'!AC45*'1'!AC46 -> 57247.855 | AD47: Peso(Kg) | AE47: ='1'!AE45*'1'!AE46 -> 58520 | AI47: VOLUME | AJ47: ='1'!AJ46*275.3 -> 0 | AK47: VOLUME | AL47: =262.4*'1'!AL46 -> 0 | AM47: VOLUME | AN47: ='1'!AN46*277.7 -> 0
AI48: Densidade | AJ48: ='1'!Y46 -> 1.33 | AK48: Densidade | AL48: ='1'!AJ48 -> 1.33 | AM48: Densidade | AN48: ='1'!AJ48 -> 1.33
O49: Nº de amostras de água tratada para cloro residual | R49: Nº de amostras de água tratada dentro dos padrões de cloro residual | AI49: Peso(Kg) | AJ49: ='1'!AJ47*'1'!AJ48 -> 0 | AK49: Peso(Kg) | AL49: ='1'!AL47*'1'!AL48 -> 0 | AM49: Peso(Kg) | AN49: ='1'!AN47*'1'!AN48 -> 0
X50: PAC - 18
O51: =COUNTA('1'!O7:O18) -> 12 | P51: =COUNTA('1'!W17:W28) -> 0 | R51: =COUNTIF('1'!O7:O18,">=0,5") -> 12 | X51: TINA 01 | Z51: TINA 02 | AB51: TINA 03 | AD51: TANQUE | AI51: CONSUMO DE PAC ÀS 24:00hs
X52: ALTURA | Z52: ALTURA | AB52: ALTURA | AF52: Volume total (L) | AG52: =SUM('1'!Y53,'1'!AA53,'1'!AC53,'1'!AE53) -> 0 | AI52: TINA 01 | AK52: TINA 02 | AM52: TINA 03
O53: ÁGUA TRATADA - PH | X53: VOLUME | Y53: ='1'!Y52*275.3 -> 0 | Z53: VOLUME | AA53: =262.4*'1'!AA52 -> 0 | AB53: VOLUME | AC53: ='1'!AC52*277.7 -> 0 | AD53: VOLUME | AI53: ALTURA | AK53: ALTURA | AM53: ALTURA
X54: Densidade | Y54: ='1'!AS7 -> 1.262 | Z54: Densidade | AA54: ='1'!Y54 -> 1.262 | AB54: Densidade | AC54: ='1'!Y54 -> 1.262 | AD54: Densidade | AE54: ='1'!Y54 -> 1.262 | AF54: Peso Total (Kg) | AG54: =SUM('1'!Y55,'1'!AA55,'1'!AC55,'1'!AE55) -> 0 | AI54: VOLUME | AJ54: ='1'!AJ53*275.3 -> 0 | AK54: VOLUME | AL54: =262.4*'1'!AL53 -> 0 | AM54: VOLUME | AN54: ='1'!AN53*277.7 -> 0
O55: Nº de amostras de água tratada para PH | R55: Nº de amostras de água tratada dentro dos padrões de PH | X55: Peso(Kg) | Y55: ='1'!Y53*'1'!Y54 -> 0 | Z55: Peso(Kg) | AA55: ='1'!AA53*'1'!AA54 -> 0 | AB55: Peso(Kg) | AC55: ='1'!AC53*'1'!AC54 -> 0 | AD55: Peso(Kg) | AE55: ='1'!AE53*'1'!AE54 -> 0 | AI55: Densidade | AJ55: ='1'!Y54 -> 1.262 | AK55: Densidade | AL55: ='1'!AJ55 -> 1.262 | AM55: Densidade | AN55: ='1'!AJ55 -> 1.262
AI56: Peso(Kg) | AJ56: ='1'!AJ54*'1'!AJ55 -> 0 | AK56: Peso(Kg) | AL56: ='1'!AL54*'1'!AL55 -> 0 | AM56: Peso(Kg) | AN56: ='1'!AN54*'1'!AN55 -> 0
O57: =COUNTA('1'!N7:N18) -> 12 | R57: =COUNTIF('1'!N7:N18,">=6") -> 0
X58: ESTOQUE DE CLORO
AI59: CONTROLE DIÁRIO DO CONSUMO DE COAGULANTE
X60: Carretas com Cloro | AB60: Cilindros com Cloro | AI60: CLORETO DE POLIALUMÍNIO | AN60: SULFATO DE ALUMÍNIO
AI61: CONSUMO REAL | AL61: =AA32 -> 56696.57 | AN61: CONSUMO REAL | AQ61: ='1'!AJ49+'1'!AL49+'1'!AN49 -> 0
X62: Recebido | AB62: Recebido | AI62: CONSUMO TEÓRICO | AL62: =AJ49+AN49 -> 0 | AN62: CONSUMO TEÓRICO | AQ62: ='1'!AA32 -> 56696.57
X63: Peso(kg) | Y63: 0 | AB63: Peso(kg) | AC63: 0 | AI63: DIFERENÇA | AL63: ='1'!AL61-'1'!AL62 -> 56696.57 | AN63: DIFERENÇA | AQ63: ='1'!AQ61-'1'!AQ62 -> -56696.57
X65: Saldo anterior (kg) | AB65: Saldo anterior (kg) | AC65: 0
X66: Consumido | AB66: Consumido
X67: Peso(kg) | Y67: =SUM('1'!AK38,'1'!AP38) -> #REF! | AB67: Peso(kg) | AC67: =SUM('1'!AM38,'1'!AR38) -> 0
X68: Saldo(kg) | Y68: =SUM('1'!Y63,'1'!Y65)-'1'!Y67 -> #REF! | AB68: Saldo(kg) | AC68: =SUM('1'!AC63,'1'!AC65)-'1'!AC67 -> 0
Z70: TOTAL | AA70: ='1'!Y68+'1'!AC68 -> #REF!

Sheet 2
D2: CONTROLE DE ANÁLISE FÍSICO - QUÍMICAS \ ETA CASTELO BRANCO | AB2: CONTROLE DE PRODUTOS QUÍMICOS APLICADOS \ ETA CASTELO BRANCO
A4: HORA | B4: COR (Uc) | F4: TURBIDEZ (Ut) | K4: Ph | O4: CLORO RESIDUAL (mg/L) | R4: DOSAGEM DO COAGULANTE | T4: VAZÃO DA ETA | U4: TIPO DE COAGULANTE | V4: TÉCNICO | X4: Hora | Y4: Vazão ETA (l/s) | Z4: Vazão Coagulante (l/h) | AA4: Código | AB4: Dosagem (mg/l) | AC4: Vazão Polímero (l/h) | AD4: Dosagem (mg/l) | AE4: Pré 1 (Lib/dia) | AF4: Pré 1 (Kg/h) | AG4: Pré 2 (Lib/dia) | AH4: Pré 2 (Kg/h) | AI4: Pós (Lib/dia) | AJ4: Pós (Kg/h) | AK4: Pré 1 (Lib/dia) cilindros | AL4: Pré 1 (Kg/h) cilindros | AM4: Pré 2 (Lib/dia) cilindros | AN4: Pré 2 (Kg/h) cilindros | AO4: Pós (Lib/dia) cilindros | AP4: Pós (Kg/h) cilindros | AQ4: COAGULANTE | AU4: Tempo de Utilização (h)
AQ5: Codigo | AR5: Nome | AS5: d (g/ml) | AT5: C (%)
B6: Bruta | C6: DEC_1 | D6: DEC_2 | E6: TRAT | F6: Bruta | G6: DEC_1 | H6: DEC_2 | I6: TRAT | J6: FILT | K6: Bruta | L6: DEC_1 | M6: DEC_2 | N6: TRAT | O6: TRAT | P6: DEC_1 | Q6: DEC_2 | R6: L/h | S6: mg/l | T6: L/s | X6: 0.041666667 | Y6: 2877 | Z6: 1823 | AA6: 1 | AB6: =IF('2'!AA6=1,(('2'!Z6*'2'!$AS$6*'2'!$AT$6)/('2'!Y6*0.0036)),IF('2'!AA6=2,(('2'!Z6*'2'!$AS$7*'2'!$AT$7)/('2'!Y6*0.0036)))) -> 117.04853 | AD6: =(('2'!AC6*'2'!$Q$10*1000000))/('2'!Y6*3600) -> 0 | AE6: 3000 | AF6: =('2'!AE6/24)*0.454 -> 56.75 | AG6: 500 | AH6: =('2'!AG12/24)*0.454 -> 9.4583333 | AI6: 3000 | AJ6: =('2'!AI6/24)*0.454 -> 56.75 | AL6: =('2'!AK6/24)*0.454 -> 0 | AN6: =('2'!AM6/24)*0.454 -> 0 | AP6: =('2'!AO6/24)*0.454 -> 0 | AQ6: 1 | AR6: S.A.L | AS6: 1.33 | AT6: 0.5 | AU6: 0
A7: 0 | B7: 800 | C7: 7.5 | D7: 7.5 | E7: 2.5 | F7: 211 | G7: 2.7 | H7: 6 | I7: 1.1 | J7: 1.3 | K7: 6.8 | L7: 4.8 | M7: 4.8 | N7: 5.7 | O7: 3.8 | P7: 1.7 | Q7: 3 | R7: ='1'!$Z$29 -> 1823 | S7: ='1'!$AB$29 -> 117.29314 | T7: ='1'!$Y$29 -> 2871 | U7: =IF('2'!AA6=1,'2'!AR6,'2'!AR7) -> S.A.L | V7: =ESCALA!$B$3 -> 0 | X7: 2653.0833 | Y7: 2846 | Z7: 1823 | AA7: 1 | AB7: =IF('2'!AA7=1,(('2'!Z7*'2'!$AS$6*'2'!$AT$6)/('2'!Y7*0.0036)),IF('2'!AA7=2,(('2'!Z7*'2'!$AS$7*'2'!$AT$7)/('2'!Y7*0.0036)))) -> 118.32348 | AD7: =(('2'!AC7*'2'!$Q$10*1000000))/('2'!Y7*3600) -> 0 | AE7: 3000 | AF7: =('2'!AE7/24)*0.454 -> 56.75 | AG7: 500 | AH7: =('2'!AG7/24)*0.454 -> 9.4583333 | AI7: 3000 | AJ7: =('2'!AI7/24)*0.454 -> 56.75 | AL7: =('2'!AK7/24)*0.454 -> 0 | AN7: =('2'!AM7/24)*0.454 -> 0 | AP7: =('2'!AO7/24)*0.454 -> 0 | AQ7: 2 | AR7: PAC 18 | AS7: 1.262 | AT7: 1 | AU7: 24
A8: 0.083333333 | B8: 800 | C8: 5 | D8: 7.5 | E8: 2.5 | F8: 210 | G8: 1.8 | H8: 5.1 | I8: 1.1 | J8: 1.3 | K8: 6.8 | L8: 4.8 | M8: 4.8 | N8: 5.7 | O8: 3.8 | P8: 1.5 | Q8: 3.3 | R8: ='2'!Z7 -> 1823 | S8: ='2'!AB7 -> 118.32348 | T8: ='2'!Y7 -> 2846 | U8: =IF('2'!AA7=1,'2'!AR6,'2'!AR7) -> S.A.L | X8: 2645.125 | Y8: 2805 | Z8: 1823 | AA8: 1 | AB8: =IF('2'!AA8=1,(('2'!Z8*'2'!$AS$6*'2'!$AT$6)/('2'!Y8*0.0036)),IF('2'!AA8=2,(('2'!Z8*'2'!$AS$7*'2'!$AT$7)/('2'!Y8*0.0036)))) -> 120.05298 | AD8: =(('2'!AC8*'2'!$Q$10*1000000))/('2'!Y8*3600) -> 0 | AE8: 3000 | AF8: =('2'!AE8/24)*0.454 -> 56.75 | AG8: 500 | AH8: =('2'!AG8/24)*0.454 -> 9.4583333 | AI8: 3000 | AJ8: =('2'!AI8/24)*0.454 -> 56.75 | AL8: =('2'!AK8/24)*0.454 -> 0 | AN8: =('2'!AM8/24)*0.454 -> 0 | AP8: =('2'!AO8/24)*0.454 -> 0 | AQ8: Polímero Catiônico
A9: 0.16666667 | B9: 800 | C9: 5 | D9: 7.5 | E9: 2.5 | F9: 208 | G9: 1.5 | H9: 4.3 | I9: 1.1 | J9: 1.2 | K9: 6.8 | L9: 4.8 | M9: 4.8 | N9: 5.7 | O9: 3.8 | P9: 1.5 | Q9: 3.5 | R9: ='2'!Z9 -> 1823 | S9: ='2'!AB9 -> 119.2875 | T9: ='2'!Y9 -> 2823 | U9: =IF('2'!AA9=1,'2'!AR6,'2'!AR7) -> S.A.L | X9: 0.16666667 | Y9: 2823 | Z9: 1823 | AA9: 1 | AB9: =IF('2'!AA9=1,(('2'!Z9*'2'!$AS$6*'2'!$AT$6)/('2'!Y9*0.0036)),IF('2'!AA9=2,(('2'!Z9*'2'!$AS$7*'2'!$AT$7)/('2'!Y9*0.0036)))) -> 119.2875 | AD9: =(('2'!AC9*'2'!$Q$10*1000000))/('2'!Y9*3600) -> 0 | AE9: 3000 | AF9: =('2'!AE9/24)*0.454 -> 56.75 | AG9: 500 | AH9: =('2'!AG9/24)*0.454 -> 9.4583333 | AI9: 3000 | AJ9: =('2'!AI9/24)*0.454 -> 56.75 | AL9: =('2'!AK9/24)*0.454 -> 0 | AN9: =('2'!AM9/24)*0.454 -> 0 | AP9: =('2'!AO9/24)*0.454 -> 0 | AQ9: Nome | AT9: C (%)
A10: 0.25 | B10: 800 | C10: 5 | D10: 7.5 | E10: 2.5 | F10: 207 | G10: 1.4 | H10: 3.9 | I10: 1.1 | J10: 1.2 | K10: 6.8 | L10: 4.8 | M10: 4.8 | N10: 5.7 | O10: 3.8 | P10: 1.4 | Q10: 3.8 | R10: ='2'!Z11 -> 1823 | S10: ='2'!AB11 -> 117.57982 | T10: ='2'!Y11 -> 2864 | U10: =IF('2'!AA11=1,'2'!AR6,'2'!AR7) -> S.A.L | X10: 0.20833333 | Y10: 2851 | Z10: 1823 | AA10: 1 | AB10: =IF('2'!AA10=1,(('2'!Z10*'2'!$AS$6*'2'!$AT$6)/('2'!Y10*0.0036)),IF('2'!AA10=2,(('2'!Z10*'2'!$AS$7*'2'!$AT$7)/('2'!Y10*0.0036)))) -> 118.11596 | AD10: =(('2'!AC10*'2'!$Q$10*1000000))/('2'!Y10*3600) -> 0 | AE10: 3000 | AF10: =('2'!AE10/24)*0.454 -> 56.75 | AG10: 500 | AH10: =('2'!AG10/24)*0.454 -> 9.4583333 | AI10: 3000 | AJ10: =('2'!AI10/24)*0.454 -> 56.75 | AL10: =('2'!AK10/24)*0.454 -> 0 | AN10: =('2'!AM10/24)*0.454 -> 0 | AP10: =('2'!AO10/24)*0.454 -> 0 | AQ10: Aguapol 200 | AT10: 0.002
A11: 0.33333333 | B11: 800 | C11: 12.5 | D11: 7.5 | E11: 2.5 | F11: 196 | G11: 3.8 | H11: 3 | I11: 1.1 | J11: 1.5 | K11: 6.8 | L11: 4.8 | M11: 4.58 | N11: 5.3 | O11: 3.8 | P11: 3.8 | Q11: 3.2 | R11: ='2'!Z13 -> 1377 | S11: ='2'!AB13 -> 90.199468 | T11: ='2'!Y13 -> 2820 | U11: =IF('2'!AA13=1,'2'!AR6,'2'!AR7) -> S.A.L | X11: 0.25 | Y11: 2864 | Z11: 1823 | AA11: 1 | AB11: =IF('2'!AA11=1,(('2'!Z11*'2'!$AS$6*'2'!$AT$6)/('2'!Y11*0.0036)),IF('2'!AA11=2,(('2'!Z11*'2'!$AS$7*'2'!$AT$7)/('2'!Y11*0.0036)))) -> 117.57982 | AD11: =(('2'!AC11*'2'!$Q$10*1000000))/('2'!Y11*3600) -> 0 | AE11: 3000 | AF11: =('2'!AE11/24)*0.454 -> 56.75 | AG11: 500 | AH11: =('2'!AG11/24)*0.454 -> 9.4583333 | AI11: 3000 | AJ11: =('2'!AI11/24)*0.454 -> 56.75 | AL11: =('2'!AK11/24)*0.454 -> 0 | AN11: =('2'!AM11/24)*0.454 -> 0 | AP11: =('2'!AO11/24)*0.454 -> 0
A12: 0.41666667 | B12: 800 | C12: 12.5 | D12: 7.5 | E12: 2.5 | F12: 195 | G12: 3.9 | H12: 2.8 | I12: 1 | J12: 1.5 | K12: 6.8 | L12: 4.8 | M12: 4.58 | N12: 5.3 | O12: 3.2 | P12: 3.2 | Q12: 0 | R12: ='2'!Z15 -> 1377 | S12: ='2'!AB15 -> 88.782723 | T12: ='2'!Y15 -> 2865 | U12: =IF('2'!AA15=1,'2'!AR6,'2'!AR7) -> S.A.L | V12: =ESCALA!$B$4 -> 0 | X12: 0.29166667 | Y12: 2797 | Z12: 1823 | AA12: 1 | AB12: =IF('2'!AA12=1,(('2'!Z12*'2'!$AS$6*'2'!$AT$6)/('2'!Y12*0.0036)),IF('2'!AA12=2,(('2'!Z12*'2'!$AS$7*'2'!$AT$7)/('2'!Y12*0.0036)))) -> 120.39636 | AD12: =(('2'!AC12*'2'!$Q$10*1000000))/('2'!Y12*3600) -> 0 | AE12: 3000 | AF12: =('2'!AE12/24)*0.454 -> 56.75 | AG12: 500 | AH12: =('2'!#REF!/24)*0.454 -> #REF! | AI12: 3000 | AJ12: =('2'!AI12/24)*0.454 -> 56.75 | AL12: =('2'!AK12/24)*0.454 -> 0 | AN12: =('2'!AM12/24)*0.454 -> 0 | AP12: =('2'!AO12/24)*0.454 -> 0
A13: 0.5 | B13: 800 | C13: 10 | D13: 7.5 | E13: 2.5 | F13: 196 | G13: 3.9 | H13: 2.7 | I13: 0.98 | J13: 1.4 | K13: 6.8 | L13: 4.8 | M13: 4.58 | N13: 5.3 | O13: 3 | P13: 3 | Q13: 0 | R13: ='2'!Z17 -> 1377 | S13: ='2'!AB17 -> 93.481257 | T13: ='2'!Y17 -> 2721 | U13: =IF('2'!AA17=1,'2'!AR6,'2'!AR7) -> S.A.L | X13: 0.33333333 | Y13: 2820 | Z13: 1377 | AA13: 1 | AB13: =IF('2'!AA13=1,(('2'!Z13*'2'!$AS$6*'2'!$AT$6)/('2'!Y13*0.0036)),IF('2'!AA13=2,(('2'!Z13*'2'!$AS$7*'2'!$AT$7)/('2'!Y13*0.0036)))) -> 90.199468 | AD13: =(('2'!AC13*'2'!$Q$10*1000000))/('2'!Y13*3600) -> 0 | AE13: 3000 | AF13: =('2'!AE13/24)*0.454 -> 56.75 | AG13: 500 | AH13: =('2'!AG13/24)*0.454 -> 9.4583333 | AI13: 3000 | AJ13: =('2'!AI13/24)*0.454 -> 56.75 | AL13: =('2'!AK13/24)*0.454 -> 0 | AN13: =('2'!AM13/24)*0.454 -> 0 | AP13: =('2'!AO13/24)*0.454 -> 0
A14: 0.58333333 | B14: 800 | C14: 10 | D14: 7.5 | E14: 2.5 | F14: 193 | G14: 3.8 | H14: 2.1 | I14: 0.97 | J14: 1.3 | K14: 6.8 | L14: 4.8 | M14: 4.58 | N14: 5.3 | O14: 2.7 | P14: 2.7 | Q14: 0 | R14: ='2'!Z19 -> 1377 | S14: ='2'!AB19 -> 92.093592 | T14: ='2'!Y19 -> 2762 | U14: =IF('2'!AA19=1,'2'!AR6,'2'!AR7) -> S.A.L | X14: 0.375 | Y14: 2847 | Z14: 1377 | AA14: 1 | AB14: =IF('2'!AA14=1,(('2'!Z14*'2'!$AS$6*'2'!$AT$6)/('2'!Y14*0.0036)),IF('2'!AA14=2,(('2'!Z14*'2'!$AS$7*'2'!$AT$7)/('2'!Y14*0.0036)))) -> 89.344046 | AD14: =(('2'!AC14*'2'!$Q$10*1000000))/('2'!Y14*3600) -> 0 | AE14: 3000 | AF14: =('2'!AE14/24)*0.454 -> 56.75 | AG14: 0 | AH14: =('2'!AG14/24)*0.454 -> 0 | AI14: 3000 | AJ14: =('2'!AI14/24)*0.454 -> 56.75 | AL14: =('2'!AK14/24)*0.454 -> 0 | AN14: =('2'!AM14/24)*0.454 -> 0 | AP14: =('2'!AO14/24)*0.454 -> 0
A15: 0.66666667 | B15: 750 | C15: 10 | D15: 7.5 | E15: 2.5 | F15: 184 | G15: 3.6 | H15: 2.3 | I15: 0.97 | J15: 1.3 | K15: 6.8 | L15: 4.8 | M15: 4.58 | N15: 5.3 | O15: 2.7 | P15: 2.7 | Q15: 0 | R15: ='2'!Z21 -> 1377 | S15: ='2'!AB21 -> 87.53011 | T15: ='2'!Y21 -> 2906 | U15: =IF('2'!AA21=1,'2'!AR6,'2'!AR7) -> S.A.L | X15: 0.41666667 | Y15: 2865 | Z15: 1377 | AA15: 1 | AB15: =IF('2'!AA15=1,(('2'!Z15*'2'!$AS$6*'2'!$AT$6)/('2'!Y15*0.0036)),IF('2'!AA15=2,(('2'!Z15*'2'!$AS$7*'2'!$AT$7)/('2'!Y15*0.0036)))) -> 88.782723 | AD15: =(('2'!AC15*'2'!$Q$10*1000000))/('2'!Y15*3600) -> 0 | AE15: 3000 | AF15: =('2'!AE15/24)*0.454 -> 56.75 | AG15: 0 | AH15: =('2'!AG15/24)*0.454 -> 0 | AI15: 3000 | AJ15: =('2'!AI15/24)*0.454 -> 56.75 | AL15: =('2'!AK15/24)*0.454 -> 0 | AN15: =('2'!AM15/24)*0.454 -> 0 | AP15: =('2'!AO15/24)*0.454 -> 0
A16: 0.75 | B16: 750 | C16: 10 | D16: 7.5 | E16: 2.5 | F16: 177 | G16: 3.4 | H16: 2.5 | I16: 0.97 | J16: 1.2 | K16: 6.8 | L16: 4.8 | M16: 4.58 | N16: 5.3 | O16: 2.7 | P16: 2.7 | Q16: 0.5 | R16: ='2'!Z23 -> 1832 | S16: ='2'!AB23 -> 114.21232 | T16: ='2'!Y23 -> 2963 | U16: =IF('2'!AA23=1,'2'!AR6,'2'!AR7) -> S.A.L | X16: 0.45833333 | Y16: 2849 | Z16: 1377 | AA16: 1 | AB16: =IF('2'!AA16=1,(('2'!Z16*'2'!$AS$6*'2'!$AT$6)/('2'!Y16*0.0036)),IF('2'!AA16=2,(('2'!Z16*'2'!$AS$7*'2'!$AT$7)/('2'!Y16*0.0036)))) -> 89.281327 | AD16: =(('2'!AC16*'2'!$Q$10*1000000))/('2'!Y16*3600) -> 0 | AE16: 3000 | AF16: =('2'!AE16/24)*0.454 -> 56.75 | AG16: 0 | AH16: =('2'!AG16/24)*0.454 -> 0 | AI16: 3000 | AJ16: =('2'!AI16/24)*0.454 -> 56.75 | AL16: =('2'!AK16/24)*0.454 -> 0 | AN16: =('2'!AM16/24)*0.454 -> 0 | AP16: =('2'!AO16/24)*0.454 -> 0
A17: 0.83333333 | B17: 700 | C17: 10 | D17: 7.5 | E17: 2.5 | F17: 171 | G17: 3.2 | H17: 2.6 | I17: 0.97 | J17: 1.2 | K17: 6.8 | L17: 4.8 | M17: 4.58 | N17: 5.3 | O17: 2.8 | P17: 2.8 | Q17: 0.8 | R17: ='2'!Z25 -> 1832 | S17: ='2'!AB25 -> 117.62639 | T17: ='2'!Y25 -> 2877 | U17: =IF('2'!AA25=1,'2'!AR6,'2'!AR7) -> S.A.L | V17: =ESCALA!$C$4 -> 0 | X17: 0.5 | Y17: 2721 | Z17: 1377 | AA17: 1 | AB17: =IF('2'!AA17=1,(('2'!Z17*'2'!$AS$6*'2'!$AT$6)/('2'!Y17*0.0036)),IF('2'!AA17=2,(('2'!Z17*'2'!$AS$7*'2'!$AT$7)/('2'!Y17*0.0036)))) -> 93.481257 | AD17: =(('2'!AC17*'2'!$Q$10*1000000))/('2'!Y17*3600) -> 0 | AE17: 3000 | AF17: =('2'!AE17/24)*0.454 -> 56.75 | AG17: 0 | AH17: =('2'!AG17/24)*0.454 -> 0 | AI17: 3000 | AJ17: =('2'!AI17/24)*0.454 -> 56.75 | AL17: =('2'!AK17/24)*0.454 -> 0 | AN17: =('2'!AM17/24)*0.454 -> 0 | AP17: =('2'!AO17/24)*0.454 -> 0
A18: 0.91666667 | B18: 650 | C18: 10 | D18: 7.5 | E18: 2.5 | F18: 166 | G18: 3 | H18: 2.7 | I18: 0.97 | J18: 1.2 | K18: 6.8 | L18: 4.8 | M18: 4.58 | N18: 5.3 | O18: 3.5 | P18: 3.5 | Q18: 1 | R18: ='2'!Z27 -> 1832 | S18: ='2'!AB27 -> 117.01629 | T18: ='2'!Y27 -> 2892 | U18: =IF('2'!AA27=1,'2'!AR6,'2'!AR7) -> S.A.L | X18: 0.54166667 | Y18: 2841 | Z18: 1377 | AA18: 1 | AB18: =IF('2'!AA18=1,(('2'!Z18*'2'!$AS$6*'2'!$AT$6)/('2'!Y18*0.0036)),IF('2'!AA18=2,(('2'!Z18*'2'!$AS$7*'2'!$AT$7)/('2'!Y18*0.0036)))) -> 89.532735 | AD18: =(('2'!AC18*'2'!$Q$10*1000000))/('2'!Y18*3600) -> 0 | AE18: 3000 | AF18: =('2'!AE18/24)*0.454 -> 56.75 | AG18: 0 | AH18: =('2'!AG18/24)*0.454 -> 0 | AI18: 3000 | AJ18: =('2'!AI18/24)*0.454 -> 56.75 | AL18: =('2'!AK18/24)*0.454 -> 0 | AN18: =('2'!AM18/24)*0.454 -> 0 | AP18: =('2'!AO18/24)*0.454 -> 0
A19: Média | B19: {=IF('2'!B7:B18>0.01,AVERAGE('2'!B7:B18),"")} -> 770.83333 | C19: {=IF('2'!C7:C18>0.01,AVERAGE('2'!C7:C18),"")} -> 8.9583333 | D19: {=IF('2'!D7:D18>0.01,AVERAGE('2'!D7:D18),"")} -> 7.5 | E19: {=IF('2'!E7:E18>0.01,AVERAGE('2'!E7:E18),"")} -> 2.5 | F19: {=IF('2'!F7:F18>0.01,AVERAGE('2'!F7:F18),"")} -> 192.83333 | G19: {=IF('2'!G7:G18>0.01,AVERAGE('2'!G7:G18),"")} -> 3 | H19: {=IF('2'!H7:H18>0.01,AVERAGE('2'!H7:H18),"")} -> 3.3333333 | I19: {=IF('2'!I7:I18>0.01,AVERAGE('2'!I7:I18),"")} -> 1.0275 | ... S19: {=IF('2'!S7:S18>0.01,AVERAGE('2'!S7:S18),"")} -> 106.11884 | X19: 0.58333333 | Y19: 2762 | Z19: 1377 | AA19: 1 | AB19: =IF('2'!AA19=1,(('2'!Z19*'2'!$AS$6*'2'!$AT$6)/('2'!Y19*0.0036)),IF('2'!AA19=2,(('2'!Z19*'2'!$AS$7*'2'!$AT$7)/('2'!Y19*0.0036)))) -> 92.093592 | AD19: =(('2'!AC19*'2'!$Q$10*1000000))/('2'!Y19*3600) -> 0 | AE19: 3000 | AF19: =('2'!AE19/24)*0.454 -> 56.75 | AG19: 0 | AH19: =('2'!AG19/24)*0.454 -> 0 | AI19: 3000 | AJ19: =('2'!AI19/24)*0.454 -> 56.75 | AL19: =('2'!AK19/24)*0.454 -> 0 | AN19: =('2'!AM19/24)*0.454 -> 0 | AP19: =('2'!AO19/24)*0.454 -> 0
A20: Máximo | B20: =MAX('2'!B7:B18) -> 800 | C20: =MAX('2'!C7:C18) -> 12.5 | D20: =MAX('2'!D7:D18) -> 7.5 | E20: =MAX('2'!E7:E18) -> 2.5 | F20: =MAX('2'!F7:F18) -> 211 | G20: =MAX('2'!G7:G18) -> 3.9 | H20: =MAX('2'!H7:H18) -> 6 | I20: =MAX('2'!I7:I18) -> 1.1 | ... S20: =MAX('2'!S7:S18) -> 119.2875 | X20: 0.625 | Y20: 2464 | Z20: 1377 | AA20: 1 | AB20: =IF('2'!AA20=1,(('2'!Z20*'2'!$AS$6*'2'!$AT$6)/('2'!Y20*0.0036)),IF('2'!AA20=2,(('2'!Z20*'2'!$AS$7*'2'!$AT$7)/('2'!Y20*0.0036)))) -> 103.23153 | AD20: =(('2'!AC20*'2'!$Q$10*1000000))/('2'!Y20*3600) -> 0 | AE20: 3000 | AF20: =('2'!AE20/24)*0.454 -> 56.75 | AG20: 0 | AH20: =('2'!AG20/24)*0.454 -> 0 | AI20: 3000 | AJ20: =('2'!AI20/24)*0.454 -> 56.75 | AL20: =('2'!AK20/24)*0.454 -> 0 | AN20: =('2'!AM20/24)*0.454 -> 0 | AP20: =('2'!AO20/24)*0.454 -> 0
A21: Mínimo | B21: =MIN('2'!B7:B18) -> 650 | C21: =MIN('2'!C7:C18) -> 5 | D21: =MIN('2'!D7:D18) -> 7.5 | E21: =MIN('2'!E7:E18) -> 2.5 | F21: =MIN('2'!F7:F18) -> 166 | G21: =MIN('2'!G7:G18) -> 1.4 | H21: =MIN('2'!H7:H18) -> 2.1 | I21: =MIN('2'!I7:I18) -> 0.97 | ... S21: =MIN('2'!S7:S18) -> 87.53011 | X21: 0.66666667 | Y21: 2906 | Z21: 1377 | AA21: 1 | AB21: =IF('2'!AA21=1,(('2'!Z21*'2'!$AS$6*'2'!$AT$6)/('2'!Y21*0.0036)),IF('2'!AA21=2,(('2'!Z21*'2'!$AS$7*'2'!$AT$7)/('2'!Y21*0.0036)))) -> 87.53011 | AD21: =(('2'!AC21*'2'!$Q$10*1000000))/('2'!Y21*3600) -> 0 | AE21: 3000 | AF21: =('2'!AE21/24)*0.454 -> 56.75 | AG21: 0 | AH21: =('2'!AG21/24)*0.454 -> 0 | AI21: 3000 | AJ21: =('2'!AI21/24)*0.454 -> 56.75 | AL21: =('2'!AK21/24)*0.454 -> 0 | AN21: =('2'!AM21/24)*0.454 -> 0 | AP21: =('2'!AO21/24)*0.454 -> 0
R22: Total | X22: 0.70833333 | Y22: 2940 | Z22: 1377 | AA22: 1 | AB22: =IF('2'!AA22=1,(('2'!Z22*'2'!$AS$6*'2'!$AT$6)/('2'!Y22*0.0036)),IF('2'!AA22=2,(('2'!Z22*'2'!$AS$7*'2'!$AT$7)/('2'!Y22*0.0036)))) -> 86.517857 | AD22: =(('2'!AC22*'2'!$Q$10*1000000))/('2'!Y22*3600) -> 0 | AE22: 3000 | AF22: =('2'!AE22/24)*0.454 -> 56.75 | AG22: 500 | AH22: =('2'!AG22/24)*0.454 -> 9.4583333 | AI22: 3000 | AJ22: =('2'!AI22/24)*0.454 -> 56.75 | AL22: =('2'!AK22/24)*0.454 -> 0 | AN22: =('2'!AM22/24)*0.454 -> 0 | AP22: =('2'!AO22/24)*0.454 -> 0
A23: TURBIDEZ DOS FILTROS DA 1ª E 2ª ETAPAS | R23: 440 | S23: Litros | X23: 0.75 | Y23: 2963 | Z23: 1832 | AA23: 1 | AB23: =IF('2'!AA23=1,(('2'!Z23*'2'!$AS$6*'2'!$AT$6)/('2'!Y23*0.0036)),IF('2'!AA23=2,(('2'!Z23*'2'!$AS$7*'2'!$AT$7)/('2'!Y23*0.0036)))) -> 114.21232 | AD23: =(('2'!AC23*'2'!$Q$10*1000000))/('2'!Y23*3600) -> 0 | AE23: 3000 | AF23: =('2'!AE23/24)*0.454 -> 56.75 | AG23: 500 | AH23: =('2'!AG23/24)*0.454 -> 9.4583333 | AI23: 3000 | AJ23: =('2'!AI23/24)*0.454 -> 56.75 | AL23: =('2'!AK23/24)*0.454 -> 0 | AN23: =('2'!AM23/24)*0.454 -> 0 | AP23: =('2'!AO23/24)*0.454 -> 0
A24: HORA | B24: 1 | C24: 2 | D24: 3 | E24: 4 | F24: 5 | G24: 6 | H24: 7 | I24: 8 | J24: 9 | K24: 10 | L24: 11 | M24: 12 | N24: 13 | O24: 14 | P24: 15 | Q24: 16 | R24: 0 | S24: Kilos | X24: 0.79166667 | Y24: 2907 | Z24: 1832 | AA24: 1 | AB24: =IF('2'!AA24=1,(('2'!Z24*'2'!$AS$6*'2'!$AT$6)/('2'!Y24*0.0036)),IF('2'!AA24=2,(('2'!Z24*'2'!$AS$7*'2'!$AT$7)/('2'!Y24*0.0036)))) -> 116.41249 | AD24: =(('2'!AC24*'2'!$Q$10*1000000))/('2'!Y24*3600) -> 0 | AE24: 3000 | AF24: =('2'!AE24/24)*0.454 -> 56.75 | AG24: 500 | AH24: =('2'!AG24/24)*0.454 -> 9.4583333 | AI24: 3000 | AJ24: =('2'!AI24/24)*0.454 -> 56.75 | AL24: =('2'!AK24/24)*0.454 -> 0 | AN24: =('2'!AM24/24)*0.454 -> 0 | AP24: =('2'!AO24/24)*0.454 -> 0
A25: 0.41666667 | R25: =#DIV/0! -> #DIV/0! | T25: DATA | U25: =ESCALA!$A$4 -> 44318 | X25: 0.83333333 | Y25: 2877 | Z25: 1832 | AA25: 1 | AB25: =IF('2'!AA25=1,(('2'!Z25*'2'!$AS$6*'2'!$AT$6)/('2'!Y25*0.0036)),IF('2'!AA25=2,(('2'!Z25*'2'!$AS$7*'2'!$AT$7)/('2'!Y25*0.0036)))) -> 117.62639 | AD25: =(('2'!AC25*'2'!$Q$10*1000000))/('2'!Y25*3600) -> 0 | AE25: 3000 | AF25: =('2'!AE25/24)*0.454 -> 56.75 | AG25: 500 | AH25: =('2'!AG25/24)*0.454 -> 9.4583333 | AI25: 3000 | AJ25: =('2'!AI25/24)*0.454 -> 56.75 | AL25: =('2'!AK25/24)*0.454 -> 0 | AN25: =('2'!AM25/24)*0.454 -> 0 | AP25: =('2'!AO25/24)*0.454 -> 0
A26: 0.66666667 | R26: =#DIV/0! -> #DIV/0! | X26: 0.875 | Y26: 2915 | Z26: 1832 | AA26: 1 | AB26: =IF('2'!AA26=1,(('2'!Z26*'2'!$AS$6*'2'!$AT$6)/('2'!Y26*0.0036)),IF('2'!AA26=2,(('2'!Z26*'2'!$AS$7*'2'!$AT$7)/('2'!Y26*0.0036)))) -> 116.09301 | AD26: =(('2'!AC26*'2'!$Q$10*1000000))/('2'!Y26*3600) -> 0 | AE26: 3000 | AF26: =('2'!AE26/24)*0.454 -> 56.75 | AG26: 500 | AH26: =('2'!AG26/24)*0.454 -> 9.4583333 | AI26: 3000 | AJ26: =('2'!AI26/24)*0.454 -> 56.75 | AL26: =('2'!AK26/24)*0.454 -> 0 | AN26: =('2'!AM26/24)*0.454 -> 0 | AP26: =('2'!AO26/24)*0.454 -> 0
A27: Média | B27: =#DIV/0! -> #DIV/0! | C27: =#DIV/0! -> #DIV/0! | D27: =#DIV/0! -> #DIV/0! | E27: =#DIV/0! -> #DIV/0! | F27: =#DIV/0! -> #DIV/0! | G27: =#DIV/0! -> #DIV/0! | H27: =#DIV/0! -> #DIV/0! | I27: =#DIV/0! -> #DIV/0! | ... Q27: =#DIV/0! -> #DIV/0! | X27: 0.91666667 | Y27: 2892 | Z27: 1832 | AA27: 1 | AB27: =IF('2'!AA27=1,(('2'!Z27*'2'!$AS$6*'2'!$AT$6)/('2'!Y27*0.0036)),IF('2'!AA27=2,(('2'!Z27*'2'!$AS$7*'2'!$AT$7)/('2'!Y27*0.0036)))) -> 117.01629 | AD27: =(('2'!AC27*'2'!$Q$10*1000000))/('2'!Y27*3600) -> 0 | AE27: 3000 | AF27: =('2'!AE27/24)*0.454 -> 56.75 | AG27: 500 | AH27: =('2'!AG27/24)*0.454 -> 9.4583333 | AI27: 3000 | AJ27: =('2'!AI27/24)*0.454 -> 56.75 | AL27: =('2'!AK27/24)*0.454 -> 0 | AN27: =('2'!AM27/24)*0.454 -> 0 | AP27: =('2'!AO27/24)*0.454 -> 0
A28: OBSERVAÇÕES | X28: 0.95833333 | Y28: 2866 | Z28: 1932 | AA28: 1 | AB28: =IF('2'!AA28=1,(('2'!Z28*'2'!$AS$6*'2'!$AT$6)/('2'!Y28*0.0036)),IF('2'!AA28=2,(('2'!Z28*'2'!$AS$7*'2'!$AT$7)/('2'!Y28*0.0036)))) -> 124.52314 | AD28: =(('2'!AC28*'2'!$Q$10*1000000))/('2'!Y28*3600) -> 0 | AE28: 3000 | AF28: =('2'!AE28/24)*0.454 -> 56.75 | AG28: 500 | AH28: =('2'!AG28/24)*0.454 -> 9.4583333 | AI28: 3000 | AJ28: =('2'!AI28/24)*0.454 -> 56.75 | AL28: =('2'!AK28/24)*0.454 -> 0 | AN28: =('2'!AM28/24)*0.454 -> 0 | AP28: =('2'!AO28/24)*0.454 -> 0
X29: 1 | Y29: 2851 | Z29: 1932 | AA29: 1 | AB29: =IF('2'!AA29=1,(('2'!Z29*'2'!$AS$6*'2'!$AT$6)/('2'!Y29*0.0036)),IF('2'!AA29=2,(('2'!Z29*'2'!$AS$7*'2'!$AT$7)/('2'!Y29*0.0036)))) -> 125.1783 | AD29: =(('2'!AC29*'2'!$Q$10*1000000))/('2'!Y29*3600) -> 0 | AE29: 3000 | AF29: =('2'!AE29/24)*0.454 -> 56.75 | AG29: 500 | AH29: =('2'!AG29/24)*0.454 -> 9.4583333 | AI29: 3000 | AJ29: =('2'!AI29/24)*0.454 -> 56.75 | AL29: =('2'!AK29/24)*0.454 -> 0 | AN29: =('2'!AM29/24)*0.454 -> 0 | AP29: =('2'!AO29/24)*0.454 -> 0
X30: Total | Y30: =SUM('2'!Y6:Y29)*3.6 -> 245336.4 | Z30: =SUM('2'!Z6:Z29) -> 39555 | AF30: =SUM('2'!AF6:AF29) -> 1362 | AH30: =SUM('2'!AH6:AH29) -> #REF! | AJ30: =SUM('2'!AJ6:AJ29) -> 1362 | AL30: =SUM('2'!AL6:AL29) -> 0 | AN30: =SUM('2'!AN6:AN29) -> 0 | AP30: =SUM('2'!AP6:AP29) -> 0
X32: S.A.L (l) - (kg) | Z32: =SUMIF('2'!AA6:AA29,"=1",'2'!Z6:Z29) -> 39555 | AA32: ='2'!Z32*'2'!AS6 -> 52608.15 | AB32: =SUMIF('2'!$AA$6:$AA$29,"=1",'2'!$AB$6:$AB$29)/COUNTIF('2'!$AA$6:$AA$29,"=1") -> 107.16088 | AC32: =SUMIF('2'!AA6:AA29,"=1",'2'!AC6:AC29) -> 0
X33: PAC 18 (l) - (kg) | Z33: =SUMIF('2'!AA6:AA29,"=2",'2'!Z6:Z29) -> 0 | AA33: ='2'!Z33*'2'!AS7 -> 0 | AB33: =SUMIF('2'!$AA$6:$AA$29,"=2",'2'!$AB$6:$AB$29)/COUNTIF('2'!$AA$6:$AA$29,"=2") -> #DIV/0! | AC33: =SUMIF('2'!AA6:AA29,"=2",'2'!AC6:AC29) -> 0
X34: Média | Y34: =AVERAGE('2'!Y6:Y29) -> 2839.5417 | Z34: =AVERAGE('2'!Z6:Z29) -> 1648.125 | AC34: =SUM('2'!AC6:AC29)/COUNTIF('2'!AC6:AC29,"<>0") -> 0 | AD34: =SUM('2'!AD6:AD29)/COUNTIF('2'!AD6:AD29,"<>0") -> #DIV/0! | AF34: =AVERAGE('2'!AF6:AF29) -> 56.75 | AH34: =AVERAGE('2'!AH6:AH29) -> #REF! | AJ34: ='2'!AJ30/24 -> 56.75 | AL34: =AVERAGE('2'!AL6:AL29) -> 0 | AN34: =AVERAGE('2'!AN6:AN29) -> 0 | AP34: =AVERAGE('2'!AP6:AP29) -> 0
C35: Alcalinidade (mg/L) | F35: Ferro (mg/L) | I35: Manganês (mg/L) | L35: Alumínio (mg/L) | U35: TÉCNICO | X35: Decantadores | AA35: Filtros | AJ35: CLORAÇÃO INTERMEDIÁRIA | AO35: PÓS CLORAÇÃO
B36: HORA | C36: Bruta | D36: Dec. | E36: Trat (R-3) | F36: Bruta | G36: Filt. | H36: Trat (R-3) | I36: Bruta | J36: Filt. | K36: Trat (R-3) | L36: Trat (R-3) | X36: Lavados | AA36: Lavados
B37: 0.33333333 | C37: 37.8 | D37: 6 | E37: 5 | F37: 3 | G37: 0.2 | H37: 0.2 | I37: 0.3 | J37: 0.1 | K37: 0.06 | U37: ='2'!V12 -> 0 | X37: HORAS OPERANDO | Z37: =COUNTA('2'!Z6:Z29) -> 24 | AJ37: CARRETA | AL37: CILINDROS | AO37: CARRETA | AQ37: CILINDROS
B38: 0.66666667 | AJ38: CONSUMO | AK38: =SUM('2'!AF30+'2'!AH30) -> #REF! | AL38: CONSUMO | AM38: =SUM('2'!AL30+'2'!AN30) -> 0 | AO38: CONSUMO | AP38: ='2'!AJ30 -> 1362 | AQ38: CONSUMO | AR38: ='2'!AP30 -> 0
A39: Nº amostras de água TRATADA | C39: Nº amostras de água FILTRADA | E39: Nº amostras de água tratada/filtrada FORA DO PADRÃO | J39: Nº amostras de água tratada/filtrada no PADRÃO | O39: Nº de amostras com turbidez menor ou igual a 0,5 NTU | R39: ÁGUA FILTRADA | S39: Nº de amostras com turbidez menor ou igual a 1,0 NTU | AJ39: DOSAGEM | AK39: =('2'!AK38/'2'!Y30)*1000 -> #REF! | AL39: DOSAGEM | AM39: =('2'!AM38/'2'!Y30)*1000 -> 0 | AO39: DOSAGEM | AP39: =('2'!AP38/'2'!Y30)*1000 -> 5.551561 | AQ39: DOSAGEM | AR39: =('2'!AR38/'2'!Y30)*1000 -> 0
A40: COR | B40: TURBIDEZ | C40: TURBIDEZ | E40: COR | G40: TURBIDEZ | J40: COR | L40: TURBIDEZ | X40: ESTOQUE DE COAGULANTE | AJ40: Consumo Total | AL40: =SUM('2'!AK38,'2'!AM38) -> #REF! | AO40: Consumo Total | AQ40: =SUM('2'!AP38,'2'!AR38) -> 1362
A41: =COUNTA('2'!E7:E18) -> 12 | B41: =COUNTA('2'!I7:I18) -> 12 | C41: =COUNTA('2'!J7:J18) -> 12 | D41: =COUNTA('2'!K7:K18) -> 12 | E41: =COUNTIF('2'!E7:E18,">15") -> 0 | G41: =COUNTIF('2'!J7:J18,">1") -> 12 | J41: ='2'!A41-'2'!E41 -> 12 | L41: ='2'!C41-'2'!G41 -> 0 | O41: =COUNTIF('2'!J7:J18,"<=0,5") -> 0 | S41: =COUNTIF('2'!J7:J18,"<=1,0") -> 0 | AJ41: Dosagem Final | AL41: =SUM(('2'!AK38+'2'!AM38)/'2'!Y30)*1000 -> #REF! | AO41: Dosagem Final | AQ41: =SUM(('2'!AP38+'2'!AR38)/'2'!Y30)*1000 -> 5.551561
O42: ÁGUA FILTRATADA | X42: SULFATO DE ALUMÍNIO
H43: Nº de amostras água tratada com turbidez <= 5,0 NTU | L43: Nº de amostras água tratada para aluminio | Q43: Nº de amostras com turbidez entre 0,5 e 1,0 NTU | X43: TINA 01 | Z43: TINA 02 | AB43: TINA 03 | AD43: TANQUE
X44: ALTURA | Z44: ALTURA | AB44: ALTURA | AF44: Volume total (L) | AG44: =SUM('2'!Y45,'2'!AA45,'2'!AC45,'2'!AE45) -> 0 | AI44: CONSUMO DE SULFATO DE ALUMÍNIO ÀS 24:00hs
H45: =COUNTIF('2'!I7:I18,"<=5,0") -> 12 | L45: =COUNTA('2'!L37) -> 0 | Q45: ='2'!S41-'2'!O41 -> 0 | X45: VOLUME | Y45: ='2'!Y44*275.3 -> 0 | Z45: VOLUME | AA45: =262.4*'2'!AA44 -> 0 | AB45: VOLUME | AC45: ='2'!AC44*277.7 -> 0 | AD45: VOLUME | AI45: TINA 01 | AK45: TINA 02 | AM45: TINA 03
X46: Densidade | Y46: ='2'!AS6 -> 1.33 | Z46: Densidade | AA46: ='2'!Y46 -> 1.33 | AB46: Densidade | AC46: ='2'!Y46 -> 1.33 | AD46: Densidade | AF46: Peso Total (Kg) | AG46: =SUM('2'!Y47,'2'!AA47,'2'!AC47,'2'!AE47) -> 0 | AI46: ALTURA | AK46: ALTURA | AM46: ALTURA
O47: ÁGUA TRATADA - CLORO RESIDUAL | X47: Peso(Kg) | Y47: ='2'!Y45*'2'!Y46 -> 0 | Z47: Peso(Kg) | AA47: ='2'!AA45*'2'!AA46 -> 0 | AB47: Peso(Kg) | AC47: ='2'!AC45*'2'!AC46 -> 0 | AD47: Peso(Kg) | AI47: VOLUME | AJ47: ='2'!AJ46*275.3 -> 0 | AK47: VOLUME | AL47: =262.4*'2'!AL46 -> 0 | AM47: VOLUME | AN47: ='2'!AN46*277.7 -> 0
AI48: Densidade | AJ48: ='2'!Y46 -> 1.33 | AK48: Densidade | AL48: ='2'!AJ48 -> 1.33 | AM48: Densidade | AN48: ='2'!AJ48 -> 1.33
O49: Nº de amostras de água tratada para cloro residual | R49: Nº de amostras de água tratada dentro dos padrões de cloro residual | AI49: Peso(Kg) | AJ49: ='2'!AJ47*'2'!AJ48 -> 0 | AK49: Peso(Kg) | AL49: ='2'!AL47*'2'!AL48 -> 0 | AM49: Peso(Kg) | AN49: ='2'!AN47*'2'!AN48 -> 0
X50: PAC - 18
O51: =COUNTA('2'!O7:O18) -> 12 | P51: =COUNTA('2'!W17:W28) -> 0 | R51: =COUNTIF('2'!O7:O18,">=0,5") -> 12 | X51: TINA 01 | Z51: TINA 02 | AB51: TINA 03 | AD51: TANQUE | AI51: CONSUMO DE PAC ÀS 24:00hs
X52: ALTURA | Z52: ALTURA | AB52: ALTURA | AF52: Volume total (L) | AG52: =SUM('2'!Y53,'2'!AA53,'2'!AC53,'2'!AE53) -> 0 | AI52: TINA 01 | AK52: TINA 02 | AM52: TINA 03
O53: ÁGUA TRATADA - PH | X53: VOLUME | Y53: ='2'!Y52*275.3 -> 0 | Z53: VOLUME | AA53: =262.4*'2'!AA52 -> 0 | AB53: VOLUME | AC53: ='2'!AC52*277.7 -> 0 | AD53: VOLUME | AI53: ALTURA | AJ53: 0 | AK53: ALTURA | AM53: ALTURA
X54: Densidade | Y54: ='2'!AS7 -> 1.262 | Z54: Densidade | AA54: ='2'!Y54 -> 1.262 | AB54: Densidade | AC54: ='2'!Y54 -> 1.262 | AD54: Densidade | AF54: Peso Total (Kg) | AG54: =SUM('2'!Y55,'2'!AA55,'2'!AC55,'2'!AE55) -> 0 | AI54: VOLUME | AJ54: ='2'!AJ53*275.3 -> 0 | AK54: VOLUME | AL54: =262.4*'2'!AL53 -> 0 | AM54: VOLUME | AN54: ='2'!AN53*277.7 -> 0
O55: Nº de amostras de água tratada para PH | R55: Nº de amostras de água tratada dentro dos padrões de PH | X55: Peso(Kg) | Y55: ='2'!Y53*'2'!Y54 -> 0 | Z55: Peso(Kg) | AA55: ='2'!AA53*'2'!AA54 -> 0 | AB55: Peso(Kg) | AD55: Peso(Kg) | AI55: Densidade | AJ55: ='2'!Y54 -> 1.262 | AK55: Densidade | AL55: ='2'!AJ55 -> 1.262 | AM55: Densidade | AN55: ='2'!AJ55 -> 1.262
AI56: Peso(Kg) | AJ56: ='2'!AJ54*'2'!AJ55 -> 0 | AK56: Peso(Kg) | AL56: ='2'!AL54*'2'!AL55 -> 0 | AM56: Peso(Kg) | AN56: ='2'!AN54*'2'!AN55 -> 0
O57: =COUNTA('2'!N7:N18) -> 12 | R57: =COUNTIF('2'!N7:N18,">=6") -> 0
X58: ESTOQUE DE CLORO
AI59: CONTROLE DIÁRIO DO CONSUMO DE COAGULANTE
X60: Carretas com Cloro | AB60: Cilindros com Cloro | AI60: CLORETO DE POLIALUMÍNIO | AN60: SULFATO DE ALUMÍNIO
AI61: CONSUMO REAL | AL61: ='2'!AJ56+'2'!AL56+'2'!AN56 -> 0 | AN61: CONSUMO REAL | AQ61: ='2'!AJ49+'2'!AL49+'2'!AN49 -> 0
X62: Recebido | AB62: Recebido | AI62: CONSUMO TEÓRICO | AL62: ='2'!AA33 -> 0 | AN62: CONSUMO TEÓRICO | AQ62: ='2'!AA32 -> 52608.15
X63: Peso(kg) | Y63: 0 | AB63: Peso(kg) | AI63: DIFERENÇA | AL63: ='2'!AL61-'2'!AL62 -> 0 | AN63: DIFERENÇA | AQ63: ='2'!AQ61-'2'!AQ62 -> -52608.15
X65: Saldo anterior (kg) | Y65: ='1'!$Y$68 -> #REF! | AB65: Saldo anterior (kg) | AC65: ='1'!$AC$68 -> 0
X66: Consumido | AB66: Consumido
X67: Peso(kg) | Y67: =SUM('2'!AK38,'2'!AP38) -> #REF! | AB67: Peso(kg) | AC67: =SUM('2'!AM38,'2'!AR38) -> 0
X68: Saldo(kg) | Y68: =SUM('2'!Y63,'2'!Y65)-'2'!Y67 -> #REF! | AB68: Saldo(kg) | AC68: =SUM('2'!AC63,'2'!AC65)-'2'!AC67 -> 0

Sheet 3
D2: CONTROLE DE ANÁLISE FÍSICO - QUÍMICAS \ ETA CASTELO BRANCO | AB2: CONTROLE DE PRODUTOS QUÍMICOS APLICADOS \ ETA CASTELO BRANCO
A4: HORA | B4: COR (Uc) | F4: TURBIDEZ (Ut) | K4: Ph | O4: CLORO RESIDUAL (mg/L) | R4: DOSAGEM DO COAGULANTE | T4: VAZÃO DA ETA | U4: TIPO DE COAGULANTE | V4: TÉCNICO | X4: Hora | Y4: Vazão ETA (l/s) | Z4: Vazão Coagulante (l/h) | AA4: Código | AB4: Dosagem (mg/l) | AC4: Vazão Polímero (l/h) | AD4: Dosagem (mg/l) | AE4: Pré 1 (Lib/dia) | AF4: Pré 1 (Kg/h) | AG4: Pré 2 (Lib/dia) | AH4: Pré 2 (Kg/h) | AI4: Pós (Lib/dia) | AJ4: Pós (Kg/h) | AK4: Pré 1 (Lib/dia) cilindros | AL4: Pré 1 (Kg/h) cilindros | AM4: Pré 2 (Lib/dia) cilindros | AN4: Pré 2 (Kg/h) cilindros | AO4: Pós (Lib/dia) cilindros | AP4: Pós (Kg/h) cilindros | AQ4: COAGULANTE | AU4: Tempo de Utilização (h)
AQ5: Codigo | AR5: Nome | AS5: d (g/ml) | AT5: C (%)
B6: Bruta | C6: DEC_1 | D6: DEC_2 | E6: TRAT | F6: Bruta | G6: DEC_1 | H6: DEC_2 | I6: TRAT | J6: FILT | K6: Bruta | L6: DEC_1 | M6: DEC_2 | N6: TRAT | O6: TRAT | P6: DEC_1 | Q6: DEC_2 | R6: L/h | S6: mg/l | T6: L/s | X6: 0.041666667 | Y6: 2894 | Z6: 1932 | AA6: 1 | AB6: =IF('3'!AA6=1,(('3'!Z6*'3'!$AS$6*'3'!$AT$6)/('3'!Y6*0.0036)),IF('3'!AA6=2,(('3'!Z6*'3'!$AS$7*'3'!$AT$7)/('3'!Y6*0.0036)))) -> 123.31836 | AD6: =(('3'!AC6*'3'!$O$9*1000000))/('3'!Y6*3600) -> 0 | AE6: 3000 | AF6: =('3'!AE6/24)*0.454 -> 56.75 | AG6: 500 | AH6: =('3'!AG6/24)*0.454 -> 9.4583333 | AI6: 3000 | AJ6: =('3'!AI6/24)*0.454 -> 56.75 | AL6: =('3'!AK6/24)*0.454 -> 0 | AN6: =('3'!AM6/24)*0.454 -> 0 | AP6: =('3'!AO6/24)*0.454 -> 0 | AQ6: 1 | AR6: S.A.L | AS6: 1.33 | AT6: 0.5 | AU6: 0
A7: 0 | B7: 700 | C7: 10 | D7: 7.5 | E7: 2.5 | F7: 166 | G7: 3.2 | H7: 2.7 | I7: 0.95 | J7: 1.1 | K7: 6.8 | L7: 4.8 | M7: 4.8 | N7: 5.3 | O7: 3.5 | P7: 0.4 | Q7: 1.2 | R7: ='2'!$Z$29 -> 1932 | S7: ='2'!$AB$29 -> 125.1783 | T7: ='2'!$Y$29 -> 2851 | U7: =IF('3'!AA6=1,'3'!AR6,'3'!AR7) -> S.A.L | V7: =ESCALA!$C$4 -> 0 | X7: 0.083333333 | Y7: 2792 | Z7: 1932 | AA7: 1 | AB7: =IF('3'!AA7=1,(('3'!Z7*'3'!$AS$6*'3'!$AT$6)/('3'!Y7*0.0036)),IF('3'!AA7=2,(('3'!Z7*'3'!$AS$7*'3'!$AT$7)/('3'!Y7*0.0036)))) -> 127.82354 | AD7: =(('3'!AC7*'3'!$O$9*1000000))/('3'!Y7*3600) -> 0 | AE7: 3000 | AF7: =('3'!AE7/24)*0.454 -> 56.75 | AG7: 500 | AH7: =('3'!AG7/24)*0.454 -> 9.4583333 | AI7: 3000 | AJ7: =('3'!AI7/24)*0.454 -> 56.75 | AL7: =('3'!AK7/24)*0.454 -> 0 | AN7: =('3'!AM7/24)*0.454 -> 0 | AP7: =('3'!AO7/24)*0.454 -> 0 | AQ7: 2 | AR7: PAC 18 | AS7: 1.262 | AT7: 1 | AU7: 24
A8: 0.083333333 | B8: 700 | C8: 10 | D8: 7.5 | E8: 2.5 | F8: 160 | G8: 3.2 | H8: 2.7 | I8: 0.86 | J8: 0.97 | K8: 6.8 | L8: 4.8 | M8: 4.8 | N8: 5.3 | O8: 3.5 | P8: 0.4 | Q8: 1.7 | R8: ='3'!Z7 -> 1932 | S8: ='3'!AB7 -> 127.82354 | T8: ='3'!Y7 -> 2792 | U8: =IF('3'!AA7=1,'3'!AR6,'3'!AR7) -> S.A.L | X8: 0.125 | Y8: 2824 | Z8: 1932 | AA8: 1 | AB8: =IF('3'!AA8=1,(('3'!Z8*'3'!$AS$6*'3'!$AT$6)/('3'!Y8*0.0036)),IF('3'!AA8=2,(('3'!Z8*'3'!$AS$7*'3'!$AT$7)/('3'!Y8*0.0036)))) -> 126.37512 | AD8: =(('3'!AC8*'3'!$O$9*1000000))/('3'!Y8*3600) -> 0 | AE8: 3000 | AF8: =('3'!AE8/24)*0.454 -> 56.75 | AG8: 500 | AH8: =('3'!AG8/24)*0.454 -> 9.4583333 | AI8: 3000 | AJ8: =('3'!AI8/24)*0.454 -> 56.75 | AL8: =('3'!AK8/24)*0.454 -> 0 | AN8: =('3'!AM8/24)*0.454 -> 0 | AP8: =('3'!AO8/24)*0.454 -> 0 | AQ8: Polímero Catiônico
A9: 0.16666667 | B9: 700 | C9: 10 | D9: 5 | E9: 2.5 | F9: 157 | G9: 3.2 | H9: 2.6 | I9: 0.76 | J9: 0.85 | K9: 6.8 | L9: 4.8 | M9: 4.8 | N9: 5.3 | O9: 3.5 | P9: 0.5 | Q9: 2 | R9: ='3'!Z9 -> 1932 | S9: ='3'!AB9 -> 124.09017 | T9: ='3'!Y9 -> 2876 | U9: =IF('3'!AA9=1,'3'!AR6,'3'!AR7) -> S.A.L | X9: 0.16666667 | Y9: 2876 | Z9: 1932 | AA9: 1 | AB9: =IF('3'!AA9=1,(('3'!Z9*'3'!$AS$6*'3'!$AT$6)/('3'!Y9*0.0036)),IF('3'!AA9=2,(('3'!Z9*'3'!$AS$7*'3'!$AT$7)/('3'!Y9*0.0036)))) -> 124.09017 | AD9: =(('3'!AC9*'3'!$O$9*1000000))/('3'!Y9*3600) -> 0 | AE9: 3000 | AF9: =('3'!AE9/24)*0.454 -> 56.75 | AG9: 500 | AH9: =('3'!AG9/24)*0.454 -> 9.4583333 | AI9: 3000 | AJ9: =('3'!AI9/24)*0.454 -> 56.75 | AL9: =('3'!AK9/24)*0.454 -> 0 | AN9: =('3'!AM9/24)*0.454 -> 0 | AP9: =('3'!AO9/24)*0.454 -> 0 | AQ9: Nome | AT9: C (%)
A10: 0.25 | B10: 700 | C10: 10 | D10: 5 | E10: 2.5 | F10: 154 | G10: 3.2 | H10: 2.6 | I10: 0.74 | J10: 0.83 | K10: 6.8 | L10: 4.8 | M10: 4.8 | N10: 5.3 | O10: 3.5 | P10: 0.5 | Q10: 2 | R10: ='3'!Z11 -> 1932 | S10: ='3'!AB11 -> 125.4864 | T10: ='3'!Y11 -> 2844 | U10: =IF('3'!AA11=1,'3'!AR6,'3'!AR7) -> S.A.L | X10: 0.20833333 | Y10: 2792 | Z10: 1932 | AA10: 1 | AB10: =IF('3'!AA10=1,(('3'!Z10*'3'!$AS$6*'3'!$AT$6)/('3'!Y10*0.0036)),IF('3'!AA10=2,(('3'!Z10*'3'!$AS$7*'3'!$AT$7)/('3'!Y10*0.0036)))) -> 127.82354 | AD10: =(('3'!AC10*'3'!$O$9*1000000))/('3'!Y10*3600) -> 0 | AE10: 3000 | AF10: =('3'!AE10/24)*0.454 -> 56.75 | AG10: 500 | AH10: =('3'!AG10/24)*0.454 -> 9.4583333 | AI10: 3000 | AJ10: =('3'!AI10/24)*0.454 -> 56.75 | AL10: =('3'!AK10/24)*0.454 -> 0 | AN10: =('3'!AM10/24)*0.454 -> 0 | AP10: =('3'!AO10/24)*0.454 -> 0 | AQ10: Aguapol 200 | AT10: 0.002
A11: 0.33333333 | B11: 700 | C11: 12.5 | D11: 7.5 | E11: 2.5 | F11: 152 | G11: 3.7 | H11: 2.8 | I11: 0.93 | J11: 1.22 | K11: 6.8 | L11: 4.8 | M11: 4.8 | N11: 5.3 | O11: 3.5 | P11: 0.4 | Q11: 1.5 | R11: ='3'!Z13 -> 1932 | S11: ='3'!AB13 -> 125.09055 | T11: ='3'!Y13 -> 2853 | U11: =IF('3'!AA13=1,'3'!AR6,'3'!AR7) -> S.A.L | X11: 0.25 | Y11: 2844 | Z11: 1932 | AA11: 1 | AB11: =IF('3'!AA11=1,(('3'!Z11*'3'!$AS$6*'3'!$AT$6)/('3'!Y11*0.0036)),IF('3'!AA11=2,(('3'!Z11*'3'!$AS$7*'3'!$AT$7)/('3'!Y11*0.0036)))) -> 125.4864 | AD11: =(('3'!AC11*'3'!$O$9*1000000))/('3'!Y11*3600) -> 0 | AE11: 3000 | AF11: =('3'!AE11/24)*0.454 -> 56.75 | AG11: 500 | AH11: =('3'!AG11/24)*0.454 -> 9.4583333 | AI11: 3000 | AJ11: =('3'!AI11/24)*0.454 -> 56.75 | AL11: =('3'!AK11/24)*0.454 -> 0 | AN11: =('3'!AM11/24)*0.454 -> 0 | AP11: =('3'!AO11/24)*0.454 -> 0
A12: 0.41666667 | B12: 700 | C12: 12.5 | D12: 10 | E12: 2.5 | F12: 150 | G12: 4 | H12: 3.1 | I12: 1.05 | J12: 1.61 | K12: 6.8 | L12: 4.8 | M12: 4.8 | N12: 5.3 | O12: 3.5 | P12: 0.3 | Q12: 1.2 | R12: ='3'!Z15 -> 1932 | S12: ='3'!AB15 -> 126.19637 | T12: ='3'!Y15 -> 2828 | U12: =IF('3'!AA15=1,'3'!AR6,'3'!AR7) -> S.A.L | V12: =ESCALA!$B$5 -> 0 | X12: 0.29166667 | Y12: 2818 | Z12: 1932 | AA12: 1 | AB12: =IF('3'!AA12=1,(('3'!Z12*'3'!$AS$6*'3'!$AT$6)/('3'!Y12*0.0036)),IF('3'!AA12=2,(('3'!Z12*'3'!$AS$7*'3'!$AT$7)/('3'!Y12*0.0036)))) -> 126.64419 | AD12: =(('3'!AC12*'3'!$O$9*1000000))/('3'!Y12*3600) -> 0 | AE12: 3000 | AF12: =('3'!AE12/24)*0.454 -> 56.75 | AG12: 500 | AH12: =('3'!AG12/24)*0.454 -> 9.4583333 | AI12: 3000 | AJ12: =('3'!AI12/24)*0.454 -> 56.75 | AL12: =('3'!AK12/24)*0.454 -> 0 | AN12: =('3'!AM12/24)*0.454 -> 0 | AP12: =('3'!AO12/24)*0.454 -> 0
A13: 0.5 | B13: 700 | C13: 12.5 | D13: 12.5 | E13: 5 | F13: 156 | G13: 4.5 | H13: 4 | I13: 1.12 | J13: 1.93 | K13: 6.8 | L13: 4.8 | M13: 4.8 | N13: 5 | O13: 3.5 | P13: 0.3 | Q13: 1.2 | R13: ='3'!Z17 -> 2580 | S13: ='3'!AB17 -> 167.51611 | T13: ='3'!Y17 -> 2845 | U13: =IF('3'!AA17=1,'3'!AR6,'3'!AR7) -> S.A.L | X13: 0.33333333 | Y13: 2853 | Z13: 1932 | AA13: 1 | AB13: =IF('3'!AA13=1,(('3'!Z13*'3'!$AS$6*'3'!$AT$6)/('3'!Y13*0.0036)),IF('3'!AA13=2,(('3'!Z13*'3'!$AS$7*'3'!$AT$7)/('3'!Y13*0.0036)))) -> 125.09055 | AD13: =(('3'!AC13*'3'!$O$9*1000000))/('3'!Y13*3600) -> 0 | AE13: 3000 | AF13: =('3'!AE13/24)*0.454 -> 56.75 | AG13: 500 | AH13: =('3'!AG13/24)*0.454 -> 9.4583333 | AI13: 3000 | AJ13: =('3'!AI13/24)*0.454 -> 56.75 | AL13: =('3'!AK13/24)*0.454 -> 0 | AN13: =('3'!AM13/24)*0.454 -> 0 | AP13: =('3'!AO13/24)*0.454 -> 0
A14: 0.58333333 | B14: 700 | C14: 10 | D14: 10 | E14: 5 | F14: 156 | G14: 4.2 | H14: 3.8 | I14: 1.15 | J14: 2.05 | K14: 6.8 | L14: 4.8 | M14: 4.8 | N14: 4.5 | O14: 3.3 | P14: 0.5 | Q14: 1.4 | R14: ='3'!Z19 -> 2005 | S14: ='3'!AB19 -> 126.88183 | T14: ='3'!Y19 -> 2919 | U14: =IF('3'!AA19=1,'3'!AR6,'3'!AR7) -> S.A.L | X14: 0.375 | Y14: 2868 | Z14: 1932 | AA14: 1 | AB14: =IF('3'!AA14=1,(('3'!Z14*'3'!$AS$6*'3'!$AT$6)/('3'!Y14*0.0036)),IF('3'!AA14=2,(('3'!Z14*'3'!$AS$7*'3'!$AT$7)/('3'!Y14*0.0036)))) -> 124.43631 | AD14: =(('3'!AC14*'3'!$O$9*1000000))/('3'!Y14*3600) -> 0 | AE14: 3000 | AF14: =('3'!AE14/24)*0.454 -> 56.75 | AG14: 500 | AH14: =('3'!AG14/24)*0.454 -> 9.4583333 | AI14: 3000 | AJ14: =('3'!AI14/24)*0.454 -> 56.75 | AL14: =('3'!AK14/24)*0.454 -> 0 | AN14: =('3'!AM14/24)*0.454 -> 0 | AP14: =('3'!AO14/24)*0.454 -> 0
A15: 0.66666667 | B15: 700 | C15: 12.5 | D15: 10 | E15: 5 | F15: 152 | G15: 4 | H15: 3.3 | I15: 1.21 | J15: 2.02 | K15: 6.8 | L15: 4.8 | M15: 4.8 | N15: 4.5 | O15: 3.3 | P15: 0.5 | Q15: 1.5 | R15: ='3'!Z21 -> 1505 | S15: ='3'!AB21 -> 97.273249 | T15: ='3'!Y21 -> 2858 | U15: =IF('3'!AA21=1,'3'!AR6,'3'!AR7) -> S.A.L | X15: 0.41666667 | Y15: 2828 | Z15: 1932 | AA15: 1 | AB15: =IF('3'!AA15=1,(('3'!Z15*'3'!$AS$6*'3'!$AT$6)/('3'!Y15*0.0036)),IF('3'!AA15=2,(('3'!Z15*'3'!$AS$7*'3'!$AT$7)/('3'!Y15*0.0036)))) -> 126.19637 | AD15: =(('3'!AC15*'3'!$O$9*1000000))/('3'!Y15*3600) -> 0 | AE15: 3000 | AF15: =('3'!AE15/24)*0.454 -> 56.75 | AG15: 500 | AH15: =('3'!AG15/24)*0.454 -> 9.4583333 | AI15: 3000 | AJ15: =('3'!AI15/24)*0.454 -> 56.75 | AL15: =('3'!AK15/24)*0.454 -> 0 | AN15: =('3'!AM15/24)*0.454 -> 0 | AP15: =('3'!AO15/24)*0.454 -> 0
A16: 0.75 | B16: 700 | C16: 10 | D16: 10 | E16: 5 | F16: 150 | G16: 3.8 | H16: 3.2 | I16: 1.21 | J16: 1.91 | K16: 6.8 | L16: 4.8 | M16: 4.8 | N16: 4.5 | O16: 3.2 | P16: 0.4 | Q16: 1.5 | R16: ='3'!Z23 -> 1375 | S16: ='3'!AB23 -> 89.497201 | T16: ='3'!Y23 -> 2838 | U16: =IF('3'!AA23=1,'3'!AR6,'3'!AR7) -> S.A.L | X16: 0.45833333 | Y16: 2847 | Z16: 3540 | AA16: 1 | AB16: =IF('3'!AA16=1,(('3'!Z16*'3'!$AS$6*'3'!$AT$6)/('3'!Y16*0.0036)),IF('3'!AA16=2,(('3'!Z16*'3'!$AS$7*'3'!$AT$7)/('3'!Y16*0.0036)))) -> 229.68622 | AD16: =(('3'!AC16*'3'!$O$9*1000000))/('3'!Y16*3600) -> 0 | AE16: 3000 | AF16: =('3'!AE16/24)*0.454 -> 56.75 | AG16: 500 | AH16: =('3'!AG16/24)*0.454 -> 9.4583333 | AI16: 3000 | AJ16: =('3'!AI16/24)*0.454 -> 56.75 | AL16: =('3'!AK16/24)*0.454 -> 0 | AN16: =('3'!AM16/24)*0.454 -> 0 | AP16: =('3'!AO16/24)*0.454 -> 0
A17: 0.83333333 | B17: 700 | C17: 10 | D17: 10 | E17: 5 | F17: 148 | G17: 3.6 | H17: 3 | I17: 0.94 | J17: 1.88 | K17: 6.8 | L17: 4.8 | M17: 4.8 | N17: 4.5 | O17: 3.2 | P17: 0.4 | Q17: 1.5 | R17: ='3'!Z25 -> 2016 | S17: ='3'!AB25 -> 131.49718 | T17: ='3'!Y25 -> 2832 | U17: =IF('3'!AA25=1,'3'!AR6,'3'!AR7) -> S.A.L | V17: =ESCALA!$C$5 -> 0 | X17: 0.5 | Y17: 2845 | Z17: 2580 | AA17: 1 | AB17: =IF('3'!AA17=1,(('3'!Z17*'3'!$AS$6*'3'!$AT$6)/('3'!Y17*0.0036)),IF('3'!AA17=2,(('3'!Z17*'3'!$AS$7*'3'!$AT$7)/('3'!Y17*0.0036)))) -> 167.51611 | AD17: =(('3'!AC17*'3'!$O$9*1000000))/('3'!Y17*3600) -> 0 | AE17: 3000 | AF17: =('3'!AE17/24)*0.454 -> 56.75 | AG17: 500 | AH17: =('3'!AG17/24)*0.454 -> 9.4583333 | AI17: 3000 | AJ17: =('3'!AI17/24)*0.454 -> 56.75 | AL17: =('3'!AK17/24)*0.454 -> 0 | AN17: =('3'!AM17/24)*0.454 -> 0 | AP17: =('3'!AO17/24)*0.454 -> 0
A18: 0.91666667 | B18: 700 | C18: 10 | D18: 10 | E18: 5 | F18: 146 | G18: 3.2 | H18: 3 | I18: 0.91 | J18: 1.82 | K18: 6.8 | L18: 4.8 | M18: 4.8 | N18: 4.5 | O18: 3.2 | P18: 0.3 | Q18: 1.5 | R18: ='3'!Z27 -> 2016 | S18: ='3'!AB27 -> 133.4767 | T18: ='3'!Y27 -> 2790 | U18: =IF('3'!AA27=1,'3'!AR6,'3'!AR7) -> S.A.L | X18: 0.54166667 | Y18: 2876 | Z18: 2320 | AA18: 1 | AB18: =IF('3'!AA18=1,(('3'!Z18*'3'!$AS$6*'3'!$AT$6)/('3'!Y18*0.0036)),IF('3'!AA18=2,(('3'!Z18*'3'!$AS$7*'3'!$AT$7)/('3'!Y18*0.0036)))) -> 149.01097 | AD18: =(('3'!AC18*'3'!$O$9*1000000))/('3'!Y18*3600) -> 0 | AE18: 3000 | AF18: =('3'!AE18/24)*0.454 -> 56.75 | AG18: 500 | AH18: =('3'!AG18/24)*0.454 -> 9.4583333 | AI18: 3000 | AJ18: =('3'!AI18/24)*0.454 -> 56.75 | AL18: =('3'!AK18/24)*0.454 -> 0 | AN18: =('3'!AM18/24)*0.454 -> 0 | AP18: =('3'!AO18/24)*0.454 -> 0
A19: Média | B19: {=IF('3'!B7:B18>0.01,AVERAGE('3'!B7:B18),"")} -> 700 | C19: {=IF('3'!C7:C18>0.01,AVERAGE('3'!C7:C18),"")} -> 10.833333 | D19: {=IF('3'!D7:D18>0.01,AVERAGE('3'!D7:D18),"")} -> 8.75 | E19: {=IF('3'!E7:E18>0.01,AVERAGE('3'!E7:E18),"")} -> 3.75 | F19: {=IF('3'!F7:F18>0.01,AVERAGE('3'!F7:F18),"")} -> 153.91667 | G19: {=IF('3'!G7:G18>0.01,AVERAGE('3'!G7:G18),"")} -> 3.65 | H19: {=IF('3'!H7:H18>0.01,AVERAGE('3'!H7:H18),"")} -> 3.0666667 | I19: {=IF('3'!I7:I18>0.01,AVERAGE('3'!I7:I18),"")} -> 0.98583333 | ... S19: {=IF('3'!S7:S18>0.01,AVERAGE('3'!S7:S18),"")} -> 125.00063 | X19: 0.58333333 | Y19: 2919 | Z19: 2005 | AA19: 1 | AB19: =IF('3'!AA19=1,(('3'!Z19*'3'!$AS$6*'3'!$AT$6)/('3'!Y19*0.0036)),IF('3'!AA19=2,(('3'!Z19*'3'!$AS$7*'3'!$AT$7)/('3'!Y19*0.0036)))) -> 126.88183 | AD19: =(('3'!AC19*'3'!$O$9*1000000))/('3'!Y19*3600) -> 0 | AE19: 3000 | AF19: =('3'!AE19/24)*0.454 -> 56.75 | AG19: 500 | AH19: =('3'!AG19/24)*0.454 -> 9.4583333 | AI19: 3000 | AJ19: =('3'!AI19/24)*0.454 -> 56.75 | AL19: =('3'!AK19/24)*0.454 -> 0 | AN19: =('3'!AM19/24)*0.454 -> 0 | AP19: =('3'!AO19/24)*0.454 -> 0
A20: Máximo | B20: =MAX('3'!B7:B18) -> 700 | C20: =MAX('3'!C7:C18) -> 12.5 | D20: =MAX('3'!D7:D18) -> 12.5 | E20: =MAX('3'!E7:E18) -> 5 | F20: =MAX('3'!F7:F18) -> 166 | G20: =MAX('3'!G7:G18) -> 4.5 | H20: =MAX('3'!H7:H18) -> 4 | I20: =MAX('3'!I7:I18) -> 1.21 | ... S20: =MAX('3'!S7:S18) -> 167.51611 | X20: 0.625 | Y20: 2905 | Z20: 1894 | AA20: 1 | AB20: =IF('3'!AA20=1,(('3'!Z20*'3'!$AS$6*'3'!$AT$6)/('3'!Y20*0.0036)),IF('3'!AA20=2,(('3'!Z20*'3'!$AS$7*'3'!$AT$7)/('3'!Y20*0.0036)))) -> 120.43507 | AD20: =(('3'!AC20*'3'!$O$9*1000000))/('3'!Y20*3600) -> 0 | AE20: 3000 | AF20: =('3'!AE20/24)*0.454 -> 56.75 | AG20: 500 | AH20: =('3'!AG20/24)*0.454 -> 9.4583333 | AI20: 3000 | AJ20: =('3'!AI20/24)*0.454 -> 56.75 | AL20: =('3'!AK20/24)*0.454 -> 0 | AN20: =('3'!AM20/24)*0.454 -> 0 | AP20: =('3'!AO20/24)*0.454 -> 0
A21: Mínimo | B21: =MIN('3'!B7:B18) -> 700 | C21: =MIN('3'!C7:C18) -> 10 | D21: =MIN('3'!D7:D18) -> 5 | E21: =MIN('3'!E7:E18) -> 2.5 | F21: =MIN('3'!F7:F18) -> 146 | G21: =MIN('3'!G7:G18) -> 3.2 | H21: =MIN('3'!H7:H18) -> 2.6 | I21: =MIN('3'!I7:I18) -> 0.74 | ... S21: =MIN('3'!S7:S18) -> 89.497201 | X21: 0.66666667 | Y21: 2858 | Z21: 1505 | AA21: 1 | AB21: =IF('3'!AA21=1,(('3'!Z21*'3'!$AS$6*'3'!$AT$6)/('3'!Y21*0.0036)),IF('3'!AA21=2,(('3'!Z21*'3'!$AS$7*'3'!$AT$7)/('3'!Y21*0.0036)))) -> 97.273249 | AD21: =(('3'!AC21*'3'!$O$9*1000000))/('3'!Y21*3600) -> 0 | AE21: 3000 | AF21: =('3'!AE21/24)*0.454 -> 56.75 | AG21: 500 | AH21: =('3'!AG21/24)*0.454 -> 9.4583333 | AI21: 3000 | AJ21: =('3'!AI21/24)*0.454 -> 56.75 | AL21: =('3'!AK21/24)*0.454 -> 0 | AN21: =('3'!AM21/24)*0.454 -> 0 | AP21: =('3'!AO21/24)*0.454 -> 0
R22: Total | X22: 0.70833333 | Y22: 2832 | Z22: 1375 | AA22: 1 | AB22: =IF('3'!AA22=1,(('3'!Z22*'3'!$AS$6*'3'!$AT$6)/('3'!Y22*0.0036)),IF('3'!AA22=2,(('3'!Z22*'3'!$AS$7*'3'!$AT$7)/('3'!Y22*0.0036)))) -> 89.686813 | AD22: =(('3'!AC22*'3'!$O$9*1000000))/('3'!Y22*3600) -> 0 | AE22: 3000 | AF22: =('3'!AE22/24)*0.454 -> 56.75 | AG22: 500 | AH22: =('3'!AG22/24)*0.454 -> 9.4583333 | AI22: 3000 | AJ22: =('3'!AI22/24)*0.454 -> 56.75 | AL22: =('3'!AK22/24)*0.454 -> 0 | AN22: =('3'!AM22/24)*0.454 -> 0 | AP22: =('3'!AO22/24)*0.454 -> 0
A23: TURBIDEZ DOS FILTROS DA 1ª E 2ª ETAPAS | R23: 440 | S23: Litros | X23: 0.75 | Y23: 2838 | Z23: 1375 | AA23: 1 | AB23: =IF('3'!AA23=1,(('3'!Z23*'3'!$AS$6*'3'!$AT$6)/('3'!Y23*0.0036)),IF('3'!AA23=2,(('3'!Z23*'3'!$AS$7*'3'!$AT$7)/('3'!Y23*0.0036)))) -> 89.497201 | AD23: =(('3'!AC23*'3'!$O$9*1000000))/('3'!Y23*3600) -> 0 | AE23: 3000 | AF23: =('3'!AE23/24)*0.454 -> 56.75 | AG23: 500 | AH23: =('3'!AG23/24)*0.454 -> 9.4583333 | AI23: 3000 | AJ23: =('3'!AI23/24)*0.454 -> 56.75 | AL23: =('3'!AK23/24)*0.454 -> 0 | AN23: =('3'!AM23/24)*0.454 -> 0 | AP23: =('3'!AO23/24)*0.454 -> 0
A24: HORA | B24: 1 | C24: 2 | D24: 3 | E24: 4 | F24: 5 | G24: 6 | H24: 7 | I24: 8 | J24: 9 | K24: 10 | L24: 11 | M24: 12 | N24: 13 | O24: 14 | P24: 15 | Q24: 16 | R24: 0 | S24: Kilos | X24: 0.79166667 | Y24: 2794 | Z24: 2016 | AA24: 1 | AB24: =IF('3'!AA24=1,(('3'!Z24*'3'!$AS$6*'3'!$AT$6)/('3'!Y24*0.0036)),IF('3'!AA24=2,(('3'!Z24*'3'!$AS$7*'3'!$AT$7)/('3'!Y24*0.0036)))) -> 133.28561 | AD24: =(('3'!AC24*'3'!$O$9*1000000))/('3'!Y24*3600) -> 0 | AE24: 3000 | AF24: =('3'!AE24/24)*0.454 -> 56.75 | AG24: 500 | AH24: =('3'!AG24/24)*0.454 -> 9.4583333 | AI24: 3000 | AJ24: =('3'!AI24/24)*0.454 -> 56.75 | AL24: =('3'!AK24/24)*0.454 -> 0 | AN24: =('3'!AM24/24)*0.454 -> 0 | AP24: =('3'!AO24/24)*0.454 -> 0
A25: 0.41666667 | R25: =#DIV/0! -> #DIV/0! | T25: DATA | U25: =ESCALA!$A$5 -> 44319 | X25: 0.83333333 | Y25: 2832 | Z25: 2016 | AA25: 1 | AB25: =IF('3'!AA25=1,(('3'!Z25*'3'!$AS$6*'3'!$AT$6)/('3'!Y25*0.0036)),IF('3'!AA25=2,(('3'!Z25*'3'!$AS$7*'3'!$AT$7)/('3'!Y25*0.0036)))) -> 131.49718 | AD25: =(('3'!AC25*'3'!$O$9*1000000))/('3'!Y25*3600) -> 0 | AE25: 3000 | AF25: =('3'!AE25/24)*0.454 -> 56.75 | AG25: 500 | AH25: =('3'!AG25/24)*0.454 -> 9.4583333 | AI25: 3000 | AJ25: =('3'!AI25/24)*0.454 -> 56.75 | AL25: =('3'!AK25/24)*0.454 -> 0 | AN25: =('3'!AM25/24)*0.454 -> 0 | AP25: =('3'!AO25/24)*0.454 -> 0
A26: 0.66666667 | R26: =#DIV/0! -> #DIV/0! | X26: 0.875 | Y26: 2856 | Z26: 2016 | AA26: 1 | AB26: =IF('3'!AA26=1,(('3'!Z26*'3'!$AS$6*'3'!$AT$6)/('3'!Y26*0.0036)),IF('3'!AA26=2,(('3'!Z26*'3'!$AS$7*'3'!$AT$7)/('3'!Y26*0.0036)))) -> 130.39216 | AD26: =(('3'!AC26*'3'!$O$9*1000000))/('3'!Y26*3600) -> 0 | AE26: 3000 | AF26: =('3'!AE26/24)*0.454 -> 56.75 | AG26: 500 | AH26: =('3'!AG26/24)*0.454 -> 9.4583333 | AI26: 3000 | AJ26: =('3'!AI26/24)*0.454 -> 56.75 | AL26: =('3'!AK26/24)*0.454 -> 0 | AN26: =('3'!AM26/24)*0.454 -> 0 | AP26: =('3'!AO26/24)*0.454 -> 0
A27: Média | B27: =#DIV/0! -> #DIV/0! | C27: =#DIV/0! -> #DIV/0! | D27: =#DIV/0! -> #DIV/0! | E27: =#DIV/0! -> #DIV/0! | F27: =#DIV/0! -> #DIV/0! | G27: =#DIV/0! -> #DIV/0! | H27: =#DIV/0! -> #DIV/0! | I27: =#DIV/0! -> #DIV/0! | ... Q27: =#DIV/0! -> #DIV/0! | X27: 0.91666667 | Y27: 2790 | Z27: 2016 | AA27: 1 | AB27: =IF('3'!AA27=1,(('3'!Z27*'3'!$AS$6*'3'!$AT$6)/('3'!Y27*0.0036)),IF('3'!AA27=2,(('3'!Z27*'3'!$AS$7*'3'!$AT$7)/('3'!Y27*0.0036)))) -> 133.4767 | AD27: =(('3'!AC27*'3'!$O$9*1000000))/('3'!Y27*3600) -> 0 | AE27: 3000 | AF27: =('3'!AE27/24)*0.454 -> 56.75 | AG27: 500 | AH27: =('3'!AG27/24)*0.454 -> 9.4583333 | AI27: 3000 | AJ27: =('3'!AI27/24)*0.454 -> 56.75 | AL27: =('3'!AK27/24)*0.454 -> 0 | AN27: =('3'!AM27/24)*0.454 -> 0 | AP27: =('3'!AO27/24)*0.454 -> 0
A28: OBSERVAÇÕES | X28: 0.95833333 | Y28: 2746 | Z28: 2016 | AA28: 1 | AB28: =IF('3'!AA28=1,(('3'!Z28*'3'!$AS$6*'3'!$AT$6)/('3'!Y28*0.0036)),IF('3'!AA28=2,(('3'!Z28*'3'!$AS$7*'3'!$AT$7)/('3'!Y28*0.0036)))) -> 135.61544 | AD28: =(('3'!AC28*'3'!$O$9*1000000))/('3'!Y28*3600) -> 0 | AE28: 3000 | AF28: =('3'!AE28/24)*0.454 -> 56.75 | AG28: 500 | AH28: =('3'!AG28/24)*0.454 -> 9.4583333 | AI28: 3000 | AJ28: =('3'!AI28/24)*0.454 -> 56.75 | AL28: =('3'!AK28/24)*0.454 -> 0 | AN28: =('3'!AM28/24)*0.454 -> 0 | AP28: =('3'!AO28/24)*0.454 -> 0
X29: 1 | Y29: 2774 | Z29: 2016 | AA29: 1 | AB29: =IF('3'!AA29=1,(('3'!Z29*'3'!$AS$6*'3'!$AT$6)/('3'!Y29*0.0036)),IF('3'!AA29=2,(('3'!Z29*'3'!$AS$7*'3'!$AT$7)/('3'!Y29*0.0036)))) -> 134.24658 | AD29: =(('3'!AC29*'3'!$O$9*1000000))/('3'!Y29*3600) -> 0 | AE29: 3000 | AF29: =('3'!AE29/24)*0.454 -> 56.75 | AG29: 500 | AH29: =('3'!AG29/24)*0.454 -> 9.4583333 | AI29: 3000 | AJ29: =('3'!AI29/24)*0.454 -> 56.75 | AL29: =('3'!AK29/24)*0.454 -> 0 | AN29: =('3'!AM29/24)*0.454 -> 0 | AP29: =('3'!AO29/24)*0.454 -> 0
X30: Total | Y30: =SUM('3'!Y6:Y29)*3.6 -> 245163.6 | Z30: =SUM('3'!Z6:Z29) -> 48010 | AF30: =SUM('3'!AF6:AF29) -> 1362 | AH30: =SUM('3'!AH6:AH29) -> 227 | AJ30: =SUM('3'!AJ6:AJ29) -> 1362 | AL30: =SUM('3'!AL6:AL29) -> 0 | AN30: =SUM('3'!AN6:AN29) -> 0 | AP30: =SUM('3'!AP6:AP29) -> 0
X32: S.A.L (l) - (kg) | Z32: =SUMIF('3'!AA6:AA29,"=1",'3'!Z6:Z29) -> 48010 | AA32: ='3'!Z32*'3'!AS6 -> 63853.3 | AB32: =SUMIF('3'!$AA$6:$AA$29,"=1",'3'!$AB$6:$AB$29)/COUNTIF('3'!$AA$6:$AA$29,"=1") -> 130.24107 | AC32: =SUMIF('3'!AA6:AA29,"=1",'3'!AC6:AC29) -> 0
X33: PAC 18 (l) - (kg) | Z33: =SUMIF('3'!AA6:AA29,"=2",'3'!Z6:Z29) -> 0 | AA33: ='3'!Z33*'3'!AS7 -> 0 | AB33: =SUMIF('3'!$AA$6:$AA$29,"=2",'3'!$AB$6:$AB$29)/COUNTIF('3'!$AA$6:$AA$29,"=2") -> #DIV/0! | AC33: =SUMIF('3'!AA6:AA29,"=2",'3'!AC6:AC29) -> 0
X34: Média | Y34: =AVERAGE('3'!Y6:Y29) -> 2837.5417 | Z34: =AVERAGE('3'!Z6:Z29) -> 2000.4167 | AC34: =SUM('3'!AC6:AC29)/COUNTIF('3'!AC6:AC29,"<>0") -> 0 | AD34: =SUM('3'!AD6:AD29)/COUNTIF('3'!AD6:AD29,"<>0") -> #DIV/0! | AF34: =AVERAGE('3'!AF6:AF29) -> 56.75 | AH34: =AVERAGE('3'!AH6:AH29) -> 9.4583333 | AJ34: ='3'!AJ30/24 -> 56.75 | AL34: =AVERAGE('3'!AL6:AL29) -> 0 | AN34: =AVERAGE('3'!AN6:AN29) -> 0 | AP34: =AVERAGE('3'!AP6:AP29) -> 0
C35: Alcalinidade (mg/L) | F35: Ferro (mg/L) | I35: Manganês (mg/L) | L35: Alumínio (mg/L) | U35: TÉCNICO | X35: Decantadores | AA35: Filtros | AJ35: CLORAÇÃO INTERMEDIÁRIA | AO35: PÓS CLORAÇÃO
B36: HORA | C36: Bruta | D36: Dec. | E36: Trat (R-3) | F36: Bruta | G36: Filt. | H36: Trat (R-3) | I36: Bruta | J36: Filt. | K36: Trat (R-3) | L36: Trat (R-3) | X36: Lavados | Y36: 0 | AA36: Lavados | AB36: 4
B37: 0.33333333 | C37: 40.8 | D37: 4 | E37: 2 | F37: 2.8 | G37: 0.2 | H37: 0.2 | I37: 0.3 | J37: 0.1 | K37: 0.06 | L37: * | U37: ='3'!V12 -> 0 | X37: HORAS OPERANDO | Z37: =COUNTA('3'!Z6:Z29) -> 24 | AJ37: CARRETA | AL37: CILINDROS | AO37: CARRETA | AQ37: CILINDROS
B38: 0.66666667 | AJ38: CONSUMO | AK38: =SUM('3'!AF30+'3'!AH30) -> 1589 | AL38: CONSUMO | AM38: =SUM('3'!AL30+'3'!AN30) -> 0 | AO38: CONSUMO | AP38: ='3'!AJ30 -> 1362 | AQ38: CONSUMO | AR38: ='3'!AP30 -> 0
A39: Nº amostras de água TRATADA | C39: Nº amostras de água FILTRADA | E39: Nº amostras de água tratada/filtrada FORA DO PADRÃO | J39: Nº amostras de água tratada/filtrada no PADRÃO | O39: Nº de amostras com turbidez menor ou igual a 0,5 NTU | R39: ÁGUA FILTRADA | S39: Nº de amostras com turbidez menor ou igual a 1,0 NTU | AJ39: DOSAGEM | AK39: =('3'!AK38/'3'!Y30)*1000 -> 6.4813863 | AL39: DOSAGEM | AM39: =('3'!AM38/'3'!Y28)*1000 -> 0 | AO39: DOSAGEM | AP39: =('3'!AP38/'3'!Y28)*1000 -> 495.99417 | AQ39: DOSAGEM | AR39: =('3'!AR38/'3'!Y28)*1000 -> 0
A40: COR | B40: TURBIDEZ | C40: TURBIDEZ | E40: COR | G40: TURBIDEZ | J40: COR | L40: TURBIDEZ | X40: ESTOQUE DE COAGULANTE | AJ40: Consumo Total | AL40: =SUM('3'!AK38,'3'!AM38) -> 1589 | AO40: Consumo Total | AQ40: =SUM('3'!AP38,'3'!AR38) -> 1362
A41: =COUNTA('3'!E7:E18) -> 12 | B41: =COUNTA('3'!I7:I18) -> 12 | C41: =COUNTA('3'!J7:J18) -> 12 | D41: =COUNTA('3'!K7:K18) -> 12 | E41: =COUNTIF('3'!E7:E18,">15") -> 0 | G41: =COUNTIF('3'!J7:J18,">1") -> 9 | J41: ='3'!A41-'3'!E41 -> 12 | L41: ='3'!C41-'3'!G41 -> 3 | O41: =COUNTIF('3'!J7:J18,"<=0,5") -> 0 | S41: =COUNTIF('3'!J7:J18,"<=1,0") -> 3 | AJ41: Dosagem Final | AL41: =SUM(('3'!AK38+'3'!AM38)/'3'!Y28)*1000 -> 578.65987 | AO41: Dosagem Final | AQ41: =SUM(('3'!AP38+'3'!AR38)/'3'!Y30)*1000 -> 5.555474
O42: ÁGUA FILTRATADA | X42: SULFATO DE ALUMÍNIO
H43: Nº de amostras água tratada com turbidez <= 5,0 NTU | L43: Nº de amostras água tratada para aluminio | Q43: Nº de amostras com turbidez entre 0,5 e 1,0 NTU | X43: TINA 01 | Z43: TINA 02 | AB43: TINA 03 | AD43: TANQUE
X44: ALTURA | Y44: 7 | Z44: ALTURA | AA44: 0 | AB44: ALTURA | AC44: 130 | AF44: Volume total (L) | AG44: =SUM('3'!Y45,'3'!AA45,'3'!AC45,'3'!AE45) -> 81028.1 | AI44: CONSUMO DE SULFATO DE ALUMÍNIO ÀS 24:00hs
H45: =COUNTIF('3'!I7:I18,"<=5,0") -> 12 | L45: =COUNTA('3'!L37) -> 1 | Q45: ='3'!S41-'3'!O41 -> 3 | X45: VOLUME | Y45: ='3'!Y44*275.3 -> 1927.1 | Z45: VOLUME | AA45: =262.4*'3'!AA44 -> 0 | AB45: VOLUME | AC45: ='3'!AC44*277.7 -> 36101 | AD45: VOLUME | AE45: 43000 | AI45: TINA 01 | AK45: TINA 02 | AM45: TINA 03
X46: Densidade | Y46: ='3'!AS6 -> 1.33 | Z46: Densidade | AA46: ='3'!Y46 -> 1.33 | AB46: Densidade | AC46: ='3'!Y46 -> 1.33 | AD46: Densidade | AE46: ='3'!Y46 -> 1.33 | AF46: Peso Total (Kg) | AG46: =SUM('3'!Y47,'3'!AA47,'3'!AC47,'3'!AE47) -> 107767.37 | AI46: ALTURA | AK46: ALTURA | AM46: ALTURA
O47: ÁGUA TRATADA - CLORO RESIDUAL | X47: Peso(Kg) | Y47: ='3'!Y45*'3'!Y46 -> 2563.043 | Z47: Peso(Kg) | AA47: ='3'!AA45*'3'!AA46 -> 0 | AB47: Peso(Kg) | AC47: ='3'!AC45*'3'!AC46 -> 48014.33 | AD47: Peso(Kg) | AE47: ='3'!AE45*'3'!AE46 -> 57190 | AI47: VOLUME | AJ47: ='3'!AJ46*275.3 -> 0 | AK47: VOLUME | AL47: =262.4*'3'!AL46 -> 0 | AM47: VOLUME | AN47: ='3'!AN46*277.7 -> 0
AI48: Densidade | AJ48: ='3'!Y46 -> 1.33 | AK48: Densidade | AL48: ='3'!AJ48 -> 1.33 | AM48: Densidade | AN48: ='3'!AJ48 -> 1.33
O49: Nº de amostras de água tratada para cloro residual | R49: Nº de amostras de água tratada dentro dos padrões de cloro residual | AI49: Peso(Kg) | AJ49: ='3'!AJ47*'3'!AJ48 -> 0 | AK49: Peso(Kg) | AL49: ='3'!AL47*'3'!AL48 -> 0 | AM49: Peso(Kg) | AN49: ='3'!AN47*'3'!AN48 -> 0
X50: PAC - 18
O51: =COUNTA('3'!O7:O18) -> 12 | P51: =COUNTA('3'!W17:W28) -> 0 | R51: =COUNTIF('3'!O7:O18,">=0,5") -> 12 | X51: TINA 01 | Z51: TINA 02 | AB51: TINA 03 | AD51: TANQUE | AI51: CONSUMO DE PAC ÀS 24:00hs
X52: ALTURA | Z52: ALTURA | AB52: ALTURA | AF52: Volume total (L) | AG52: =SUM('3'!Y53,'3'!AA53,'3'!AC53,'3'!AE53) -> 0 | AI52: TINA 01 | AK52: TINA 02 | AM52: TINA 03
O53: ÁGUA TRATADA - PH | X53: VOLUME | Y53: ='3'!Y52*275.3 -> 0 | Z53: VOLUME | AA53: =262.4*'3'!AA52 -> 0 | AB53: VOLUME | AC53: ='3'!AC52*277.7 -> 0 | AD53: VOLUME | AI53: ALTURA | AK53: ALTURA | AM53: ALTURA | AQ53: Volume total (L) | AR53: ='3'!AJ54+'3'!AL54+'3'!AN54+'3'!AP54 -> 0
X54: Densidade | Y54: ='3'!AS7 -> 1.262 | Z54: Densidade | AA54: ='3'!Y54 -> 1.262 | AB54: Densidade | AC54: ='3'!Y54 -> 1.262 | AD54: Densidade | AE54: ='3'!Y54 -> 1.262 | AF54: Peso Total (Kg) | AG54: =SUM('3'!Y55,'3'!AA55,'3'!AC55,'3'!AE55) -> 0 | AI54: VOLUME | AJ54: ='3'!AJ53*275.3 -> 0 | AK54: VOLUME | AL54: =262.4*'3'!AL53 -> 0 | AM54: VOLUME | AN54: ='3'!AN53*277.7 -> 0 | AO54: VOLUME | AP54: 0
O55: Nº de amostras de água tratada para PH | R55: Nº de amostras de água tratada dentro dos padrões de PH | X55: Peso(Kg) | Y55: ='3'!Y53*'3'!Y54 -> 0 | Z55: Peso(Kg) | AA55: ='3'!AA53*'3'!AA54 -> 0 | AB55: Peso(Kg) | AC55: ='3'!AC53*'3'!AC54 -> 0 | AD55: Peso(Kg) | AE55: ='3'!AE53*'3'!AE54 -> 0 | AI55: Densidade | AJ55: ='3'!Y54 -> 1.262 | AK55: Densidade | AL55: ='3'!AJ55 -> 1.262 | AM55: Densidade | AN55: ='3'!AJ55 -> 1.262 | AO55: Densidade | AP55: ='3'!AJ55 -> 1.262 | AQ55: Peso Total (Kg) | AR55: =SUM('3'!AJ56,'3'!AL56,'3'!AN56,'3'!AP56) -> 0
AI56: Peso(Kg) | AJ56: ='3'!AJ54*'3'!AJ55 -> 0 | AK56: Peso(Kg) | AL56: ='3'!AL54*'3'!AL55 -> 0 | AM56: Peso(Kg) | AN56: ='3'!AN54*'3'!AN55 -> 0 | AO56: Peso(Kg) | AP56: ='3'!AP54*'3'!AP55 -> 0
O57: =COUNTA('3'!N7:N18) -> 12 | R57: =COUNTIF('3'!N7:N18,">=6") -> 0
X58: ESTOQUE DE CLORO
AI59: CONTROLE DIÁRIO DO CONSUMO DE COAGULANTE
X60: Carretas com Cloro | AB60: Cilindros com Cloro | AI60: CLORETO DE POLIALUMÍNIO | AN60: SULFATO DE ALUMÍNIO
AI61: CONSUMO REAL | AL61: ='3'!AJ56+'3'!AL56+'3'!AN56 -> 0 | AN61: CONSUMO REAL | AQ61: ='3'!AJ49+'3'!AL49+'3'!AN49 -> 0
X62: Recebido | AB62: Recebido | AI62: CONSUMO TEÓRICO | AL62: =AA33 -> 0 | AN62: CONSUMO TEÓRICO | AQ62: ='3'!AA32 -> 63853.3
X63: Peso(kg) | Y63: 0 | AB63: Peso(kg) | AI63: DIFERENÇA | AL63: ='3'!AL61-'3'!AL62 -> 0 | AN63: DIFERENÇA | AQ63: ='3'!AQ61-'3'!AQ62 -> -63853.3
X65: Saldo anterior (kg) | Y65: ='2'!$Y$68 -> #REF! | AB65: Saldo anterior (kg) | AC65: ='2'!$AC$68 -> 0
X66: Consumido | AB66: Consumido
X67: Peso(kg) | Y67: =SUM('3'!AK38,'3'!AP38) -> 2951 | AB67: Peso(kg) | AC67: =SUM('3'!AM38,'3'!AR38) -> 0
X68: Saldo(kg) | Y68: =SUM('3'!Y63,'3'!Y65)-'3'!Y67 -> #REF! | AB68: Saldo(kg) | AC68: =SUM('3'!AC63,'3'!AC65)-'3'!AC67 -> 0

Sheet 4
D2: CONTROLE DE ANÁLISE FÍSICO - QUÍMICAS \ ETA CASTELO BRANCO | AB2: CONTROLE DE PRODUTOS QUÍMICOS APLICADOS \ ETA CASTELO BRANCO
A4: HORA | B4: COR (Uc) | F4: TURBIDEZ (Ut) | K4: Ph | O4: CLORO RESIDUAL (mg/L) | R4: DOSAGEM DO COAGULANTE | T4: VAZÃO DA ETA | U4: TIPO DE COAGULANTE | V4: TÉCNICO | X4: Hora | Y4: Vazão ETA (l/s) | Z4: Vazão Coagulante (l/h) | AA4: Código | AB4: Dosagem (mg/l) | AC4: Vazão Polímero (l/h) | AD4: Dosagem (mg/l) | AE4: Pré 1 (Lib/dia) | AF4: Pré 1 (Kg/h) | AG4: Pré 2 (Lib/dia) | AH4: Pré 2 (Kg/h) | AI4: Pós (Lib/dia) | AJ4: Pós (Kg/h) | AK4: Pré 1 (Lib/dia) cilindros | AL4: Pré 1 (Kg/h) cilindros | AM4: Pré 2 (Lib/dia) cilindros | AN4: Pré 2 (Kg/h) cilindros | AO4: Pós (Lib/dia) cilindros | AP4: Pós (Kg/h) cilindros | AQ4: COAGULANTE | AU4: Tempo de Utilização (h)
AQ5: Codigo | AR5: Nome | AS5: d (g/ml) | AT5: C (%)
B6: Bruta | C6: DEC_1 | D6: DEC_2 | E6: TRAT | F6: Bruta | G6: DEC_1 | H6: DEC_2 | I6: TRAT | J6: FILT | K6: Bruta | L6: DEC_1 | M6: DEC_2 | N6: TRAT | O6: TRAT | P6: DEC_1 | Q6: DEC_2 | R6: L/h | S6: mg/l | T6: L/s | X6: 0.041666667 | Y6: 2750 | Z6: 2016 | AA6: 1 | AB6: =IF('4'!AA6=1,(('4'!Z6*'4'!$AS$6*'4'!$AT$6)/('4'!Y6*0.0036)),IF('4'!AA6=2,(('4'!Z6*'4'!$AS$7*'4'!$AT$7)/('4'!Y6*0.0036)))) -> 135.41818 | AD6: =(('4'!AC6*'4'!$Q$10*1000000))/('4'!Y6*3600) -> 0 | AE6: 3000 | AF6: =('4'!AE6/24)*0.454 -> 56.75 | AG6: 500 | AH6: =('4'!AG6/24)*0.454 -> 9.4583333 | AI6: 3000 | AJ6: =('4'!AI6/24)*0.454 -> 56.75 | AL6: =('4'!AK6/24)*0.454 -> 0 | AN6: =('4'!AM6/24)*0.454 -> 0 | AP6: =('4'!AO6/24)*0.454 -> 0 | AQ6: 1 | AR6: S.A.L | AS6: 1.33 | AT6: 0.5 | AU6: 0
A7: 0 | B7: 700 | C7: 10 | D7: 7.5 | E7: 2.5 | F7: 140 | G7: 3.1 | H7: 2.6 | I7: ,9+3 | J7: 1.8 | K7: 6.8 | L7: 4.8 | M7: 4.8 | N7: 4.5 | O7: 3.2 | P7: 0.3 | Q7: 1.5 | R7: ='3'!$Z$29 -> 2016 | S7: ='3'!$AB$29 -> 134.24658 | T7: ='3'!$Y$29 -> 2774 | U7: =IF('4'!AA6=1,'4'!AR6,'4'!AR7) -> S.A.L | V7: =ESCALA!$B$5 -> 0 | X7: 0.083333333 | Y7: 2763 | Z7: 2016 | AA7: 1 | AB7: =IF('4'!AA7=1,(('4'!Z7*'4'!$AS$6*'4'!$AT$6)/('4'!Y7*0.0036)),IF('4'!AA7=2,(('4'!Z7*'4'!$AS$7*'4'!$AT$7)/('4'!Y7*0.0036)))) -> 134.78104 | AD7: =(('4'!AC7*'4'!$Q$10*1000000))/('4'!Y7*3600) -> 0 | AE7: 3000 | AF7: =('4'!AE7/24)*0.454 -> 56.75 | AG7: 500 | AH7: =('4'!AG7/24)*0.454 -> 9.4583333 | AI7: 3000 | AJ7: =('4'!AI7/24)*0.454 -> 56.75 | AL7: =('4'!AK7/24)*0.454 -> 0 | AN7: =('4'!AM7/24)*0.454 -> 0 | AP7: =('4'!AO7/24)*0.454 -> 0 | AQ7: 2 | AR7: PAC 18 | AS7: 1.262 | AT7: 1 | AU7: 24
A8: 0.083333333 | B8: 700 | C8: 7.5 | D8: 7.5 | E8: 2.5 | F8: 135 | G8: 2.9 | H8: 2.6 | I8: 0.9 | J8: 1.86 | K8: 6.8 | L8: 5 | M8: 5 | N8: 4.5 | O8: 3 | P8: 0.2 | Q8: 1.2 | R8: ='4'!Z7 -> 2016 | S8: ='4'!AB7 -> 134.78104 | T8: ='4'!Y7 -> 2763 | U8: =IF('4'!AA7=1,'4'!AR6,'4'!AR7) -> S.A.L | X8: 0.125 | Y8: 2852 | Z8: 2016 | AA8: 1 | AB8: =IF('4'!AA8=1,(('4'!Z8*'4'!$AS$6*'4'!$AT$6)/('4'!Y8*0.0036)),IF('4'!AA8=2,(('4'!Z8*'4'!$AS$7*'4'!$AT$7)/('4'!Y8*0.0036)))) -> 130.57504 | AD8: =(('4'!AC8*'4'!$Q$10*1000000))/('4'!Y8*3600) -> 0 | AE8: 3000 | AF8: =('4'!AE8/24)*0.454 -> 56.75 | AG8: 500 | AH8: =('4'!AG8/24)*0.454 -> 9.4583333 | AI8: 3000 | AJ8: =('4'!AI8/24)*0.454 -> 56.75 | AL8: =('4'!AK8/24)*0.454 -> 0 | AN8: =('4'!AM8/24)*0.454 -> 0 | AP8: =('4'!AO8/24)*0.454 -> 0 | AQ8: Polímero Catiônico
A9: 0.16666667 | B9: 700 | C9: 7.5 | D9: 7.5 | E9: 2.5 | F9: 129 | G9: 2.8 | H9: 2.5 | I9: 0.81 | J9: 1.75 | K9: 6.8 | L9: 5 | M9: 5 | N9: 4.5 | O9: 2.5 | P9: 0.1 | Q9: 1.2 | R9: ='4'!Z9 -> 2016 | S9: ='4'!AB9 -> 131.82301 | T9: ='4'!Y9 -> 2825 | U9: =IF('4'!AA9=1,'4'!AR6,'4'!AR7) -> S.A.L | X9: 0.16666667 | Y9: 2825 | Z9: 2016 | AA9: 1 | AB9: =IF('4'!AA9=1,(('4'!Z9*'4'!$AS$6*'4'!$AT$6)/('4'!Y9*0.0036)),IF('4'!AA9=2,(('4'!Z9*'4'!$AS$7*'4'!$AT$7)/('4'!Y9*0.0036)))) -> 131.82301 | AD9: =(('4'!AC9*'4'!$Q$10*1000000))/('4'!Y9*3600) -> 0 | AE9: 3000 | AF9: =('4'!AE9/24)*0.454 -> 56.75 | AG9: 500 | AH9: =('4'!AG9/24)*0.454 -> 9.4583333 | AI9: 3000 | AJ9: =('4'!AI9/24)*0.454 -> 56.75 | AL9: =('4'!AK9/24)*0.454 -> 0 | AN9: =('4'!AM9/24)*0.454 -> 0 | AP9: =('4'!AO9/24)*0.454 -> 0 | AQ9: Nome | AT9: C (%)
A10: 0.25 | B10: 700 | C10: 7.5 | D10: 7.5 | E10: 2.5 | F10: 126 | G10: 2.7 | H10: 2.5 | I10: 0.85 | J10: 1.58 | K10: 6.8 | L10: 5 | M10: 5 | N10: 4.5 | O10: 2.6 | P10: 0.2 | Q10: 1.2 | R10: ='4'!Z11 -> 2016 | S10: ='4'!AB11 -> 136.11111 | T10: ='4'!Y11 -> 2736 | U10: =IF('4'!AA11=1,'4'!AR6,'4'!AR7) -> S.A.L | X10: 0.20833333 | Y10: 2795 | Z10: 2016 | AA10: 1 | AB10: =IF('4'!AA10=1,(('4'!Z10*'4'!$AS$6*'4'!$AT$6)/('4'!Y10*0.0036)),IF('4'!AA10=2,(('4'!Z10*'4'!$AS$7*'4'!$AT$7)/('4'!Y10*0.0036)))) -> 133.23792 | AD10: =(('4'!AC10*'4'!$Q$10*1000000))/('4'!Y10*3600) -> 0 | AE10: 3000 | AF10: =('4'!AE10/24)*0.454 -> 56.75 | AG10: 500 | AH10: =('4'!AG10/24)*0.454 -> 9.4583333 | AI10: 3400 | AJ10: =('4'!AI10/24)*0.454 -> 64.316667 | AL10: =('4'!AK10/24)*0.454 -> 0 | AN10: =('4'!AM10/24)*0.454 -> 0 | AP10: =('4'!AO10/24)*0.454 -> 0 | AQ10: Aguapol 200 | AT10: 0.002
A11: 0.33333333 | B11: 650 | C11: 10 | D11: 10 | E11: 2.5 | F11: 126 | G11: 3.4 | H11: 2.9 | I11: 0.81 | J11: 1.4 | K11: 6.8 | L11: 4.8 | M11: 4.8 | N11: 4.8 | O11: 2.8 | P11: 0.3 | Q11: 0 | R11: ='4'!Z13 -> 2016 | S11: ='4'!AB13 -> 134.1982 | T11: ='4'!Y13 -> 2775 | U11: =IF('4'!AA13=1,'4'!AR6,'4'!AR7) -> S.A.L | X11: 0.25 | Y11: 2736 | Z11: 2016 | AA11: 1 | AB11: =IF('4'!AA11=1,(('4'!Z11*'4'!$AS$6*'4'!$AT$6)/('4'!Y11*0.0036)),IF('4'!AA11=2,(('4'!Z11*'4'!$AS$7*'4'!$AT$7)/('4'!Y11*0.0036)))) -> 136.11111 | AD11: =(('4'!AC11*'4'!$Q$10*1000000))/('4'!Y11*3600) -> 0 | AE11: 3000 | AF11: =('4'!AE11/24)*0.454 -> 56.75 | AG11: 500 | AH11: =('4'!AG11/24)*0.454 -> 9.4583333 | AI11: 3400 | AJ11: =('4'!AI11/24)*0.454 -> 64.316667 | AL11: =('4'!AK11/24)*0.454 -> 0 | AN11: =('4'!AM11/24)*0.454 -> 0 | AP11: =('4'!AO11/24)*0.454 -> 0
A12: 0.41666667 | B12: 650 | C12: 10 | D12: 10 | E12: 2.5 | F12: 127 | G12: 3.9 | H12: 3.6 | I12: 0.76 | J12: 1.2 | K12: 6.8 | L12: 4.8 | M12: 4.8 | N12: 4.8 | O12: 2.7 | P12: 0.3 | Q12: 0 | R12: ='4'!Z15 -> 2016 | S12: ='4'!AB15 -> 135.46744 | T12: ='4'!Y15 -> 2749 | U12: =IF('4'!AA15=1,'4'!AR6,'4'!AR7) -> S.A.L | V12: =ESCALA!$B$6 -> 0 | X12: 0.29166667 | Y12: 2765 | Z12: 2016 | AA12: 1 | AB12: =IF('4'!AA12=1,(('4'!Z12*'4'!$AS$6*'4'!$AT$6)/('4'!Y12*0.0036)),IF('4'!AA12=2,(('4'!Z12*'4'!$AS$7*'4'!$AT$7)/('4'!Y12*0.0036)))) -> 134.68354 | AD12: =(('4'!AC12*'4'!$Q$10*1000000))/('4'!Y12*3600) -> 0 | AE12: 3000 | AF12: =('4'!AE12/24)*0.454 -> 56.75 | AG12: 500 | AH12: =('4'!AG12/24)*0.454 -> 9.4583333 | AI12: 3400 | AJ12: =('4'!AI12/24)*0.454 -> 64.316667 | AL12: =('4'!AK12/24)*0.454 -> 0 | AN12: =('4'!AM12/24)*0.454 -> 0 | AP12: =('4'!AO12/24)*0.454 -> 0
A13: 0.5 | B13: 650 | C13: 10 | D13: 10 | E13: 2.5 | F13: 127 | G13: 4.2 | H13: 3.8 | I13: 0.74 | J13: 1.1 | K13: 6.8 | L13: 4.8 | M13: 4.8 | N13: 4.8 | O13: 2.6 | P13: 0.3 | Q13: 0 | R13: ='4'!Z17 -> 2016 | S13: ='4'!AB17 -> 132.2913 | T13: ='4'!Y17 -> 2815 | U13: =IF('4'!AA17=1,'4'!AR6,'4'!AR7) -> S.A.L | X13: 0.33333333 | Y13: 2775 | Z13: 2016 | AA13: 1 | AB13: =IF('4'!AA13=1,(('4'!Z13*'4'!$AS$6*'4'!$AT$6)/('4'!Y13*0.0036)),IF('4'!AA13=2,(('4'!Z13*'4'!$AS$7*'4'!$AT$7)/('4'!Y13*0.0036)))) -> 134.1982 | AD13: =(('4'!AC13*'4'!$Q$10*1000000))/('4'!Y13*3600) -> 0 | AE13: 3000 | AF13: =('4'!AE13/24)*0.454 -> 56.75 | AG13: 0 | AH13: =('4'!AG13/24)*0.454 -> 0 | AI13: 3400 | AJ13: =('4'!AI13/24)*0.454 -> 64.316667 | AL13: =('4'!AK13/24)*0.454 -> 0 | AN13: =('4'!AM13/24)*0.454 -> 0 | AP13: =('4'!AO13/24)*0.454 -> 0
A14: 0.58333333 | B14: 650 | C14: 10 | D14: 10 | E14: 5 | F14: 126 | G14: 3.7 | H14: 3.5 | I14: 0.69 | J14: 1.3 | K14: 6.8 | L14: 4.8 | M14: 4.8 | N14: 4.8 | O14: 2.5 | P14: 0.3 | Q14: 0 | R14: ='4'!Z19 -> 2016 | S14: ='4'!AB19 -> 129.35047 | T14: ='4'!Y19 -> 2879 | U14: =IF('4'!AA19=1,'4'!AR6,'4'!AR7) -> S.A.L | X14: 0.375 | Y14: 2737 | Z14: 2016 | AA14: 1 | AB14: =IF('4'!AA14=1,(('4'!Z14*'4'!$AS$6*'4'!$AT$6)/('4'!Y14*0.0036)),IF('4'!AA14=2,(('4'!Z14*'4'!$AS$7*'4'!$AT$7)/('4'!Y14*0.0036)))) -> 136.06138 | AD14: =(('4'!AC14*'4'!$Q$10*1000000))/('4'!Y14*3600) -> 0 | AE14: 3000 | AF14: =('4'!AE14/24)*0.454 -> 56.75 | AG14: 0 | AH14: =('4'!AG14/24)*0.454 -> 0 | AI14: 3400 | AJ14: =('4'!AI14/24)*0.454 -> 64.316667 | AL14: =('4'!AK14/24)*0.454 -> 0 | AN14: =('4'!AM14/24)*0.454 -> 0 | AP14: =('4'!AO14/24)*0.454 -> 0
A15: 0.66666667 | B15: 650 | C15: 10 | D15: 10 | E15: 5 | F15: 125 | G15: 3.6 | H15: 3.4 | I15: 0.7 | J15: 1.3 | K15: 6.8 | L15: 4.8 | M15: 4.8 | N15: 5 | O15: 2.5 | P15: 0.3 | Q15: 0 | R15: ='4'!Z21 -> 2016 | S15: ='4'!AB21 -> 130.30091 | T15: ='4'!Y21 -> 2858 | U15: =IF('4'!AA21=1,'4'!AR6,'4'!AR7) -> S.A.L | X15: 0.41666667 | Y15: 2749 | Z15: 2016 | AA15: 1 | AB15: =IF('4'!AA15=1,(('4'!Z15*'4'!$AS$6*'4'!$AT$6)/('4'!Y15*0.0036)),IF('4'!AA15=2,(('4'!Z15*'4'!$AS$7*'4'!$AT$7)/('4'!Y15*0.0036)))) -> 135.46744 | AD15: =(('4'!AC15*'4'!$Q$10*1000000))/('4'!Y15*3600) -> 0 | AE15: 3000 | AF15: =('4'!AE15/24)*0.454 -> 56.75 | AG15: 0 | AH15: =('4'!AG15/24)*0.454 -> 0 | AI15: 3400 | AJ15: =('4'!AI15/24)*0.454 -> 64.316667 | AL15: =('4'!AK15/24)*0.454 -> 0 | AN15: =('4'!AM15/24)*0.454 -> 0 | AP15: =('4'!AO15/24)*0.454 -> 0
A16: 0.75 | B16: 650 | C16: 10 | D16: 10 | E16: 5 | F16: 124 | G16: 3.5 | H16: 3.6 | I16: 0.71 | J16: 1.2 | K16: 6.8 | L16: 4.8 | M16: 4.8 | N16: 5 | O16: 2.8 | P16: 0.4 | Q16: 0.8 | R16: ='4'!Z23 -> 2016 | S16: ='4'!AB23 -> 131.54362 | T16: ='4'!Y23 -> 2831 | U16: =IF('4'!AA23=1,'4'!AR6,'4'!AR7) -> S.A.L | X16: 0.45833333 | Y16: 2787 | Z16: 2016 | AA16: 1 | AB16: =IF('4'!AA16=1,(('4'!Z16*'4'!$AS$6*'4'!$AT$6)/('4'!Y16*0.0036)),IF('4'!AA16=2,(('4'!Z16*'4'!$AS$7*'4'!$AT$7)/('4'!Y16*0.0036)))) -> 133.62038 | AD16: =(('4'!AC16*'4'!$Q$10*1000000))/('4'!Y16*3600) -> 0 | AE16: 3000 | AF16: =('4'!AE16/24)*0.454 -> 56.75 | AG16: 0 | AH16: =('4'!AG16/24)*0.454 -> 0 | AI16: 3400 | AJ16: =('4'!AI16/24)*0.454 -> 64.316667 | AL16: =('4'!AK16/24)*0.454 -> 0 | AN16: =('4'!AM16/24)*0.454 -> 0 | AP16: =('4'!AO16/24)*0.454 -> 0
A17: 0.83333333 | B17: 650 | C17: 10 | D17: 10 | E17: 2.5 | F17: 126 | G17: 3.4 | H17: 3.8 | I17: 0.72 | J17: 1.2 | K17: 6.8 | L17: 4.8 | M17: 4.8 | N17: 5 | O17: 3.2 | P17: 0.5 | Q17: 1.2 | R17: ='4'!Z25 -> 2016 | S17: ='4'!AB25 -> 131.26542 | T17: ='4'!Y25 -> 2837 | U17: =IF('4'!AA25=1,'4'!AR6,'4'!AR7) -> S.A.L | V17: =ESCALA!$C$6 -> 0 | X17: 0.5 | Y17: 2815 | Z17: 2016 | AA17: 1 | AB17: =IF('4'!AA17=1,(('4'!Z17*'4'!$AS$6*'4'!$AT$6)/('4'!Y17*0.0036)),IF('4'!AA17=2,(('4'!Z17*'4'!$AS$7*'4'!$AT$7)/('4'!Y17*0.0036)))) -> 132.2913 | AD17: =(('4'!AC17*'4'!$Q$10*1000000))/('4'!Y17*3600) -> 0 | AE17: 3000 | AF17: =('4'!AE17/24)*0.454 -> 56.75 | AG17: 0 | AH17: =('4'!AG17/24)*0.454 -> 0 | AI17: 3400 | AJ17: =('4'!AI17/24)*0.454 -> 64.316667 | AL17: =('4'!AK17/24)*0.454 -> 0 | AN17: =('4'!AM17/24)*0.454 -> 0 | AP17: =('4'!AO17/24)*0.454 -> 0
A18: 0.91666667 | B18: 650 | C18: 10 | D18: 10 | E18: 2.5 | F18: 128 | G18: 3.4 | H18: 4.3 | I18: 0.72 | J18: 1.2 | K18: 6.8 | L18: 4.8 | M18: 4.8 | N18: 5 | O18: 3.6 | P18: 0.7 | Q18: 1.5 | R18: ='4'!Z27 -> 2016 | S18: ='4'!AB27 -> 128.36953 | T18: ='4'!Y27 -> 2901 | U18: =IF('4'!AA27=1,'4'!AR6,'4'!AR7) -> S.A.L | X18: 0.54166667 | Y18: 2163 | Z18: 2016 | AA18: 1 | AB18: =IF('4'!AA18=1,(('4'!Z18*'4'!$AS$6*'4'!$AT$6)/('4'!Y18*0.0036)),IF('4'!AA18=2,(('4'!Z18*'4'!$AS$7*'4'!$AT$7)/('4'!Y18*0.0036)))) -> 172.16828 | AD18: =(('4'!AC18*'4'!$Q$10*1000000))/('4'!Y18*3600) -> 0 | AE18: 3000 | AF18: =('4'!AE18/24)*0.454 -> 56.75 | AG18: 0 | AH18: =('4'!AG18/24)*0.454 -> 0 | AI18: 3400 | AJ18: =('4'!AI18/24)*0.454 -> 64.316667 | AL18: =('4'!AK18/24)*0.454 -> 0 | AN18: =('4'!AM18/24)*0.454 -> 0 | AP18: =('4'!AO18/24)*0.454 -> 0
A19: Média | B19: {=IF('3'!B7:B18>0.01,AVERAGE('3'!B7:B18),"")} -> 700 | C19: {=IF('3'!C7:C18>0.01,AVERAGE('3'!C7:C18),"")} -> 10.833333 | D19: {=IF('3'!D7:D18>0.01,AVERAGE('3'!D7:D18),"")} -> 8.75 | E19: {=IF('3'!E7:E18>0.01,AVERAGE('3'!E7:E18),"")} -> 3.75 | F19: {=IF('3'!F7:F18>0.01,AVERAGE('3'!F7:F18),"")} -> 153.91667 | G19: {=IF('3'!G7:G18>0.01,AVERAGE('3'!G7:G18),"")} -> 3.65 | H19: {=IF('3'!H7:H18>0.01,AVERAGE('3'!H7:H18),"")} -> 3.0666667 | I19: {=IF('3'!I7:I18>0.01,AVERAGE('3'!I7:I18),"")} -> 0.98583333 | ... O19: {=IF('3'!O7:O18>0.01,AVERAGE('3'!O7:O18),"")} -> 3.3916667 | P19: {=IF('2'!P7:P18>0.01,AVERAGE('2'!P7:P18),"")} -> 2.5416667 | Q19: {=IF('2'!Q7:Q18>0.01,AVERAGE('2'!Q7:Q18),"")} -> 1.5916667 | R19: {=IF('4'!R7:R18>0.01,AVERAGE('4'!R7:R18),"")} -> 2016 | S19: {=IF('4'!S7:S18>0.01,AVERAGE('4'!S7:S18),"")} -> 132.47905 | X19: 0.58333333 | Y19: 2879 | Z19: 2016 | AA19: 1 | AB19: =IF('4'!AA19=1,(('4'!Z19*'4'!$AS$6*'4'!$AT$6)/('4'!Y19*0.0036)),IF('4'!AA19=2,(('4'!Z19*'4'!$AS$7*'4'!$AT$7)/('4'!Y19*0.0036)))) -> 129.35047 | AD19: =(('4'!AC19*'4'!$Q$10*1000000))/('4'!Y19*3600) -> 0 | AE19: 3000 | AF19: =('4'!AE19/24)*0.454 -> 56.75 | AG19: 0 | AH19: =('4'!AG19/24)*0.454 -> 0 | AI19: 3400 | AJ19: =('4'!AI19/24)*0.454 -> 64.316667 | AL19: =('4'!AK19/24)*0.454 -> 0 | AN19: =('4'!AM19/24)*0.454 -> 0 | AP19: =('4'!AO19/24)*0.454 -> 0
A20: Máximo | B20: =MAX(B7:B18) -> 700 | C20: =MAX(C7:C18) -> 10 | D20: =MAX(D7:D18) -> 10 | E20: =MAX(E7:E18) -> 5 | F20: =MAX('5'!F7:F18) -> 130 | G20: =MAX('5'!G7:G18) -> 4.2 | H20: =MAX('5'!H7:H18) -> 6.8 | I20: =MAX('5'!I7:I18) -> 0.87 | J20: =MAX('5'!J7:J18) -> 1.8 | K20: =MAX('5'!K7:K18) -> 7 | L20: =MAX('5'!L7:L18) -> 4.8 | M20: =MAX('5'!M7:M18) -> 4.8 | N20: =MAX('5'!N7:N18) -> 5.7 | O20: =MAX('4'!O7:O18) -> 3.6 | P20: =MAX('5'!P7:P18) -> 1.2 | Q20: =MAX('5'!Q7:Q18) -> 2.5 | R20: =MAX('4'!R7:R18) -> 2016 | S20: =MAX('4'!S7:S18) -> 136.11111 | X20: 0.625 | Y20: 2861 | Z20: 2016 | AA20: 1 | AB20: =IF('4'!AA20=1,(('4'!Z20*'4'!$AS$6*'4'!$AT$6)/('4'!Y20*0.0036)),IF('4'!AA20=2,(('4'!Z20*'4'!$AS$7*'4'!$AT$7)/('4'!Y20*0.0036)))) -> 130.16428 | AD20: =(('4'!AC20*'4'!$Q$10*1000000))/('4'!Y20*3600) -> 0 | AE20: 3000 | AF20: =('4'!AE20/24)*0.454 -> 56.75 | AG20: 0 | AH20: 0 | AI20: 3400 | AJ20: =('4'!AI20/24)*0.454 -> 64.316667 | AL20: =('4'!AK20/24)*0.454 -> 0 | AN20: =('4'!AM20/24)*0.454 -> 0 | AP20: =('4'!AO20/24)*0.454 -> 0
A21: Mínimo | B21: =MIN('4'!B7:B18) -> 650 | C21: =MIN('4'!C7:C18) -> 7.5 | D21: =MIN('4'!D7:D18) -> 7.5 | E21: =MIN('4'!E7:E18) -> 2.5 | F21: =MIN('4'!F7:F18) -> 124 | G21: =MIN('4'!G7:G18) -> 2.7 | H21: =MIN('4'!H7:H18) -> 2.5 | I21: =MIN('4'!I7:I18) -> 0.69 | ... S21: =MIN('4'!S7:S18) -> 128.36953 | X21: 0.66666667 | Y21: 2858 | Z21: 2016 | AA21: 1 | AB21: =IF('4'!AA21=1,(('4'!Z21*'4'!$AS$6*'4'!$AT$6)/('4'!Y21*0.0036)),IF('4'!AA21=2,(('4'!Z21*'4'!$AS$7*'4'!$AT$7)/('4'!Y21*0.0036)))) -> 130.30091 | AD21: =(('4'!AC21*'4'!$Q$10*1000000))/('4'!Y21*3600) -> 0 | AE21: 3000 | AF21: =('4'!AE21/24)*0.454 -> 56.75 | AG21: 0 | AH21: =('4'!AG21/24)*0.454 -> 0 | AI21: 3400 | AJ21: =('4'!AI21/24)*0.454 -> 64.316667 | AL21: =('4'!AK21/24)*0.454 -> 0 | AN21: =('4'!AM21/24)*0.454 -> 0 | AP21: =('4'!AO21/24)*0.454 -> 0
R22: Total | X22: 0.70833333 | Y22: 2830 | Z22: 2016 | AA22: 1 | AB22: =IF('4'!AA22=1,(('4'!Z22*'4'!$AS$6*'4'!$AT$6)/('4'!Y22*0.0036)),IF('4'!AA22=2,(('4'!Z22*'4'!$AS$7*'4'!$AT$7)/('4'!Y22*0.0036)))) -> 131.59011 | AD22: =(('4'!AC22*'4'!$Q$10*1000000))/('4'!Y22*3600) -> 0 | AE22: 3000 | AF22: =('4'!AE22/24)*0.454 -> 56.75 | AG22: 500 | AH22: =('4'!AG22/24)*0.454 -> 9.4583333 | AI22: 3400 | AJ22: =('4'!AI22/24)*0.454 -> 64.316667 | AL22: =('4'!AK22/24)*0.454 -> 0 | AN22: =('4'!AM22/24)*0.454 -> 0 | AP22: =('4'!AO22/24)*0.454 -> 0
A23: TURBIDEZ DOS FILTROS DA 1ª E 2ª ETAPAS | R23: 440 | S23: Litros | X23: 0.75 | Y23: 2831 | Z23: 2016 | AA23: 1 | AB23: =IF('4'!AA23=1,(('4'!Z23*'4'!$AS$6*'4'!$AT$6)/('4'!Y23*0.0036)),IF('4'!AA23=2,(('4'!Z23*'4'!$AS$7*'4'!$AT$7)/('4'!Y23*0.0036)))) -> 131.54362 | AD23: =(('4'!AC23*'4'!$Q$10*1000000))/('4'!Y23*3600) -> 0 | AE23: 3000 | AF23: =('4'!AE23/24)*0.454 -> 56.75 | AG23: 500 | AH23: =('4'!AG23/24)*0.454 -> 9.4583333 | AI23: 3400 | AJ23: =('4'!AI23/24)*0.454 -> 64.316667 | AL23: =('4'!AK23/24)*0.454 -> 0 | AN23: =('4'!AM23/24)*0.454 -> 0 | AP23: =('4'!AO23/24)*0.454 -> 0
A24: HORA | B24: 1 | C24: 2 | D24: 3 | E24: 4 | F24: 5 | G24: 6 | H24: 7 | I24: 8 | J24: 9 | K24: 10 | L24: 11 | M24: 12 | N24: 13 | O24: 14 | P24: 15 | Q24: 16 | R24: 0 | S24: Kilos | X24: 0.79166667 | Y24: 2865 | Z24: 2016 | AA24: 1 | AB24: =IF('4'!AA24=1,(('4'!Z24*'4'!$AS$6*'4'!$AT$6)/('4'!Y24*0.0036)),IF('4'!AA24=2,(('4'!Z24*'4'!$AS$7*'4'!$AT$7)/('4'!Y24*0.0036)))) -> 129.98255 | AD24: =(('4'!AC24*'4'!$Q$10*1000000))/('4'!Y24*3600) -> 0 | AE24: 3000 | AF24: =('4'!AE24/24)*0.454 -> 56.75 | AG24: 500 | AH24: =('4'!AG24/24)*0.454 -> 9.4583333 | AI24: 3400 | AJ24: =('4'!AI24/24)*0.454 -> 64.316667 | AL24: =('4'!AK24/24)*0.454 -> 0 | AN24: =('4'!AM24/24)*0.454 -> 0 | AP24: =('4'!AO24/24)*0.454 -> 0
A25: 0.41666667 | R25: =#DIV/0! -> #DIV/0! | T25: DATA | U25: =ESCALA!$A$6 -> 44320 | X25: 0.83333333 | Y25: 2837 | Z25: 2016 | AA25: 1 | AB25: =IF('4'!AA25=1,(('4'!Z25*'4'!$AS$6*'4'!$AT$6)/('4'!Y25*0.0036)),IF('4'!AA25=2,(('4'!Z25*'4'!$AS$7*'4'!$AT$7)/('4'!Y25*0.0036)))) -> 131.26542 | AD25: =(('4'!AC25*'4'!$Q$10*1000000))/('4'!Y25*3600) -> 0 | AE25: 3000 | AF25: =('4'!AE25/24)*0.454 -> 56.75 | AG25: 500 | AH25: =('4'!AG25/24)*0.454 -> 9.4583333 | AI25: 3400 | AJ25: =('4'!AI25/24)*0.454 -> 64.316667 | AL25: =('4'!AK25/24)*0.454 -> 0 | AN25: =('4'!AM25/24)*0.454 -> 0 | AP25: =('4'!AO25/24)*0.454 -> 0
A26: 0.66666667 | R26: =#DIV/0! -> #DIV/0! | X26: 0.875 | Y26: 2875 | Z26: 2016 | AA26: 1 | AB26: =IF('4'!AA26=1,(('4'!Z26*'4'!$AS$6*'4'!$AT$6)/('4'!Y26*0.0036)),IF('4'!AA26=2,(('4'!Z26*'4'!$AS$7*'4'!$AT$7)/('4'!Y26*0.0036)))) -> 129.53043 | AD26: =(('4'!AC26*'4'!$Q$10*1000000))/('4'!Y26*3600) -> 0 | AE26: 3000 | AF26: =('4'!AE26/24)*0.454 -> 56.75 | AG26: 500 | AH26: =('4'!AG26/24)*0.454 -> 9.4583333 | AI26: 3400 | AJ26: =('4'!AI26/24)*0.454 -> 64.316667 | AL26: =('4'!AK26/24)*0.454 -> 0 | AN26: =('4'!AM26/24)*0.454 -> 0 | AP26: =('4'!AO26/24)*0.454 -> 0
A27: Média | B27: =#DIV/0! -> #DIV/0! | C27: =#DIV/0! -> #DIV/0! | D27: =#DIV/0! -> #DIV/0! | E27: =#DIV/0! -> #DIV/0! | F27: =#DIV/0! -> #DIV/0! | G27: =#DIV/0! -> #DIV/0! | H27: =#DIV/0! -> #DIV/0! | I27: =#DIV/0! -> #DIV/0! | ... Q27: =#DIV/0! -> #DIV/0! | X27: 0.91666667 | Y27: 2901 | Z27: 2016 | AA27: 1 | AB27: =IF('4'!AA27=1,(('4'!Z27*'4'!$AS$6*'4'!$AT$6)/('4'!Y27*0.0036)),IF('4'!AA27=2,(('4'!Z27*'4'!$AS$7*'4'!$AT$7)/('4'!Y27*0.0036)))) -> 128.36953 | AD27: =(('4'!AC27*'4'!$Q$10*1000000))/('4'!Y27*3600) -> 0 | AE27: 3000 | AF27: =('4'!AE27/24)*0.454 -> 56.75 | AG27: 500 | AH27: =('4'!AG27/24)*0.454 -> 9.4583333 | AI27: 3400 | AJ27: =('4'!AI27/24)*0.454 -> 64.316667 | AL27: =('4'!AK27/24)*0.454 -> 0 | AN27: =('4'!AM27/24)*0.454 -> 0 | AP27: =('4'!AO27/24)*0.454 -> 0
A28: OBSERVAÇÕES | X28: 0.95833333 | Y28: 2844 | Z28: 2016 | AA28: 1 | AB28: =IF('4'!AA28=1,(('4'!Z28*'4'!$AS$6*'4'!$AT$6)/('4'!Y28*0.0036)),IF('4'!AA28=2,(('4'!Z28*'4'!$AS$7*'4'!$AT$7)/('4'!Y28*0.0036)))) -> 130.94233 | AD28: =(('4'!AC28*'4'!$Q$10*1000000))/('4'!Y28*3600) -> 0 | AE28: 3000 | AF28: =('4'!AE28/24)*0.454 -> 56.75 | AG28: 500 | AH28: =('4'!AG28/24)*0.454 -> 9.4583333 | AI28: 3400 | AJ28: =('4'!AI28/24)*0.454 -> 64.316667 | AL28: =('4'!AK28/24)*0.454 -> 0 | AN28: =('4'!AM28/24)*0.454 -> 0 | AP28: =('4'!AO28/24)*0.454 -> 0
X29: 1 | Y29: 2870 | Z29: 2016 | AA29: 1 | AB29: =IF('4'!AA29=1,(('4'!Z29*'4'!$AS$6*'4'!$AT$6)/('4'!Y29*0.0036)),IF('4'!AA29=2,(('4'!Z29*'4'!$AS$7*'4'!$AT$7)/('4'!Y29*0.0036)))) -> 129.7561 | AD29: =(('4'!AC29*'4'!$Q$10*1000000))/('4'!Y29*3600) -> 0 | AE29: 3000 | AF29: =('4'!AE29/24)*0.454 -> 56.75 | AG29: 500 | AH29: =('4'!AG29/24)*0.454 -> 9.4583333 | AI29: 3400 | AJ29: =('4'!AI29/24)*0.454 -> 64.316667 | AL29: =('4'!AK29/24)*0.454 -> 0 | AN29: =('4'!AM29/24)*0.454 -> 0 | AP29: =('4'!AO29/24)*0.454 -> 0
X30: Total | Y30: =SUM('4'!Y6:Y29)*3.6 -> 241066.8 | Z30: =SUM('4'!Z6:Z29) -> 48384 | AF30: =SUM('4'!AF6:AF29) -> 1362 | AH30: =SUM('4'!AH6:AH29) -> 141.875 | AJ30: =SUM('4'!AJ6:AJ29) -> 1513.3333 | AL30: =SUM('4'!AL6:AL29) -> 0 | AN30: =SUM('4'!AN6:AN29) -> 0 | AP30: =SUM('4'!AP6:AP29) -> 0
X32: S.A.L (l) - (kg) | Z32: =SUMIF('4'!AA6:AA29,"=1",'4'!Z6:Z29) -> 48384 | AA32: ='4'!Z32*'4'!AS6 -> 64350.72 | AB32: =SUMIF('4'!$AA$6:$AA$29,"=1",'4'!$AB$6:$AB$29)/COUNTIF('4'!$AA$6:$AA$29,"=1") -> 133.88469 | AC32: =SUMIF('4'!AA6:AA29,"=1",'4'!AC6:AC29) -> 0
X33: PAC 18 (l) - (kg) | Z33: =SUMIF('4'!AA6:AA29,"=2",'4'!Z6:Z29) -> 0 | AA33: ='4'!Z33*'4'!AS7 -> 0 | AB33: =SUMIF('4'!$AA$6:$AA$29,"=2",'4'!$AB$6:$AB$29)/COUNTIF('4'!$AA$6:$AA$29,"=2") -> #DIV/0! | AC33: =SUMIF('4'!AA6:AA29,"=2",'4'!AC6:AC29) -> 0
X34: Média | Y34: =AVERAGE('4'!Y6:Y29) -> 2790.125 | Z34: =AVERAGE('4'!Z6:Z29) -> 2016 | AC34: =SUM('4'!AC6:AC29)/COUNTIF('4'!AC6:AC29,"<>0") -> 0 | AD34: =SUM('4'!AD6:AD29)/COUNTIF('4'!AD6:AD29,"<>0") -> #DIV/0! | AF34: =AVERAGE('4'!AF6:AF29) -> 56.75 | AH34: =AVERAGE('4'!AH6:AH29) -> 5.9114583 | AJ34: ='4'!AJ30/24 -> 63.055556 | AL34: =AVERAGE('4'!AL6:AL29) -> 0 | AN34: =AVERAGE('4'!AN6:AN29) -> 0 | AP34: =AVERAGE('4'!AP6:AP29) -> 0
C35: Alcalinidade (mg/L) | F35: Ferro (mg/L) | I35: Manganês (mg/L) | L35: Alumínio (mg/L) | U35: TÉCNICO | X35: Decantadores | AA35: Filtros | AJ35: CLORAÇÃO INTERMEDIÁRIA | AO35: PÓS CLORAÇÃO
B36: HORA | C36: Bruta | D36: Dec. | E36: Trat (R-3) | F36: Bruta | G36: Filt. | H36: Trat (R-3) | I36: Bruta | J36: Filt. | K36: Trat (R-3) | L36: Trat (R-3) | X36: Lavados | AA36: Lavados | AB36: 4
B37: 0.33333333 | C37: 41.8 | D37: 6 | E37: 5 | F37: 2.8 | G37: 0.2 | H37: 0.2 | I37: 0.25 | J37: 0.06 | K37: 0.06 | L37: * | U37: ='4'!V12 -> 0 | X37: HORAS OPERANDO | Z37: =COUNTA('4'!Z6:Z29) -> 24 | AJ37: CARRETA | AL37: CILINDROS | AO37: CARRETA | AQ37: CILINDROS
B38: 0.66666667 | AJ38: CONSUMO | AK38: =SUM('4'!AF30+'4'!AH30)*1.0561 -> 1588.2424 | AL38: CONSUMO | AM38: =SUM('4'!AL30+'4'!AN30)*1.0561 -> 0 | AO38: CONSUMO | AP38: ='4'!AJ30*1.0561 -> 1598.2313 | AQ38: CONSUMO | AR38: ='4'!AP30*1.0561 -> 0
A39: Nº amostras de água TRATADA | C39: Nº amostras de água FILTRADA | E39: Nº amostras de água tratada/filtrada FORA DO PADRÃO | J39: Nº amostras de água tratada/filtrada no PADRÃO | O39: Nº de amostras com turbidez menor ou igual a 0,5 NTU | R39: ÁGUA FILTRADA | S39: Nº de amostras com turbidez menor ou igual a 1,0 NTU | AJ39: DOSAGEM | AK39: =('4'!AK38/'4'!Y30)*1000 -> 6.5883912 | AL39: DOSAGEM | AM39: =('4'!AM38/'4'!Y30)*1000 -> 0 | AO39: DOSAGEM | AP39: =('4'!AP38/'4'!Y30)*1000 -> 6.6298276 | AQ39: DOSAGEM | AR39: =('4'!AR38/'4'!Y30)*1000 -> 0
A40: COR | B40: TURBIDEZ | C40: TURBIDEZ | E40: COR | G40: TURBIDEZ | J40: COR | L40: TURBIDEZ | X40: ESTOQUE DE COAGULANTE | AJ40: Consumo Total | AL40: =SUM('4'!AK38,'4'!AM38) -> 1588.2424 | AO40: Consumo Total | AQ40: =SUM('4'!AP38,'4'!AR38) -> 1598.2313
A41: =COUNTA('4'!E7:E18) -> 12 | B41: =COUNTA('4'!I7:I18) -> 12 | C41: =COUNTA('4'!J7:J18) -> 12 | D41: =COUNTA('4'!K7:K18) -> 12 | E41: =COUNTIF('4'!E7:E18,">15") -> 0 | G41: =COUNTIF('4'!J7:J18,">1") -> 12 | J41: ='4'!A41-'4'!E41 -> 12 | L41: ='4'!C41-'4'!G41 -> 0 | O41: =COUNTIF('4'!J7:J18,"<=0,5") -> 0 | S41: =COUNTIF('4'!J7:J18,"<=1,0") -> 0 | AJ41: Dosagem Final | AL41: =SUM(('4'!AK38+'4'!AM38)/'4'!Y30)*1000 -> 6.5883912 | AO41: Dosagem Final | AQ41: =SUM(('4'!AP38+'4'!AR38)/'4'!Y30)*1000 -> 6.6298276
O42: ÁGUA FILTRATADA | X42: SULFATO DE ALUMÍNIO
H43: Nº de amostras água tratada com turbidez <= 5,0 NTU | L43: Nº de amostras água tratada para aluminio | Q43: Nº de amostras com turbidez entre 0,5 e 1,0 NTU | X43: TINA 01 | Z43: TINA 02 | AB43: TINA 03 | AD43: TANQUE
X44: ALTURA | Z44: ALTURA | AB44: ALTURA | AF44: Volume total (L) | AG44: =SUM(Y45,AA45,AC45,AE45) -> 0 | AI44: CONSUMO DE SULFATO DE ALUMÍNIO ÀS 24:00hs
H45: =COUNTIF('4'!I7:I18,"<=5,0") -> 11 | L45: =COUNTA('4'!L37) -> 1 | Q45: ='4'!S41-'4'!O41 -> 0 | X45: VOLUME | Y45: ='4'!Y44*275.3 -> 0 | Z45: VOLUME | AA45: =262.4*'4'!AA44 -> 0 | AB45: VOLUME | AC45: ='4'!AC44*277.7 -> 0 | AD45: VOLUME | AI45: TINA 01 | AK45: TINA 02 | AM45: TINA 03
X46: Densidade | Y46: ='4'!AS6 -> 1.33 | Z46: Densidade | AA46: ='4'!Y46 -> 1.33 | AB46: Densidade | AC46: ='4'!Y46 -> 1.33 | AD46: Densidade | AE46: ='4'!Y46 -> 1.33 | AF46: Peso Total (Kg) | AG46: =SUM('4'!Y47,'4'!AA47,'4'!AC47,'4'!AE47) -> 0 | AI46: ALTURA | AK46: ALTURA | AM46: ALTURA
O47: ÁGUA TRATADA - CLORO RESIDUAL | X47: Peso(Kg) | Y47: ='4'!Y45*'4'!Y46 -> 0 | Z47: Peso(Kg) | AA47: ='4'!AA45*'4'!AA46 -> 0 | AB47: Peso(Kg) | AC47: ='4'!AC45*'4'!AC46 -> 0 | AD47: Peso(Kg) | AE47: ='4'!AE45*'4'!AE46 -> 0 | AI47: VOLUME | AJ47: ='4'!AJ46*275.3 -> 0 | AK47: VOLUME | AL47: =262.4*'4'!AL46 -> 0 | AM47: VOLUME | AN47: ='4'!AN46*277.7 -> 0
AD48: 0 | AI48: Densidade | AJ48: ='4'!Y46 -> 1.33 | AK48: Densidade | AL48: ='4'!AJ48 -> 1.33 | AM48: Densidade | AN48: ='4'!AJ48 -> 1.33
O49: Nº de amostras de água tratada para cloro residual | R49: Nº de amostras de água tratada dentro dos padrões de cloro residual | AI49: Peso(Kg) | AJ49: ='4'!AJ47*'4'!AJ48 -> 0 | AK49: Peso(Kg) | AL49: ='4'!AL47*'4'!AL48 -> 0 | AM49: Peso(Kg) | AN49: ='4'!AN47*'4'!AN48 -> 0
X50: PAC - 18
O51: =COUNTA('4'!O7:O18) -> 12 | P51: =COUNTA('4'!W17:W28) -> 0 | R51: =COUNTIF('4'!O7:O18,">=0,5") -> 12 | X51: TINA 01 | Z51: TINA 02 | AB51: TINA 03 | AD51: TANQUE | AI51: CONSUMO DE PAC ÀS 24:00hs
X52: ALTURA | Z52: ALTURA | AB52: ALTURA | AF52: Volume total (L) | AG52: =SUM('4'!Y53,'4'!AA53,'4'!AC53,'4'!AE53) -> 0 | AI52: TINA 01 | AK52: TINA 02 | AM52: TINA 03
O53: ÁGUA TRATADA - PH | X53: VOLUME | Y53: ='4'!Y52*275.3 -> 0 | Z53: VOLUME | AA53: =262.4*'4'!AA52 -> 0 | AB53: VOLUME | AC53: ='4'!AC52*277.7 -> 0 | AD53: VOLUME | AI53: ALTURA | AJ53: 0 | AK53: ALTURA | AM53: ALTURA
X54: Densidade | Y54: ='4'!AS7 -> 1.262 | Z54: Densidade | AA54: ='4'!Y54 -> 1.262 | AB54: Densidade | AC54: ='4'!Y54 -> 1.262 | AD54: Densidade | AE54: ='4'!Y54 -> 1.262 | AF54: Peso Total (Kg) | AG54: =SUM('4'!Y55,'4'!AA55,'4'!AC55,'4'!AE55) -> 0 | AI54: VOLUME | AJ54: ='4'!AJ53*275.3 -> 0 | AK54: VOLUME | AL54: =262.4*'4'!AL53 -> 0 | AM54: VOLUME | AN54: ='4'!AN53*277.7 -> 0
O55: Nº de amostras de água tratada para PH | R55: Nº de amostras de água tratada dentro dos padrões de PH | X55: Peso(Kg) | Y55: ='4'!Y53*'4'!Y54 -> 0 | Z55: Peso(Kg) | AA55: ='4'!AA53*'4'!AA54 -> 0 | AB55: Peso(Kg) | AC55: ='4'!AC53*'4'!AC54 -> 0 | AD55: Peso(Kg) | AE55: ='4'!AE53*'4'!AE54 -> 0 | AI55: Densidade | AJ55: ='4'!Y54 -> 1.262 | AK55: Densidade | AL55: ='4'!AJ55 -> 1.262 | AM55: Densidade | AN55: ='4'!AJ55 -> 1.262
AI56: Peso(Kg) | AJ56: ='4'!AJ54*'4'!AJ55 -> 0 | AK56: Peso(Kg) | AL56: ='4'!AL54*'4'!AL55 -> 0 | AM56: Peso(Kg) | AN56: ='4'!AN54*'4'!AN55 -> 0
O57: =COUNTA('4'!N7:N18) -> 12 | R57: =COUNTIF('4'!N7:N18,">=6") -> 0
X58: ESTOQUE DE CLORO
O59: ÁGUA TRATADA - PH | AI59: CONTROLE DIÁRIO DO CONSUMO DE COAGULANTE
X60: Carretas com Cloro | AB60: Cilindros com Cloro | AI60: CLORETO DE POLIALUMÍNIO | AN60: SULFATO DE ALUMÍNIO
O61: Nº de amostras de água tratada para PH | R61: Nº de amostras de água tratada dentro dos padrões de PH | AI61: CONSUMO REAL | AL61: ='4'!AJ56+'4'!AL56+'4'!AN56 -> 0 | AN61: CONSUMO REAL | AQ61: ='4'!AJ49+'4'!AL49+'4'!AN49 -> 0
X62: Recebido | AB62: Recebido | AI62: CONSUMO TEÓRICO | AL62: =AA33 -> 0 | AN62: CONSUMO TEÓRICO | AQ62: ='4'!AA32 -> 64350.72
O63: =COUNTA('4'!N7:N18) -> 12 | R63: =COUNTIF('4'!N7:N18,">=6") -> 0 | X63: Peso(kg) | Y63: 0 | AB63: Peso(kg) | AC63: 0 | AI63: DIFERENÇA | AL63: ='4'!AL61-'4'!AL62 -> 0 | AN63: DIFERENÇA | AQ63: ='4'!AQ61-'4'!AQ62 -> -64350.72
X64: correção
X65: Saldo anterior (kg) | Y65: ='3'!$Y$68 -> #REF! | AB65: Saldo anterior (kg) | AC65: ='3'!AC$68 -> 0
X66: Consumido | AB66: Consumido
X67: Peso(kg) | Y67: =SUM('4'!AK38,'4'!AP38) -> 3186.4737 | AB67: Peso(kg) | AC67: =SUM('4'!AM38,'4'!AR38) -> 0
X68: Saldo(kg) | Y68: =SUM('4'!Y63,'4'!Y65)-'4'!Y67-'4'!Y64 -> #REF! | AB68: Saldo(kg) | AC68: =SUM('4'!AC63,'4'!AC65)-'4'!AC67 -> 0

Sheet 5
D2: CONTROLE DE ANÁLISE FÍSICO - QUÍMICAS \ ETA CASTELO BRANCO | AB2: CONTROLE DE PRODUTOS QUÍMICOS APLICADOS \ ETA CASTELO BRANCO
A4: HORA | B4: COR (Uc) | F4: TURBIDEZ (Ut) | K4: Ph | O4: CLORO RESIDUAL (mg/L) | R4: DOSAGEM DO COAGULANTE | T4: VAZÃO DA ETA | U4: TIPO DE COAGULANTE | V4: TÉCNICO | X4: Hora | Y4: Vazão ETA (l/s) | Z4: Vazão Coagulante (l/h) | AA4: Código | AB4: Dosagem (mg/l) | AC4: Vazão Polímero (l/h) | AD4: Dosagem (mg/l) | AE4: Pré 1 (Lib/dia) | AF4: Pré 1 (Kg/h) | AG4: Pré 2 (Lib/dia) | AH4: Pré 2 (Kg/h) | AI4: Pós (Lib/dia) | AJ4: Pós (Kg/h) | AK4: Pré 1 (Lib/dia) cilindros | AL4: Pré 1 (Kg/h) cilindros | AM4: Pré 2 (Lib/dia) cilindros | AN4: Pré 2 (Kg/h) cilindros | AO4: Pós (Lib/dia) cilindros | AP4: Pós (Kg/h) cilindros | AQ4: COAGULANTE | AU4: Tempo de Utilização (h)
AQ5: Codigo | AR5: Nome | AS5: d (g/ml) | AT5: C (%)
B6: Bruta | C6: DEC_1 | D6: DEC_2 | E6: TRAT | F6: Bruta | G6: DEC_1 | H6: DEC_2 | I6: TRAT | J6: FILT | K6: Bruta | L6: DEC_1 | M6: DEC_2 | N6: TRAT | O6: TRAT | P6: DEC_1 | Q6: DEC_2 | R6: L/h | S6: mg/l | T6: L/s | X6: 0.041666667 | Y6: 2833 | Z6: 2092 | AA6: 1 | AB6: =IF('5'!AA6=1,(('5'!Z6*'5'!$AS$6*'5'!$AT$6)/('5'!Y6*0.0036)),IF('5'!AA6=2,(('5'!Z6*'5'!$AS$7*'5'!$AT$7)/('5'!Y6*0.0036)))) -> 136.40624 | AD6: =(('5'!AC6*'5'!$Q$10*1000000))/('5'!Y6*3600) -> 0 | AE6: 3000 | AF6: =('5'!AE6/24)*0.454 -> 56.75 | AG6: 500 | AH6: =('5'!AG6/24)*0.454 -> 9.4583333 | AI6: 3400 | AJ6: =('5'!AI6/24)*0.454 -> 64.316667 | AL6: =('5'!AK6/24)*0.454 -> 0 | AN6: =('5'!AM6/24)*0.454 -> 0 | AP6: =('5'!AO6/24)*0.454 -> 0 | AQ6: 1 | AR6: S.A.L | AS6: 1.33 | AT6: 0.5 | AU6: 0
A7: 0 | B7: 650 | C7: 10 | D7: 10 | E7: 2.5 | F7: 127 | G7: 3.2 | H7: 4 | I7: 0.7 | J7: 1.2 | K7: 6.8 | L7: 4.8 | M7: 4.8 | N7: 5 | O7: 3.8 | P7: 1 | Q7: 1.8 | R7: ='4'!$Z$29 -> 2016 | S7: ='4'!$AB$29 -> 129.7561 | T7: ='4'!$Y$29 -> 2870 | U7: =IF('5'!AA6=1,'5'!AR6,'5'!AR7) -> S.A.L | V7: =ESCALA!$B$6 -> 0 | X7: 0.083333333 | Y7: 2864 | Z7: 2092 | AA7: 1 | AB7: =IF('5'!AA7=1,(('5'!Z7*'5'!$AS$6*'5'!$AT$6)/('5'!Y7*0.0036)),IF('5'!AA7=2,(('5'!Z7*'5'!$AS$7*'5'!$AT$7)/('5'!Y7*0.0036)))) -> 134.92978 | AD7: =(('5'!AC7*'5'!$Q$10*1000000))/('5'!Y7*3600) -> 0 | AE7: 3000 | AF7: =('5'!AE7/24)*0.454 -> 56.75 | AG7: 500 | AH7: =('5'!AG7/24)*0.454 -> 9.4583333 | AI7: 3400 | AJ7: =('5'!AI7/24)*0.454 -> 64.316667 | AL7: =('5'!AK7/24)*0.454 -> 0 | AN7: =('5'!AM7/24)*0.454 -> 0 | AP7: =('5'!AO7/24)*0.454 -> 0 | AQ7: 2 | AR7: PAC 18 | AS7: 1.262 | AT7: 1 | AU7: 24
A8: 0.083333333 | B8: 650 | C8: 10 | D8: 10 | E8: 2.5 | F8: 127 | G8: 3 | H8: 4.1 | I8: 0.67 | J8: 1.1 | K8: 6.8 | L8: 4.8 | M8: 4.8 | N8: 5 | O8: 3.8 | P8: 1.2 | Q8: 2 | R8: ='5'!Z7 -> 2092 | S8: ='5'!AB7 -> 134.92978 | T8: ='5'!Y7 -> 2864 | U8: =IF('5'!AA7=1,'5'!AR6,'5'!AR7) -> S.A.L | X8: 0.125 | Y8: 2843 | Z8: 2092 | AA8: 1 | AB8: =IF('5'!AA8=1,(('5'!Z8*'5'!$AS$6*'5'!$AT$6)/('5'!Y8*0.0036)),IF('5'!AA8=2,(('5'!Z8*'5'!$AS$7*'5'!$AT$7)/('5'!Y8*0.0036)))) -> 135.92645 | AD8: =(('5'!AC8*'5'!$Q$10*1000000))/('5'!Y8*3600) -> 0 | AE8: 3000 | AF8: =('5'!AE8/24)*0.454 -> 56.75 | AG8: 500 | AH8: =('5'!AG8/24)*0.454 -> 9.4583333 | AI8: 3400 | AJ8: =('5'!AI8/24)*0.454 -> 64.316667 | AL8: =('5'!AK8/24)*0.454 -> 0 | AN8: =('5'!AM8/24)*0.454 -> 0 | AP8: =('5'!AO8/24)*0.454 -> 0 | AQ8: Polímero Catiônico
A9: 0.16666667 | B9: 650 | C9: 10 | D9: 12.5 | E9: 2.5 | F9: 128 | G9: 2.8 | H9: 4.4 | I9: 0.66 | J9: 1.3 | K9: 6.8 | L9: 4.8 | M9: 4.8 | N9: 5 | O9: 4 | P9: 1.2 | Q9: 2.5 | R9: ='5'!Z9 -> 2092 | S9: ='5'!AB9 -> 136.31001 | T9: ='5'!Y9 -> 2835 | U9: =IF('5'!AA9=1,'5'!AR6,'5'!AR7) -> S.A.L | X9: 0.16666667 | Y9: 2835 | Z9: 2092 | AA9: 1 | AB9: =IF('5'!AA9=1,(('5'!Z9*'5'!$AS$6*'5'!$AT$6)/('5'!Y9*0.0036)),IF('5'!AA9=2,(('5'!Z9*'5'!$AS$7*'5'!$AT$7)/('5'!Y9*0.0036)))) -> 136.31001 | AD9: =(('5'!AC9*'5'!$Q$10*1000000))/('5'!Y9*3600) -> 0 | AE9: 3000 | AF9: =('5'!AE9/24)*0.454 -> 56.75 | AG9: 500 | AH9: =('5'!AG9/24)*0.454 -> 9.4583333 | AI9: 3400 | AJ9: =('5'!AI9/24)*0.454 -> 64.316667 | AL9: =('5'!AK9/24)*0.454 -> 0 | AN9: =('5'!AM9/24)*0.454 -> 0 | AP9: =('5'!AO9/24)*0.454 -> 0 | AQ9: Nome | AT9: C (%)
A10: 0.25 | B10: 650 | C10: 10 | D10: 25 | E10: 2.5 | F10: 128 | G10: 2.7 | H10: 6.8 | I10: 0.64 | J10: 1.4 | K10: 6.8 | L10: 4.8 | M10: 4.8 | N10: 5 | O10: 4 | P10: 1.2 | Q10: 2.5 | R10: ='5'!Z11 -> 2092 | S10: ='5'!AB11 -> 137.81701 | T10: ='5'!Y11 -> 2804 | U10: =IF('5'!AA11=1,'5'!AR6,'5'!AR7) -> S.A.L | X10: 0.20833333 | Y10: 2809 | Z10: 2092 | AA10: 1 | AB10: =IF('5'!AA10=1,(('5'!Z10*'5'!$AS$6*'5'!$AT$6)/('5'!Y10*0.0036)),IF('5'!AA10=2,(('5'!Z10*'5'!$AS$7*'5'!$AT$7)/('5'!Y10*0.0036)))) -> 137.57169 | AD10: =(('5'!AC10*'5'!$Q$10*1000000))/('5'!Y10*3600) -> 0 | AE10: 3000 | AF10: =('5'!AE10/24)*0.454 -> 56.75 | AG10: 500 | AH10: =('5'!AG10/24)*0.454 -> 9.4583333 | AI10: 3400 | AJ10: =('5'!AI10/24)*0.454 -> 64.316667 | AL10: =('5'!AK10/24)*0.454 -> 0 | AN10: =('5'!AM10/24)*0.454 -> 0 | AP10: =('5'!AO10/24)*0.454 -> 0 | AQ10: Aguapol 200 | AT10: 0.002
A11: 0.33333333 | B11: 550 | C11: 10 | D11: 60 | E11: 5 | F11: 130 | G11: 3.6 | H11: 2.2 | I11: 0.65 | J11: 1.7 | K11: 7 | L11: 4.8 | M11: 4.8 | N11: 5.7 | O11: 3.7 | P11: 0.4 | Q11: 2.3 | R11: ='5'!Z13 -> 2092 | S11: ='5'!AB13 -> 140.42111 | T11: ='5'!Y13 -> 2752 | U11: =IF('5'!AA13=1,'5'!AR6,'5'!AR7) -> S.A.L | X11: 0.25 | Y11: 2804 | Z11: 2092 | AA11: 1 | AB11: =IF('5'!AA11=1,(('5'!Z11*'5'!$AS$6*'5'!$AT$6)/('5'!Y11*0.0036)),IF('5'!AA11=2,(('5'!Z11*'5'!$AS$7*'5'!$AT$7)/('5'!Y11*0.0036)))) -> 137.81701 | AD11: =(('5'!AC11*'5'!$Q$10*1000000))/('5'!Y11*3600) -> 0 | AE11: 3000 | AF11: =('5'!AE11/24)*0.454 -> 56.75 | AG11: 500 | AH11: =('5'!AG11/24)*0.454 -> 9.4583333 | AI11: 3400 | AJ11: =('5'!AI11/24)*0.454 -> 64.316667 | AL11: =('5'!AK11/24)*0.454 -> 0 | AN11: =('5'!AM11/24)*0.454 -> 0 | AP11: =('5'!AO11/24)*0.454 -> 0
A12: 0.41666667 | B12: 550 | C12: 10 | D12: 60 | E12: 5 | F12: 130 | G12: 3.8 | H12: 2.4 | I12: 0.65 | J12: 1.7 | K12: 7 | L12: 4.8 | M12: 4.8 | N12: 5.7 | O12: 3.7 | P12: 0.4 | Q12: 2.3 | R12: ='5'!Z15 -> 2092 | S12: ='5'!AB15 -> 135.45001 | T12: ='5'!Y15 -> 2853 | U12: =IF('5'!AA15=1,'5'!AR6,'5'!AR7) -> S.A.L | V12: =ESCALA!$B$7 -> 0 | X12: 0.29166667 | Y12: 2721 | Z12: 2092 | AA12: 1 | AB12: =IF('5'!AA12=1,(('5'!Z12*'5'!$AS$6*'5'!$AT$6)/('5'!Y12*0.0036)),IF('5'!AA12=2,(('5'!Z12*'5'!$AS$7*'5'!$AT$7)/('5'!Y12*0.0036)))) -> 142.02091 | AD12: =(('5'!AC12*'5'!$Q$10*1000000))/('5'!Y12*3600) -> 0 | AE12: 3000 | AF12: =('5'!AE12/24)*0.454 -> 56.75 | AG12: 500 | AH12: =('5'!AG12/24)*0.454 -> 9.4583333 | AI12: 3400 | AJ12: =('5'!AI12/24)*0.454 -> 64.316667 | AL12: =('5'!AK12/24)*0.454 -> 0 | AN12: =('5'!AM12/24)*0.454 -> 0 | AP12: =('5'!AO12/24)*0.454 -> 0
A13: 0.5 | B13: 550 | C13: 10 | D13: 30 | E13: 5 | F13: 128 | G13: 3.8 | H13: 1 | I13: 0.67 | J13: 1.6 | K13: 7 | L13: 4.8 | M13: 4.8 | N13: 5.7 | O13: 3.8 | P13: 0.3 | Q13: 2.3 | R13: ='5'!Z17 -> 2092 | S13: ='5'!AB17 -> 133.94762 | T13: ='5'!Y17 -> 2885 | U13: =IF('5'!AA17=1,'5'!AR6,'5'!AR7) -> S.A.L | X13: 0.33333333 | Y13: 2752 | Z13: 2092 | AA13: 1 | AB13: =IF('5'!AA13=1,(('5'!Z13*'5'!$AS$6*'5'!$AT$6)/('5'!Y13*0.0036)),IF('5'!AA13=2,(('5'!Z13*'5'!$AS$7*'5'!$AT$7)/('5'!Y13*0.0036)))) -> 140.42111 | AD13: =(('5'!AC13*'5'!$Q$10*1000000))/('5'!Y13*3600) -> 0 | AE13: 3000 | AF13: =('5'!AE13/24)*0.454 -> 56.75 | AG13: 500 | AH13: =('5'!AG13/24)*0.454 -> 9.4583333 | AI13: 3400 | AJ13: =('5'!AI13/24)*0.454 -> 64.316667 | AL13: =('5'!AK13/24)*0.454 -> 0 | AN13: =('5'!AM13/24)*0.454 -> 0 | AP13: =('5'!AO13/24)*0.454 -> 0
A14: 0.58333333 | B14: 550 | C14: 10 | D14: 10 | E14: 2.5 | F14: 126 | G14: 3.9 | H14: 4.5 | I14: 0.68 | J14: 1.5 | K14: 7 | L14: 4.8 | M14: 4.8 | N14: 5.7 | O14: 3.8 | P14: 0.2 | Q14: 2.3 | R14: ='5'!Z19 -> 2092 | S14: ='5'!AB19 -> 135.11849 | T14: ='5'!Y19 -> 2860 | U14: =IF('5'!AA19=1,'5'!AR6,'5'!AR7) -> S.A.L | X14: 0.375 | Y14: 2854 | Z14: 2092 | AA14: 1 | AB14: =IF('5'!AA14=1,(('5'!Z14*'5'!$AS$6*'5'!$AT$6)/('5'!Y14*0.0036)),IF('5'!AA14=2,(('5'!Z14*'5'!$AS$7*'5'!$AT$7)/('5'!Y14*0.0036)))) -> 135.40255 | AD14: =(('5'!AC14*'5'!$Q$10*1000000))/('5'!Y14*3600) -> 0 | AE14: 3000 | AF14: =('5'!AE14/24)*0.454 -> 56.75 | AG14: 500 | AH14: =('5'!AG14/24)*0.454 -> 9.4583333 | AI14: 3400 | AJ14: =('5'!AI14/24)*0.454 -> 64.316667 | AL14: =('5'!AK14/24)*0.454 -> 0 | AN14: =('5'!AM14/24)*0.454 -> 0 | AP14: =('5'!AO14/24)*0.454 -> 0
A15: 0.66666667 | B15: 550 | C15: 10 | D15: 10 | E15: 2.5 | F15: 129 | G15: 4.2 | H15: 4.6 | I15: 0.87 | J15: 1.8 | K15: 7 | L15: 4.8 | M15: 4.8 | N15: 5.7 | O15: 3.7 | P15: 1.2 | Q15: 1.8 | R15: ='5'!Z21 -> 2092 | S15: ='5'!AB21 -> 134.69463 | T15: ='5'!Y21 -> 2869 | U15: =IF('5'!AA21=1,'5'!AR6,'5'!AR7) -> S.A.L | X15: 0.41666667 | Y15: 2853 | Z15: 2092 | AA15: 1 | AB15: =IF('5'!AA15=1,(('5'!Z15*'5'!$AS$6*'5'!$AT$6)/('5'!Y15*0.0036)),IF('5'!AA15=2,(('5'!Z15*'5'!$AS$7*'5'!$AT$7)/('5'!Y15*0.0036)))) -> 135.45001 | AD15: =(('5'!AC15*'5'!$Q$10*1000000))/('5'!Y15*3600) -> 0 | AE15: 3000 | AF15: =('5'!AE15/24)*0.454 -> 56.75 | AG15: 500 | AH15: =('5'!AG15/24)*0.454 -> 9.4583333 | AI15: 3400 | AJ15: =('5'!AI15/24)*0.454 -> 64.316667 | AL15: =('5'!AK15/24)*0.454 -> 0 | AN15: =('5'!AM15/24)*0.454 -> 0 | AP15: =('5'!AO15/24)*0.454 -> 0
A16: 0.75 | B16: 550 | C16: 7.5 | D16: 7.5 | E16: 2.5 | F16: 127 | G16: 3.2 | H16: 4.2 | I16: 0.85 | J16: 1.8 | K16: 7 | L16: 4.8 | M16: 4.8 | N16: 5.7 | O16: 3.7 | P16: 1.1 | Q16: 1.8 | R16: ='5'!Z23 -> 1752 | S16: ='5'!AB23 -> 111.44399 | T16: ='5'!Y23 -> 2904 | U16: =IF('5'!AA23=1,'5'!AR6,'5'!AR7) -> S.A.L | X16: 0.45833333 | Y16: 2869 | Z16: 2092 | AA16: 1 | AB16: =IF('5'!AA16=1,(('5'!Z16*'5'!$AS$6*'5'!$AT$6)/('5'!Y16*0.0036)),IF('5'!AA16=2,(('5'!Z16*'5'!$AS$7*'5'!$AT$7)/('5'!Y16*0.0036)))) -> 134.69463 | AD16: =(('5'!AC16*'5'!$Q$10*1000000))/('5'!Y16*3600) -> 0 | AE16: 3000 | AF16: =('5'!AE16/24)*0.454 -> 56.75 | AG16: 500 | AH16: =('5'!AG16/24)*0.454 -> 9.4583333 | AI16: 3400 | AJ16: =('5'!AI16/24)*0.454 -> 64.316667 | AL16: =('5'!AK16/24)*0.454 -> 0 | AN16: =('5'!AM16/24)*0.454 -> 0 | AP16: =('5'!AO16/24)*0.454 -> 0
A17: 0.83333333 | B17: 550 | C17: 5 | D17: 7.5 | E17: 2.5 | F17: 124 | G17: 2.8 | H17: 3.8 | I17: 0.84 | J17: 1.7 | K17: 7 | L17: 4.8 | M17: 4.8 | N17: 5.7 | O17: 3.7 | P17: 0.9 | Q17: 1.7 | R17: ='5'!Z25 -> 1752 | S17: ='5'!AB25 -> 110.30448 | T17: ='5'!Y25 -> 2934 | U17: =IF('5'!AA25=1,'5'!AR6,'5'!AR7) -> S.A.L | V17: =ESCALA!$C$7 -> 0 | X17: 0.5 | Y17: 2885 | Z17: 2092 | AA17: 1 | AB17: =IF('5'!AA17=1,(('5'!Z17*'5'!$AS$6*'5'!$AT$6)/('5'!Y17*0.0036)),IF('5'!AA17=2,(('5'!Z17*'5'!$AS$7*'5'!$AT$7)/('5'!Y17*0.0036)))) -> 133.94762 | AD17: =(('5'!AC17*'5'!$Q$10*1000000))/('5'!Y17*3600) -> 0 | AE17: 3000 | AF17: =('5'!AE17/24)*0.454 -> 56.75 | AG17: 500 | AH17: =('5'!AG17/24)*0.454 -> 9.4583333 | AI17: 3400 | AJ17: =('5'!AI17/24)*0.454 -> 64.316667 | AL17: =('5'!AK17/24)*0.454 -> 0 | AN17: =('5'!AM17/24)*0.454 -> 0 | AP17: =('5'!AO17/24)*0.454 -> 0
A18: 0.91666667 | B18: 550 | C18: 5 | D18: 7.5 | E18: 2.5 | F18: 125 | G18: 2.9 | H18: 3.5 | I18: 0.84 | J18: 1.7 | K18: 7 | L18: 4.8 | M18: 4.8 | N18: 5.7 | O18: 3.7 | P18: 0.8 | Q18: 1.7 | R18: ='5'!Z27 -> 1752 | S18: ='5'!AB27 -> 114.8043 | T18: ='5'!Y27 -> 2819 | U18: =IF('5'!AA27=1,'5'!AR6,'5'!AR7) -> S.A.L | X18: 0.54166667 | Y18: 2875 | Z18: 2092 | AA18: 1 | AB18: =IF('5'!AA18=1,(('5'!Z18*'5'!$AS$6*'5'!$AT$6)/('5'!Y18*0.0036)),IF('5'!AA18=2,(('5'!Z18*'5'!$AS$7*'5'!$AT$7)/('5'!Y18*0.0036)))) -> 134.41353 | AD18: =(('5'!AC18*'5'!$Q$10*1000000))/('5'!Y18*3600) -> 0 | AE18: 3000 | AF18: =('5'!AE18/24)*0.454 -> 56.75 | AG18: 500 | AH18: =('5'!AG18/24)*0.454 -> 9.4583333 | AI18: 3400 | AJ18: =('5'!AI18/24)*0.454 -> 64.316667 | AL18: =('5'!AK18/24)*0.454 -> 0 | AN18: =('5'!AM18/24)*0.454 -> 0 | AP18: =('5'!AO18/24)*0.454 -> 0
A19: Média | B19: {=IF('5'!B7:B18>0.01,AVERAGE('5'!B7:B18),"")} -> 583.33333 | C19: {=IF('5'!C7:C18>0.01,AVERAGE('5'!C7:C18),"")} -> 8.9583333 | D19: {=IF('5'!D7:D18>0.01,AVERAGE('5'!D7:D18),"")} -> 20.833333 | E19: {=IF('5'!E7:E18>0.01,AVERAGE('5'!E7:E18),"")} -> 3.125 | F19: {=IF('5'!F7:F18>0.01,AVERAGE('5'!F7:F18),"")} -> 127.41667 | G19: {=IF('5'!G7:G18>0.01,AVERAGE('5'!G7:G18),"")} -> 3.325 | H19: {=IF('5'!H7:H18>0.01,AVERAGE('5'!H7:H18),"")} -> 3.7916667 | I19: {=IF('5'!I7:I18>0.01,AVERAGE('5'!I7:I18),"")} -> 0.72666667 | ... S19: {=IF('5'!S7:S18>0.01,AVERAGE('5'!S7:S18),"")} -> 129.58313 | X19: 0.58333333 | Y19: 2860 | Z19: 2092 | AA19: 1 | AB19: =IF('5'!AA19=1,(('5'!Z19*'5'!$AS$6*'5'!$AT$6)/('5'!Y19*0.0036)),IF('5'!AA19=2,(('5'!Z19*'5'!$AS$7*'5'!$AT$7)/('5'!Y19*0.0036)))) -> 135.11849 | AD19: =(('5'!AC19*'5'!$Q$10*1000000))/('5'!Y19*3600) -> 0 | AE19: 3000 | AF19: =('5'!AE19/24)*0.454 -> 56.75 | AG19: 500 | AH19: =('5'!AG19/24)*0.454 -> 9.4583333 | AI19: 3000 | AJ19: =('5'!AI19/24)*0.454 -> 56.75 | AL19: =('5'!AK19/24)*0.454 -> 0 | AN19: =('5'!AM19/24)*0.454 -> 0 | AP19: =('5'!AO19/24)*0.454 -> 0
A20: Máximo | B20: =MAX('5'!B7:B18) -> 650 | C20: =MAX('5'!C7:C18) -> 10 | D20: =MAX('5'!D7:D18) -> 60 | E20: =MAX('5'!E7:E18) -> 5 | F20: =MAX('5'!F7:F18) -> 130 | G20: =MAX('5'!G7:G18) -> 4.2 | H20: =MAX('5'!H7:H18) -> 6.8 | I20: =MAX('5'!I7:I18) -> 0.87 | ... S20: =MAX('5'!S7:S18) -> 140.42111 | X20: 0.625 | Y20: 2882 | Z20: 2092 | AA20: 1 | AB20: =IF('5'!AA20=1,(('5'!Z20*'5'!$AS$6*'5'!$AT$6)/('5'!Y20*0.0036)),IF('5'!AA20=2,(('5'!Z20*'5'!$AS$7*'5'!$AT$7)/('5'!Y20*0.0036)))) -> 134.08705 | AD20: =(('5'!AC20*'5'!$Q$10*1000000))/('5'!Y20*3600) -> 0 | AE20: 3000 | AF20: =('5'!AE20/24)*0.454 -> 56.75 | AG20: 500 | AH20: =('5'!AG20/24)*0.454 -> 9.4583333 | AI20: 3000 | AJ20: =('5'!AI20/24)*0.454 -> 56.75 | AL20: =('5'!AK20/24)*0.454 -> 0 | AN20: =('5'!AM20/24)*0.454 -> 0 | AP20: =('5'!AO20/24)*0.454 -> 0
A21: Mínimo | B21: =MIN('5'!B7:B18) -> 550 | C21: =MIN('5'!C7:C18) -> 5 | D21: =MIN('5'!D7:D18) -> 7.5 | E21: =MIN('5'!E7:E18) -> 2.5 | F21: =MIN('5'!F7:F18) -> 124 | G21: =MIN('5'!G7:G18) -> 2.7 | H21: =MIN('5'!H7:H18) -> 1 | I21: =MIN('5'!I7:I18) -> 0.64 | ... S21: =MIN('5'!S7:S18) -> 110.30448 | X21: 0.66666667 | Y21: 2869 | Z21: 2092 | AA21: 1 | AB21: =IF('5'!AA21=1,(('5'!Z21*'5'!$AS$6*'5'!$AT$6)/('5'!Y21*0.0036)),IF('5'!AA21=2,(('5'!Z21*'5'!$AS$7*'5'!$AT$7)/('5'!Y21*0.0036)))) -> 134.69463 | AD21: =(('5'!AC21*'5'!$Q$10*1000000))/('5'!Y21*3600) -> 0 | AE21: 3000 | AF21: =('5'!AE21/24)*0.454 -> 56.75 | AG21: 500 | AH21: =('5'!AG21/24)*0.454 -> 9.4583333 | AI21: 3000 | AJ21: =('5'!AI21/24)*0.454 -> 56.75 | AL21: =('5'!AK21/24)*0.454 -> 0 | AN21: =('5'!AM21/24)*0.454 -> 0 | AP21: =('5'!AO21/24)*0.454 -> 0
R22: Total | X22: 0.70833333 | Y22: 2884 | Z22: 1752 | AA22: 1 | AB22: =IF('5'!AA22=1,(('5'!Z22*'5'!$AS$6*'5'!$AT$6)/('5'!Y22*0.0036)),IF('5'!AA22=2,(('5'!Z22*'5'!$AS$7*'5'!$AT$7)/('5'!Y22*0.0036)))) -> 112.21683 | AD22: =(('5'!AC22*'5'!$Q$10*1000000))/('5'!Y22*3600) -> 0 | AE22: 3000 | AF22: =('5'!AE22/24)*0.454 -> 56.75 | AG22: 500 | AH22: =('5'!AG22/24)*0.454 -> 9.4583333 | AI22: 3000 | AJ22: =('5'!AI22/24)*0.454 -> 56.75 | AL22: =('5'!AK22/24)*0.454 -> 0 | AN22: =('5'!AM22/24)*0.454 -> 0 | AP22: =('5'!AO22/24)*0.454 -> 0
A23: TURBIDEZ DOS FILTROS DA 1ª E 2ª ETAPAS | R23: 440 | S23: Litros | X23: 0.75 | Y23: 2904 | Z23: 1752 | AA23: 1 | AB23: =IF('5'!AA23=1,(('5'!Z23*'5'!$AS$6*'5'!$AT$6)/('5'!Y23*0.0036)),IF('5'!AA23=2,(('5'!Z23*'5'!$AS$7*'5'!$AT$7)/('5'!Y23*0.0036)))) -> 111.44399 | AD23: =(('5'!AC23*'5'!$Q$10*1000000))/('5'!Y23*3600) -> 0 | AE23: 3000 | AF23: =('5'!AE23/24)*0.454 -> 56.75 | AG23: 500 | AH23: =('5'!AG23/24)*0.454 -> 9.4583333 | AI23: 3000 | AJ23: =('5'!AI23/24)*0.454 -> 56.75 | AL23: =('5'!AK23/24)*0.454 -> 0 | AN23: =('5'!AM23/24)*0.454 -> 0 | AP23: =('5'!AO23/24)*0.454 -> 0
A24: HORA | B24: 1 | C24: 2 | D24: 3 | E24: 4 | F24: 5 | G24: 6 | H24: 7 | I24: 8 | J24: 9 | K24: 10 | L24: 11 | M24: 12 | N24: 13 | O24: 14 | P24: 15 | Q24: 16 | R24: 0 | S24: Kilos | X24: 0.79166667 | Y24: 2900 | Z24: 1752 | AA24: 1 | AB24: =IF('5'!AA24=1,(('5'!Z24*'5'!$AS$6*'5'!$AT$6)/('5'!Y24*0.0036)),IF('5'!AA24=2,(('5'!Z24*'5'!$AS$7*'5'!$AT$7)/('5'!Y24*0.0036)))) -> 111.5977 | AD24: =(('5'!AC24*'5'!$Q$10*1000000))/('5'!Y24*3600) -> 0 | AE24: 3000 | AF24: =('5'!AE24/24)*0.454 -> 56.75 | AG24: 500 | AH24: =('5'!AG24/24)*0.454 -> 9.4583333 | AI24: 3000 | AJ24: =('5'!AI24/24)*0.454 -> 56.75 | AL24: =('5'!AK24/24)*0.454 -> 0 | AN24: =('5'!AM24/24)*0.454 -> 0 | AP24: =('5'!AO24/24)*0.454 -> 0
A25: 0.41666667 | C25: 0.8 | D25: 0.96 | E25: 1.7 | F25: 0.69 | H25: 1.863 | I25: 1.04 | K25: 1.18 | L25: 12.5 | M25: 10.4 | N25: 11.5 | O25: 5.26 | R25: =#DIV/0! -> #DIV/0! | T25: DATA | U25: =ESCALA!$A$7 -> 44321 | X25: 0.83333333 | Y25: 2934 | Z25: 1752 | AA25: 1 | AB25: =IF('5'!AA25=1,(('5'!Z25*'5'!$AS$6*'5'!$AT$6)/('5'!Y25*0.0036)),IF('5'!AA25=2,(('5'!Z25*'5'!$AS$7*'5'!$AT$7)/('5'!Y25*0.0036)))) -> 110.30448 | AD25: =(('5'!AC25*'5'!$Q$10*1000000))/('5'!Y25*3600) -> 0 | AE25: 3000 | AF25: =('5'!AE25/24)*0.454 -> 56.75 | AG25: 500 | AH25: =('5'!AG25/24)*0.454 -> 9.4583333 | AI25: 3000 | AJ25: =('5'!AI25/24)*0.454 -> 56.75 | AL25: =('5'!AK25/24)*0.454 -> 0 | AN25: =('5'!AM25/24)*0.454 -> 0 | AP25: =('5'!AO25/24)*0.454 -> 0
A26: 0.66666667 | R26: =#DIV/0! -> #DIV/0! | X26: 0.875 | Y26: 2871 | Z26: 1752 | AA26: 1 | AB26: =IF('5'!AA26=1,(('5'!Z26*'5'!$AS$6*'5'!$AT$6)/('5'!Y26*0.0036)),IF('5'!AA26=2,(('5'!Z26*'5'!$AS$7*'5'!$AT$7)/('5'!Y26*0.0036)))) -> 112.72495 | AD26: =(('5'!AC26*'5'!$Q$10*1000000))/('5'!Y26*3600) -> 0 | AE26: 3000 | AF26: =('5'!AE26/24)*0.454 -> 56.75 | AG26: 500 | AH26: =('5'!AG26/24)*0.454 -> 9.4583333 | AI26: 3000 | AJ26: =('5'!AI26/24)*0.454 -> 56.75 | AL26: =('5'!AK26/24)*0.454 -> 0 | AN26: =('5'!AM26/24)*0.454 -> 0 | AP26: =('5'!AO26/24)*0.454 -> 0
A27: Média | B27: =#DIV/0! -> #DIV/0! | C27: =#DIV/0! -> #DIV/0! | D27: =#DIV/0! -> #DIV/0! | E27: =#DIV/0! -> #DIV/0! | F27: =#DIV/0! -> #DIV/0! | G27: =#DIV/0! -> #DIV/0! | H27: =#DIV/0! -> #DIV/0! | I27: =#DIV/0! -> #DIV/0! | ... Q27: =#DIV/0! -> #DIV/0! | X27: 0.91666667 | Y27: 2819 | Z27: 1752 | AA27: 1 | AB27: =IF('5'!AA27=1,(('5'!Z27*'5'!$AS$6*'5'!$AT$6)/('5'!Y27*0.0036)),IF('5'!AA27=2,(('5'!Z27*'5'!$AS$7*'5'!$AT$7)/('5'!Y27*0.0036)))) -> 114.8043 | AD27: =(('5'!AC27*'5'!$Q$10*1000000))/('5'!Y27*3600) -> 0 | AE27: 3000 | AF27: =('5'!AE27/24)*0.454 -> 56.75 | AG27: 500 | AH27: =('5'!AG27/24)*0.454 -> 9.4583333 | AI27: 3000 | AJ27: =('5'!AI27/24)*0.454 -> 56.75 | AL27: =('5'!AK27/24)*0.454 -> 0 | AN27: =('5'!AM27/24)*0.454 -> 0 | AP27: =('5'!AO27/24)*0.454 -> 0
A28: OBSERVAÇÕES | X28: 0.95833333 | Y28: 2840 | Z28: 1752 | AA28: 1 | AB28: =IF('5'!AA28=1,(('5'!Z28*'5'!$AS$6*'5'!$AT$6)/('5'!Y28*0.0036)),IF('5'!AA28=2,(('5'!Z28*'5'!$AS$7*'5'!$AT$7)/('5'!Y28*0.0036)))) -> 113.9554 | AD28: =(('5'!AC28*'5'!$Q$10*1000000))/('5'!Y28*3600) -> 0 | AE28: 3000 | AF28: =('5'!AE28/24)*0.454 -> 56.75 | AG28: 500 | AH28: =('5'!AG28/24)*0.454 -> 9.4583333 | AI28: 3000 | AJ28: =('5'!AI28/24)*0.454 -> 56.75 | AL28: =('5'!AK28/24)*0.454 -> 0 | AN28: =('5'!AM28/24)*0.454 -> 0 | AP28: =('5'!AO28/24)*0.454 -> 0
X29: 1 | Y29: 2866 | Z29: 1752 | AA29: 1 | AB29: =IF('5'!AA29=1,(('5'!Z29*'5'!$AS$6*'5'!$AT$6)/('5'!Y29*0.0036)),IF('5'!AA29=2,(('5'!Z29*'5'!$AS$7*'5'!$AT$7)/('5'!Y29*0.0036)))) -> 112.92161 | AD29: =(('5'!AC29*'5'!$Q$10*1000000))/('5'!Y29*3600) -> 0 | AE29: 3000 | AF29: =('5'!AE29/24)*0.454 -> 56.75 | AG29: 500 | AH29: =('5'!AG29/24)*0.454 -> 9.4583333 | AI29: 3000 | AJ29: =('5'!AI29/24)*0.454 -> 56.75 | AL29: =('5'!AK29/24)*0.454 -> 0 | AN29: =('5'!AM29/24)*0.454 -> 0 | AP29: =('5'!AO29/24)*0.454 -> 0
X30: Total | Y30: =SUM('5'!Y6:Y29)*3.6 -> 246333.6 | Z30: =SUM('5'!Z6:Z29) -> 47488 | AF30: =SUM('5'!AF6:AF29) -> 1362 | AH30: =SUM('5'!AH6:AH29) -> 227 | AJ30: =SUM('5'!AJ6:AJ29) -> 1460.3667 | AL30: =SUM('5'!AL6:AL29) -> 0 | AN30: =SUM('5'!AN6:AN29) -> 0 | AP30: =SUM('5'!AP6:AP29) -> 0
X32: S.A.L (l) - (kg) | Z32: =SUMIF('5'!AA6:AA29,"=1",'5'!Z6:Z29) -> 47488 | AA32: ='5'!Z32*'5'!AS6 -> 63159.04 | AB32: =SUMIF('5'!$AA$6:$AA$29,"=1",'5'!$AB$6:$AB$29)/COUNTIF('5'!$AA$6:$AA$29,"=1") -> 128.29921 | AC32: =SUMIF('5'!AA6:AA29,"=1",'5'!AC6:AC29) -> 0
X33: PAC 18 (l) - (kg) | Z33: =SUMIF('5'!AA6:AA29,"=2",'5'!Z6:Z29) -> 0 | AA33: ='5'!Z33*'5'!AS7 -> 0 | AB33: =SUMIF('5'!$AA$6:$AA$29,"=2",'5'!$AB$6:$AB$29)/COUNTIF('5'!$AA$6:$AA$29,"=2") -> #DIV/0! | AC33: =SUMIF('5'!AA6:AA29,"=2",'5'!AC6:AC29) -> 0
X34: Média | Y34: =AVERAGE('5'!Y6:Y29) -> 2851.0833 | Z34: =AVERAGE('5'!Z6:Z29) -> 1978.6667 | AC34: =SUM('5'!AC6:AC29)/COUNTIF('5'!AC6:AC29,"<>0") -> 0 | AD34: =SUM('5'!AD6:AD29)/COUNTIF('5'!AD6:AD29,"<>0") -> #DIV/0! | AF34: =AVERAGE('5'!AF6:AF29) -> 56.75 | AH34: =AVERAGE('5'!AH6:AH29) -> 9.4583333 | AJ34: ='5'!AJ30/24 -> 60.848611 | AL34: =AVERAGE('5'!AL6:AL29) -> 0 | AN34: =AVERAGE('5'!AN6:AN29) -> 0 | AP34: =AVERAGE('5'!AP6:AP29) -> 0
C35: Alcalinidade (mg/L) | F35: Ferro (mg/L) | I35: Manganês (mg/L) | L35: Alumínio (mg/L) | U35: TÉCNICO | X35: Decantadores | AA35: Filtros | AJ35: CLORAÇÃO INTERMEDIÁRIA | AO35: PÓS CLORAÇÃO
B36: HORA | C36: Bruta | D36: Dec. | E36: Trat (R-3) | F36: Bruta | G36: Filt. | H36: Trat (R-3) | I36: Bruta | J36: Filt. | K36: Trat (R-3) | L36: Trat (R-3) | X36: Lavados | Y36: 0 | AA36: Lavados | AB36: 5
B37: 0.33333333 | C37: 49.8 | D37: 4 | E37: 4 | F37: 3.6 | G37: 0.3 | H37: 0.3 | I37: 0.3 | J37: 0.1 | K37: 0.1 | U37: ='5'!V12 -> 0 | X37: HORAS OPERANDO | Z37: =COUNTA('5'!Z6:Z29) -> 24 | AJ37: CARRETA | AL37: CILINDROS | AO37: CARRETA | AQ37: CILINDROS
B38: 0.66666667 | AJ38: CONSUMO | AK38: =SUM('5'!AF30+'5'!AH30)*1.0561 -> 1678.1429 | AL38: CONSUMO | AM38: =SUM('5'!AL30+'5'!AN30)*1.0561 -> 0 | AO38: CONSUMO | AP38: ='5'!AJ30 -> 1460.3667 | AQ38: CONSUMO | AR38: ='5'!AP30*1.0561 -> 0
A39: Nº amostras de água TRATADA | C39: Nº amostras de água FILTRADA | E39: Nº amostras de água tratada/filtrada FORA DO PADRÃO | J39: Nº amostras de água tratada/filtrada no PADRÃO | O39: Nº de amostras com turbidez menor ou igual a 0,5 NTU | R39: ÁGUA FILTRADA | S39: Nº de amostras com turbidez menor ou igual a 1,0 NTU | AJ39: DOSAGEM | AK39: =('5'!AK38/'5'!Y30)*1000 -> 6.8124807 | AL39: DOSAGEM | AM39: =('5'!AM38/'5'!Y30)*1000 -> 0 | AO39: DOSAGEM | AP39: =('5'!AP38/'5'!Y30)*1000 -> 5.9284104 | AQ39: DOSAGEM | AR39: =('5'!AR38/'5'!Y30)*1000 -> 0
A40: COR | B40: TURBIDEZ | C40: TURBIDEZ | E40: COR | G40: TURBIDEZ | J40: COR | L40: TURBIDEZ | X40: ESTOQUE DE COAGULANTE | AJ40: Consumo Total | AL40: =SUM('5'!AK38,'5'!AM38) -> 1678.1429 | AO40: Consumo Total | AQ40: =SUM('5'!AP38,'5'!AR38) -> 1460.3667
A41: =COUNTA('5'!E7:E18) -> 12 | B41: =COUNTA('5'!I7:I18) -> 12 | C41: =COUNTA('5'!J7:J18) -> 12 | D41: =COUNTA('5'!K7:K18) -> 12 | E41: =COUNTIF('5'!E7:E18,">15") -> 0 | G41: =COUNTIF('5'!J7:J18,">1") -> 12 | J41: ='5'!A41-'5'!E41 -> 12 | L41: ='5'!C41-'5'!G41 -> 0 | O41: =COUNTIF('5'!J7:J18,"<=0,5") -> 0 | S41: =COUNTIF('5'!J7:J18,"<=1,0") -> 0 | AJ41: Dosagem Final | AL41: =SUM(('5'!AK38+'5'!AM38)/'5'!Y30)*1000 -> 6.8124807 | AO41: Dosagem Final | AQ41: =SUM(('5'!AP38+'5'!AR38)/'5'!Y30)*1000 -> 5.9284104
O42: ÁGUA FILTRATADA | X42: SULFATO DE ALUMÍNIO
H43: Nº de amostras água tratada com turbidez <= 5,0 NTU | L43: Nº de amostras água tratada para aluminio | Q43: Nº de amostras com turbidez entre 0,5 e 1,0 NTU | X43: TINA 01 | Z43: TINA 02 | AB43: TINA 03 | AD43: TANQUE
X44: ALTURA | Y44: 155 | Z44: ALTURA | AB44: ALTURA | AC44: 4 | AF44: Volume total (L) | AG44: =SUM('5'!Y45,'5'!AA45,'5'!AC45,'5'!AE45) -> 98782.3 | AI44: CONSUMO DE SULFATO DE ALUMÍNIO ÀS 24:00hs
H45: =COUNTIF('5'!I7:I18,"<=5,0") -> 12 | L45: =COUNTA('5'!L37) -> 0 | Q45: ='5'!S41-'5'!O41 -> 0 | X45: VOLUME | Y45: ='5'!Y44*275.3 -> 42671.5 | Z45: VOLUME | AA45: =262.4*'5'!AA44 -> 0 | AB45: VOLUME | AC45: ='5'!AC44*277.7 -> 1110.8 | AD45: VOLUME | AE45: 55000 | AI45: TINA 01 | AK45: TINA 02 | AM45: TINA 03
X46: Densidade | Y46: ='5'!AS6 -> 1.33 | Z46: Densidade | AA46: ='5'!Y46 -> 1.33 | AB46: Densidade | AC46: ='5'!Y46 -> 1.33 | AD46: Densidade | AE46: ='5'!Y46 -> 1.33 | AF46: Peso Total (Kg) | AG46: =SUM('5'!Y47,'5'!AA47,'5'!AC47,'5'!AE47) -> 131380.46 | AI46: ALTURA | AK46: ALTURA | AM46: ALTURA
O47: ÁGUA TRATADA - CLORO RESIDUAL | X47: Peso(Kg) | Y47: ='5'!Y45*'5'!Y46 -> 56753.095 | Z47: Peso(Kg) | AA47: ='5'!AA45*'5'!AA46 -> 0 | AB47: Peso(Kg) | AC47: ='5'!AC45*'5'!AC46 -> 1477.364 | AD47: Peso(Kg) | AE47: ='5'!AE45*'5'!AE46 -> 73150 | AI47: VOLUME | AJ47: ='5'!AJ46*275.3 -> 0 | AK47: VOLUME | AL47: =262.4*'5'!AL46 -> 0 | AM47: VOLUME | AN47: ='5'!AN46*277.7 -> 0
AI48: Densidade | AJ48: ='5'!Y46 -> 1.33 | AK48: Densidade | AL48: ='5'!AJ48 -> 1.33 | AM48: Densidade | AN48: ='5'!AJ48 -> 1.33
O49: Nº de amostras de água tratada para cloro residual | R49: Nº de amostras de água tratada dentro dos padrões de cloro residual | AI49: Peso(Kg) | AJ49: ='5'!AJ47*'5'!AJ48 -> 0 | AK49: Peso(Kg) | AL49: ='5'!AL47*'5'!AL48 -> 0 | AM49: Peso(Kg) | AN49: ='5'!AN47*'5'!AN48 -> 0
X50: PAC - 18
O51: =COUNTA('5'!O7:O18) -> 12 | P51: =COUNTA('5'!W17:W28) -> 0 | R51: =COUNTIF('5'!O7:O18,">=0,5") -> 12 | X51: TINA 01 | Z51: TINA 02 | AB51: TINA 03 | AD51: TANQUE | AI51: CONSUMO DE PAC ÀS 24:00hs
X52: ALTURA | Z52: ALTURA | AB52: ALTURA | AF52: Volume total (L) | AG52: =SUM('5'!Y53,'5'!AA53,'5'!AC53,'5'!AE53) -> 0 | AI52: TINA 01 | AK52: TINA 02 | AM52: TINA 03
O53: ÁGUA TRATADA - PH | X53: VOLUME | Y53: ='5'!Y52*275.3 -> 0 | Z53: VOLUME | AA53: =262.4*'5'!AA52 -> 0 | AB53: VOLUME | AC53: ='5'!AC52*277.7 -> 0 | AD53: VOLUME | AE53: 0 | AI53: ALTURA | AK53: ALTURA | AM53: ALTURA
X54: Densidade | Y54: ='5'!AS7 -> 1.262 | Z54: Densidade | AA54: ='5'!Y54 -> 1.262 | AB54: Densidade | AC54: ='5'!Y54 -> 1.262 | AD54: Densidade | AE54: ='5'!Y54 -> 1.262 | AF54: Peso Total (Kg) | AG54: =SUM('5'!Y55,'5'!AA55,'5'!AC55,'5'!AE55) -> 0 | AI54: VOLUME | AJ54: ='5'!AJ53*275.3 -> 0 | AK54: VOLUME | AL54: =262.4*'5'!AL53 -> 0 | AM54: VOLUME | AN54: ='5'!AN53*277.7 -> 0
O55: Nº de amostras de água tratada para PH | R55: Nº de amostras de água tratada dentro dos padrões de PH | X55: Peso(Kg) | Y55: ='5'!Y53*'5'!Y54 -> 0 | Z55: Peso(Kg) | AA55: ='5'!AA53*'5'!AA54 -> 0 | AB55: Peso(Kg) | AC55: ='5'!AC53*'5'!AC54 -> 0 | AD55: Peso(Kg) | AE55: ='5'!AE53*'5'!AE54 -> 0 | AI55: Densidade | AJ55: ='5'!Y54 -> 1.262 | AK55: Densidade | AL55: ='5'!AJ55 -> 1.262 | AM55: Densidade | AN55: ='5'!AJ55 -> 1.262
AI56: Peso(Kg) | AJ56: ='5'!AJ54*'5'!AJ55 -> 0 | AK56: Peso(Kg) | AL56: ='5'!AL54*'5'!AL55 -> 0 | AM56: Peso(Kg) | AN56: ='5'!AN54*'5'!AN55 -> 0
O57: =COUNTA('5'!N7:N18) -> 12 | R57: =COUNTIF('5'!N7:N18,">=6") -> 0
X58: ESTOQUE DE CLORO
AI59: CONTROLE DIÁRIO DO CONSUMO DE COAGULANTE
X60: Carretas com Cloro | AB60: Cilindros com Cloro | AI60: CLORETO DE POLIALUMÍNIO | AN60: SULFATO DE ALUMÍNIO
AI61: CONSUMO REAL | AL61: ='5'!AJ56+'5'!AL56+'5'!AN56 -> 0 | AN61: CONSUMO REAL | AQ61: ='5'!AJ49+'5'!AL49+'5'!AN49 -> 0
X62: Recebido | AB62: Recebido | AI62: CONSUMO TEÓRICO | AL62: =AA33 -> 0 | AN62: CONSUMO TEÓRICO | AQ62: ='5'!AA32 -> 63159.04
X63: Peso(kg) | AB63: Peso(kg) | AI63: DIFERENÇA | AL63: ='5'!AL61-'5'!AL62 -> 0 | AN63: DIFERENÇA | AQ63: ='5'!AQ61-'5'!AQ62 -> -63159.04
X65: Saldo anterior (kg) | Y65: ='4'!$Y$68 -> #REF! | AB65: Saldo anterior (kg) | AC65: ='4'!$AC$68 -> 0
X66: Consumido | AB66: Consumido
X67: Peso(kg) | Y67: =SUM('5'!AK38,'5'!AP38) -> 3138.5096 | AB67: Peso(kg) | AC67: =SUM('5'!AM38,'5'!AR38) -> 0
X68: Saldo(kg) | Y68: =SUM('5'!Y63,'5'!Y65)-'5'!Y67 -> #REF! | AB68: Saldo(kg) | AC68: =SUM('5'!AC63,'5'!AC65)-'5'!AC67 -> 0

Sheet 6
D2: CONTROLE DE ANÁLISE FÍSICO - QUÍMICAS \ ETA CASTELO BRANCO | AB2: CONTROLE DE PRODUTOS QUÍMICOS APLICADOS \ ETA CASTELO BRANCO
A4: HORA | B4: COR (Uc) | F4: TURBIDEZ (Ut) | K4: Ph | O4: CLORO RESIDUAL (mg/L) | R4: DOSAGEM DO COAGULANTE | T4: VAZÃO DA ETA | U4: TIPO DE COAGULANTE | V4: TÉCNICO | X4: Hora | Y4: Vazão ETA (l/s) | Z4: Vazão Coagulante (l/h) | AA4: Código | AB4: Dosagem (mg/l) | AC4: Vazão Polímero (l/h) | AD4: Dosagem (mg/l) | AE4: Pré 1 (Lib/dia) | AF4: Pré 1 (Kg/h) | AG4: Pré 2 (Lib/dia) | AH4: Pré 2 (Kg/h) | AI4: Pós (Lib/dia) | AJ4: Pós (Kg/h) | AK4: Pré 1 (Lib/dia) cilindros | AL4: Pré 1 (Kg/h) cilindros | AM4: Pré 2 (Lib/dia) cilindros | AN4: Pré 2 (Kg/h) cilindros | AO4: Pós (Lib/dia) cilindros | AP4: Pós (Kg/h) cilindros | AQ4: COAGULANTE | AU4: Tempo de Utilização (h)
AQ5: Codigo | AR5: Nome | AS5: d (g/ml) | AT5: C (%)
B6: Bruta | C6: DEC_1 | D6: DEC_2 | E6: TRAT | F6: Bruta | G6: DEC_1 | H6: DEC_2 | I6: TRAT | J6: FILT | K6: Bruta | L6: DEC_1 | M6: DEC_2 | N6: TRAT | O6: TRAT | P6: DEC_1 | Q6: DEC_2 | R6: L/h | S6: mg/l | T6: L/s | X6: 0.041666667 | Y6: 2803 | Z6: 1752 | AA6: 1 | AB6: =IF('6'!AA11=1,(('6'!Z11*'6'!$AS$6*'6'!$AT$6)/('6'!Y11*0.0036)),IF('6'!AA11=2,(('6'!Z11*'6'!$AS$7*'6'!$AT$7)/('6'!Y11*0.0036)))) -> 114.64163 | AD6: =(('6'!AC6*'6'!$Q$10*1000000))/('6'!Y6*3600) -> 0 | AE6: 3000 | AF6: =('6'!AE6/24)*0.454 -> 56.75 | AG6: 500 | AH6: =('6'!AG6/24)*0.454 -> 9.4583333 | AI6: 3000 | AJ6: =('6'!AI6/24)*0.454 -> 56.75 | AL6: =('6'!AK6/24)*0.454 -> 0 | AN6: =('6'!AM6/24)*0.454 -> 0 | AP6: =('6'!AO6/24)*0.454 -> 0 | AQ6: 1 | AR6: S.A.L | AS6: 1.33 | AT6: 0.5 | AU6: 0
A7: 0 | B7: 550 | C7: 5 | D7: 7.5 | E7: 2.5 | F7: 124 | G7: 3 | H7: 3.5 | I7: 0.82 | J7: 1.7 | K7: 7 | L7: 4.8 | M7: 4.8 | N7: 5.7 | O7: 3.7 | P7: 1 | Q7: 1.7 | R7: ='5'!$Z$29 -> 1752 | S7: ='5'!$AB$29 -> 112.92161 | T7: ='5'!$Y$29 -> 2866 | U7: =IF('6'!AA6=1,'6'!AR6,'6'!AR7) -> S.A.L | V7: =ESCALA!$B$7 -> 0 | X7: 0.083333333 | Y7: 2877 | Z7: 1752 | AA7: 1 | AB7: =IF('6'!AA12=1,(('6'!Z12*'6'!$AS$6*'6'!$AT$6)/('6'!Y12*0.0036)),IF('6'!AA12=2,(('6'!Z12*'6'!$AS$7*'6'!$AT$7)/('6'!Y12*0.0036)))) -> 116.49868 | AD7: =(('6'!AC7*'6'!$Q$10*1000000))/('6'!Y7*3600) -> 0 | AE7: 3000 | AF7: =('6'!AE7/24)*0.454 -> 56.75 | AG7: 500 | AH7: =('6'!AG7/24)*0.454 -> 9.4583333 | AI7: 3000 | AJ7: =('6'!AI7/24)*0.454 -> 56.75 | AL7: =('6'!AK7/24)*0.454 -> 0 | AN7: =('6'!AM7/24)*0.454 -> 0 | AP7: =('6'!AO7/24)*0.454 -> 0 | AQ7: 2 | AR7: PAC 18 | AS7: 1.262 | AT7: 1 | AU7: 24
A8: 0.083333333 | B8: 550 | C8: 5 | D8: 7.5 | E8: 2.5 | F8: 127 | G8: 3 | H8: 3.5 | I8: 0.8 | J8: 1.7 | K8: 7 | L8: 4.8 | M8: 4.8 | N8: 5.7 | O8: 3.7 | P8: 1.2 | Q8: 1.7 | R8: ='6'!Z7 -> 1752 | S8: ='6'!AB7 -> 116.49868 | T8: ='6'!Y7 -> 2877 | U8: =IF('6'!AA7=1,'6'!AR6,'6'!AR7) -> S.A.L | X8: 0.125 | Y8: 2839 | Z8: 1752 | AA8: 1 | AB8: =IF('6'!AA13=1,(('6'!Z13*'6'!$AS$6*'6'!$AT$6)/('6'!Y13*0.0036)),IF('6'!AA13=2,(('6'!Z13*'6'!$AS$7*'6'!$AT$7)/('6'!Y13*0.0036)))) -> 114.96744 | AD8: =(('6'!AC8*'6'!$Q$10*1000000))/('6'!Y8*3600) -> 0 | AE8: 3000 | AF8: =('6'!AE8/24)*0.454 -> 56.75 | AG8: 500 | AH8: =('6'!AG8/24)*0.454 -> 9.4583333 | AI8: 3000 | AJ8: =('6'!AI8/24)*0.454 -> 56.75 | AL8: =('6'!AK8/24)*0.454 -> 0 | AN8: =('6'!AM8/24)*0.454 -> 0 | AP8: =('6'!AO8/24)*0.454 -> 0 | AQ8: Polímero Catiônico
A9: 0.16666667 | B9: 550 | C9: 7.5 | D9: 7.5 | E9: 2.5 | F9: 130 | G9: 3.1 | H9: 3.4 | I9: 0.77 | J9: 1.7 | K9: 7 | L9: 4.8 | M9: 4.8 | N9: 5.7 | O9: 3.7 | P9: 1.5 | Q9: 1.6 | R9: ='6'!Z9 -> 1752 | S9: ='6'!AB9 -> 114.11613 | T9: ='6'!Y9 -> 2806 | U9: =IF('6'!AA9=1,'6'!AR6,'6'!AR7) -> S.A.L | X9: 0.16666667 | Y9: 2806 | Z9: 1752 | AA9: 1 | AB9: =IF('6'!AA14=1,(('6'!Z14*'6'!$AS$6*'6'!$AT$6)/('6'!Y14*0.0036)),IF('6'!AA14=2,(('6'!Z14*'6'!$AS$7*'6'!$AT$7)/('6'!Y14*0.0036)))) -> 114.11613 | AD9: =(('6'!AC9*'6'!$Q$10*1000000))/('6'!Y9*3600) -> 0 | AE9: 3000 | AF9: =('6'!AE9/24)*0.454 -> 56.75 | AG9: 500 | AH9: =('6'!AG9/24)*0.454 -> 9.4583333 | AI9: 3000 | AJ9: =('6'!AI9/24)*0.454 -> 56.75 | AL9: =('6'!AK9/24)*0.454 -> 0 | AN9: =('6'!AM9/24)*0.454 -> 0 | AP9: =('6'!AO9/24)*0.454 -> 0 | AQ9: Nome | AT9: C (%)
A10: 0.25 | B10: 550 | C10: 7.5 | D10: 7.5 | E10: 2.5 | F10: 133 | G10: 3.2 | H10: 3.4 | I10: 0.73 | J10: 1.7 | K10: 7 | L10: 4.8 | M10: 4.8 | N10: 5.7 | O10: 3.7 | P10: 1.6 | Q10: 1.6 | R10: ='6'!Z11 -> 1752 | S10: ='6'!AB11 -> 114.64163 | T10: ='6'!Y11 -> 2823 | U10: =IF('6'!AA11=1,'6'!AR6,'6'!AR7) -> S.A.L | X10: 0.20833333 | Y10: 2821 | Z10: 1752 | AA10: 1 | AB10: =IF('6'!AA15=1,(('6'!Z15*'6'!$AS$6*'6'!$AT$6)/('6'!Y15*0.0036)),IF('6'!AA15=2,(('6'!Z15*'6'!$AS$7*'6'!$AT$7)/('6'!Y15*0.0036)))) -> 114.92661 | AD10: =(('6'!AC10*'6'!$Q$10*1000000))/('6'!Y10*3600) -> 0 | AE10: 3000 | AF10: =('6'!AE10/24)*0.454 -> 56.75 | AG10: 500 | AH10: =('6'!AG10/24)*0.454 -> 9.4583333 | AI10: 3000 | AJ10: =('6'!AI10/24)*0.454 -> 56.75 | AL10: =('6'!AK10/24)*0.454 -> 0 | AN10: =('6'!AM10/24)*0.454 -> 0 | AP10: =('6'!AO10/24)*0.454 -> 0 | AQ10: Aguapol 200 | AT10: 0.002
A11: 0.33333333 | B11: 550 | C11: 10 | D11: 7.5 | E11: 2.5 | F11: 131 | G11: 3.8 | H11: 2.8 | I11: 0.81 | J11: 1.88 | K11: 7 | L11: 4.8 | M11: 4.8 | N11: 5 | O11: 3.6 | P11: 0.3 | Q11: 0.5 | R11: ='6'!Z13 -> 1752 | S11: ='6'!AB13 -> 114.96744 | T11: ='6'!Y13 -> 2815 | U11: =IF('6'!AA13=1,'6'!AR6,'6'!AR7) -> S.A.L | X11: 0.25 | Y11: 2823 | Z11: 1752 | AA11: 1 | AB11: =IF('6'!AA11=1,(('6'!Z11*'6'!$AS$6*'6'!$AT$6)/('6'!Y11*0.0036)),IF('6'!AA11=2,(('6'!Z11*'6'!$AS$7*'6'!$AT$7)/('6'!Y11*0.0036)))) -> 114.64163 | AD11: =(('6'!AC11*'6'!$Q$10*1000000))/('6'!Y11*3600) -> 0 | AE11: 3000 | AF11: =('6'!AE11/24)*0.454 -> 56.75 | AG11: 500 | AH11: =('6'!AG11/24)*0.454 -> 9.4583333 | AI11: 3000 | AJ11: =('6'!AI11/24)*0.454 -> 56.75 | AL11: =('6'!AK11/24)*0.454 -> 0 | AN11: =('6'!AM11/24)*0.454 -> 0 | AP11: =('6'!AO11/24)*0.454 -> 0
A12: 0.41666667 | B12: 550 | C12: 7.5 | D12: 7.5 | E12: 2.5 | F12: 136 | G12: 3.3 | H12: 2.7 | I12: 0.82 | J12: 1.61 | K12: 7 | L12: 4.8 | M12: 4.8 | N12: 4.5 | O12: 3.6 | P12: 0.6 | Q12: 0.7 | R12: ='6'!Z15 -> 1752 | S12: ='6'!AB15 -> 114.92661 | T12: ='6'!Y15 -> 2816 | U12: =IF('6'!AA15=1,'6'!AR6,'6'!AR7) -> S.A.L | V12: =ESCALA!$B$8 -> 0 | X12: 0.29166667 | Y12: 2778 | Z12: 1752 | AA12: 1 | AB12: =IF('6'!AA12=1,(('6'!Z12*'6'!$AS$6*'6'!$AT$6)/('6'!Y12*0.0036)),IF('6'!AA12=2,(('6'!Z12*'6'!$AS$7*'6'!$AT$7)/('6'!Y12*0.0036)))) -> 116.49868 | AD12: =(('6'!AC15*'6'!$Q$10*1000000))/('6'!Y12*3600) -> 0 | AE12: 3000 | AF12: =('6'!AE12/24)*0.454 -> 56.75 | AG12: 500 | AH12: =('6'!AG12/24)*0.454 -> 9.4583333 | AI12: 3000 | AJ12: =('6'!AI12/24)*0.454 -> 56.75 | AL12: =('6'!AK12/24)*0.454 -> 0 | AN12: =('6'!AM12/24)*0.454 -> 0 | AP12: =('6'!AO12/24)*0.454 -> 0
A13: 0.5 | B13: 550 | C13: 10 | D13: 7.5 | E13: 2.5 | F13: 130 | G13: 3.6 | H13: 2.8 | I13: 0.81 | J13: 1.56 | K13: 7 | L13: 4.8 | M13: 4.8 | N13: 4.5 | O13: 3.6 | P13: 0.6 | Q13: 1 | R13: ='6'!Z17 -> 1752 | S13: ='6'!AB17 -> 113.59541 | T13: ='6'!Y17 -> 2849 | U13: =IF('6'!AA17=1,'6'!AR6,'6'!AR7) -> S.A.L | X13: 0.33333333 | Y13: 2815 | Z13: 1752 | AA13: 1 | AB13: =IF('6'!AA13=1,(('6'!Z13*'6'!$AS$6*'6'!$AT$6)/('6'!Y13*0.0036)),IF('6'!AA13=2,(('6'!Z13*'6'!$AS$7*'6'!$AT$7)/('6'!Y13*0.0036)))) -> 114.96744 | AD13: =(('6'!AC16*'6'!$Q$10*1000000))/('6'!Y13*3600) -> 0 | AE13: 3000 | AF13: =('6'!AE13/24)*0.454 -> 56.75 | AG13: 500 | AH13: =('6'!AG13/24)*0.454 -> 9.4583333 | AI13: 3000 | AJ13: =('6'!AI13/24)*0.454 -> 56.75 | AL13: =('6'!AK13/24)*0.454 -> 0 | AN13: =('6'!AM13/24)*0.454 -> 0 | AP13: =('6'!AO13/24)*0.454 -> 0
A14: 0.58333333 | B14: 550 | C14: 10 | D14: 7.5 | E14: 2.5 | F14: 127 | G14: 3.7 | H14: 2.6 | I14: 0.76 | J14: 1.67 | K14: 7 | L14: 4.8 | M14: 4.8 | N14: 4.5 | O14: 3.6 | P14: 0.5 | Q14: 0.8 | R14: ='6'!Z19 -> 1832 | S14: ='6'!AB19 -> 117.95438 | T14: ='6'!Y19 -> 2869 | U14: =IF('6'!AA19=1,'6'!AR6,'6'!AR7) -> S.A.L | X14: 0.375 | Y14: 2836 | Z14: 1752 | AA14: 1 | AB14: =IF('6'!AA14=1,(('6'!Z14*'6'!$AS$6*'6'!$AT$6)/('6'!Y14*0.0036)),IF('6'!AA14=2,(('6'!Z14*'6'!$AS$7*'6'!$AT$7)/('6'!Y14*0.0036)))) -> 114.11613 | AD14: =(('6'!AC14*'6'!$Q$10*1000000))/('6'!Y14*3600) -> 0 | AE14: 3000 | AF14: =('6'!AE14/24)*0.454 -> 56.75 | AG14: 500 | AH14: =('6'!AG14/24)*0.454 -> 9.4583333 | AI14: 3000 | AJ14: =('6'!AI14/24)*0.454 -> 56.75 | AL14: =('6'!AK14/24)*0.454 -> 0 | AN14: =('6'!AM14/24)*0.454 -> 0 | AP14: =('6'!AO14/24)*0.454 -> 0
A15: 0.66666667 | B15: 550 | C15: 10 | D15: 7.5 | E15: 2.5 | F15: 127 | G15: 3.8 | H15: 2.5 | I15: 0.81 | J15: 1.71 | K15: 7 | L15: 4.8 | M15: 4.8 | N15: 4.5 | O15: 3.6 | P15: 0.5 | Q15: 0.6 | R15: ='6'!Z21 -> 1832 | S15: ='6'!AB21 -> 120.51678 | T15: ='6'!Y21 -> 2808 | U15: =IF('6'!AA21=1,'6'!AR6,'6'!AR7) -> S.A.L | X15: 0.41666667 | Y15: 2816 | Z15: 1752 | AA15: 1 | AB15: =IF('6'!AA15=1,(('6'!Z15*'6'!$AS$6*'6'!$AT$6)/('6'!Y15*0.0036)),IF('6'!AA15=2,(('6'!Z15*'6'!$AS$7*'6'!$AT$7)/('6'!Y15*0.0036)))) -> 114.92661 | AD15: =(('6'!AC15*'6'!$Q$10*1000000))/('6'!Y15*3600) -> 0 | AE15: 3000 | AF15: =('6'!AE15/24)*0.454 -> 56.75 | AG15: 500 | AH15: =('6'!AG15/24)*0.454 -> 9.4583333 | AI15: 3000 | AJ15: =('6'!AI15/24)*0.454 -> 56.75 | AL15: =('6'!AK15/24)*0.454 -> 0 | AN15: =('6'!AM15/24)*0.454 -> 0 | AP15: =('6'!AO15/24)*0.454 -> 0
A16: 0.75 | B16: 550 | C16: 10 | D16: 7.5 | E16: 2.5 | F16: 126 | G16: 3.7 | H16: 2.7 | I16: 0.8 | J16: 1.82 | K16: 7 | L16: 4.8 | M16: 4.8 | N16: 4.5 | O16: 3.6 | P16: 0.6 | Q16: 0.8 | R16: ='6'!Z23 -> 1832 | S16: ='6'!AB23 -> 120.13174 | T16: ='6'!Y23 -> 2817 | U16: =IF('6'!AA23=1,'6'!AR6,'6'!AR7) -> S.A.L | X16: 0.45833333 | Y16: 2231 | Z16: 1752 | AA16: 1 | AB16: =IF('6'!AA16=1,(('6'!Z16*'6'!$AS$6*'6'!$AT$6)/('6'!Y16*0.0036)),IF('6'!AA16=2,(('6'!Z16*'6'!$AS$7*'6'!$AT$7)/('6'!Y16*0.0036)))) -> 145.06201 | AD16: =(('6'!AC16*'6'!$Q$10*1000000))/('6'!Y16*3600) -> 0 | AE16: 3000 | AF16: =('6'!AE16/24)*0.454 -> 56.75 | AG16: 500 | AH16: =('6'!AG16/24)*0.454 -> 9.4583333 | AI16: 3000 | AJ16: =('6'!AI16/24)*0.454 -> 56.75 | AL16: =('6'!AK16/24)*0.454 -> 0 | AN16: =('6'!AM16/24)*0.454 -> 0 | AP16: =('6'!AO16/24)*0.454 -> 0
A17: 0.83333333 | B17: 550 | C17: 10 | D17: 7.5 | E17: 2.5 | F17: 126 | G17: 3.7 | H17: 2.9 | I17: 0.81 | J17: 1.8 | K17: 7 | L17: 5 | M17: 5 | N17: 4.5 | O17: 3.6 | P17: 0.8 | Q17: 1 | R17: ='6'!Z25 -> 1752 | S17: ='6'!AB25 -> 112.21683 | T17: ='6'!Y25 -> 2884 | U17: =IF('6'!AA24=1,'6'!AR6,'6'!AR7) -> S.A.L | V17: =ESCALA!$C$8 -> 0 | X17: 0.5 | Y17: 2849 | Z17: 1752 | AA17: 1 | AB17: =IF('6'!AA17=1,(('6'!Z17*'6'!$AS$6*'6'!$AT$6)/('6'!Y17*0.0036)),IF('6'!AA17=2,(('6'!Z17*'6'!$AS$7*'6'!$AT$7)/('6'!Y17*0.0036)))) -> 113.59541 | AD17: =(('6'!AC17*'6'!$Q$10*1000000))/('6'!Y17*3600) -> 0 | AE17: 3000 | AF17: =('6'!AE17/24)*0.454 -> 56.75 | AG17: 500 | AH17: =('6'!AG17/24)*0.454 -> 9.4583333 | AI17: 3000 | AJ17: =('6'!AI17/24)*0.454 -> 56.75 | AL17: =('6'!AK17/24)*0.454 -> 0 | AN17: =('6'!AM17/24)*0.454 -> 0 | AP17: =('6'!AO17/24)*0.454 -> 0
A18: 0.91666667 | B18: 550 | C18: 10 | D18: 7.5 | E18: 2.5 | F18: 128 | G18: 3.5 | H18: 3 | I18: 0.78 | J18: 1.73 | K18: 7 | L18: 5 | M18: 5 | N18: 4.5 | O18: 3.6 | P18: 1 | Q18: 1.2 | R18: ='6'!Z27 -> 1752 | S18: ='6'!AB27 -> 115.54207 | T18: ='6'!Y27 -> 2801 | U18: =IF('6'!AA27=1,'6'!AR6,'6'!AR7) -> S.A.L | X18: 0.54166667 | Y18: 2847 | Z18: 1752 | AA18: 1 | AB18: =IF('6'!AA18=1,(('6'!Z18*'6'!$AS$6*'6'!$AT$6)/('6'!Y18*0.0036)),IF('6'!AA18=2,(('6'!Z18*'6'!$AS$7*'6'!$AT$7)/('6'!Y18*0.0036)))) -> 113.67521 | AD18: =(('6'!AC18*'6'!$Q$10*1000000))/('6'!Y17*3600) -> 0 | AE18: 3000 | AF18: =('6'!AE18/24)*0.454 -> 56.75 | AG18: 500 | AH18: =('6'!AG18/24)*0.454 -> 9.4583333 | AI18: 3000 | AJ18: =('6'!AI18/24)*0.454 -> 56.75 | AL18: =('6'!AK18/24)*0.454 -> 0 | AN18: =('6'!AM18/24)*0.454 -> 0 | AP18: =('6'!AO18/24)*0.454 -> 0
A19: Média | B19: {=IF('6'!B7:B18>0.01,AVERAGE('6'!B7:B18),"")} -> 550 | C19: {=IF('6'!C7:C18>0.01,AVERAGE('6'!C7:C18),"")} -> 8.5416667 | D19: {=IF('6'!D7:D18>0.01,AVERAGE('6'!D7:D18),"")} -> 7.5 | E19: {=IF('6'!E7:E18>0.01,AVERAGE('6'!E7:E18),"")} -> 2.5 | F19: {=IF('6'!F7:F18>0.01,AVERAGE('6'!F7:F18),"")} -> 128.75 | G19: {=IF('6'!G7:G18>0.01,AVERAGE('6'!G7:G18),"")} -> 3.45 | H19: {=IF('6'!H7:H18>0.01,AVERAGE('6'!H7:H18),"")} -> 2.9833333 | I19: {=IF('6'!I7:I18>0.01,AVERAGE('6'!I7:I18),"")} -> 0.79333333 | ... S19: {=IF('6'!S7:S18>0.01,AVERAGE('6'!S7:S18),"")} -> 115.66911 | X19: 0.58333333 | Y19: 2869 | Z19: 1832 | AA19: 1 | AB19: =IF('6'!AA19=1,(('6'!Z19*'6'!$AS$6*'6'!$AT$6)/('6'!Y19*0.0036)),IF('6'!AA19=2,(('6'!Z19*'6'!$AS$7*'6'!$AT$7)/('6'!Y19*0.0036)))) -> 117.95438 | AD19: =(('6'!AC19*'6'!$Q$10*1000000))/('6'!Y19*3600) -> 0 | AE19: 3000 | AF19: =('6'!AE19/24)*0.454 -> 56.75 | AG19: 500 | AH19: =('6'!AG19/24)*0.454 -> 9.4583333 | AI19: 3000 | AJ19: =('6'!AI19/24)*0.454 -> 56.75 | AL19: =('6'!AK19/24)*0.454 -> 0 | AN19: =('6'!AM19/24)*0.454 -> 0 | AP19: =('6'!AO19/24)*0.454 -> 0
A20: Máximo | B20: =MAX('6'!B7:B18) -> 550 | C20: =MAX('6'!C7:C18) -> 10 | D20: =MAX('6'!D7:D18) -> 7.5 | E20: =MAX('6'!E7:E18) -> 2.5 | F20: =MAX('6'!F7:F18) -> 136 | G20: =MAX('6'!G7:G18) -> 3.8 | H20: =MAX('6'!H7:H18) -> 3.5 | I20: =MAX('6'!I7:I18) -> 0.82 | ... S20: =MAX('6'!S7:S18) -> 120.51678 | X20: 0.625 | Y20: 2834 | Z20: 1832 | AA20: 1 | AB20: =IF('6'!AA20=1,(('6'!Z20*'6'!$AS$6*'6'!$AT$6)/('6'!Y20*0.0036)),IF('6'!AA20=2,(('6'!Z20*'6'!$AS$7*'6'!$AT$7)/('6'!Y20*0.0036)))) -> 119.41112 | AD20: =(('6'!AC20*'6'!$Q$10*1000000))/('6'!Y20*3600) -> 0 | AE20: 3000 | AF20: =('6'!AE20/24)*0.454 -> 56.75 | AG20: 500 | AH20: =('6'!AG20/24)*0.454 -> 9.4583333 | AI20: 3000 | AJ20: =('6'!AI20/24)*0.454 -> 56.75 | AL20: =('6'!AK20/24)*0.454 -> 0 | AN20: =('6'!AM20/24)*0.454 -> 0 | AP20: =('6'!AO20/24)*0.454 -> 0
A21: Mínimo | B21: =MIN('6'!B7:B18) -> 550 | C21: =MIN('6'!C7:C18) -> 5 | D21: =MIN('6'!D7:D18) -> 7.5 | E21: =MIN('6'!E7:E18) -> 2.5 | F21: =MIN('6'!F7:F18) -> 124 | G21: =MIN('6'!G7:G18) -> 3 | H21: =MIN('6'!H7:H18) -> 2.5 | I21: =MIN('6'!I7:I18) -> 0.73 | ... S21: =MIN('6'!S7:S18) -> 112.21683 | X21: 0.66666667 | Y21: 2808 | Z21: 1832 | AA21: 1 | AB21: =IF('6'!AA21=1,(('6'!Z21*'6'!$AS$6*'6'!$AT$6)/('6'!Y21*0.0036)),IF('6'!AA21=2,(('6'!Z21*'6'!$AS$7*'6'!$AT$7)/('6'!Y21*0.0036)))) -> 120.51678 | AD21: =(('6'!AC21*'6'!$Q$10*1000000))/('6'!Y21*3600) -> 0 | AE21: 3000 | AF21: =('6'!AE21/24)*0.454 -> 56.75 | AG21: 500 | AH21: =('6'!AG21/24)*0.454 -> 9.4583333 | AI21: 3000 | AJ21: =('6'!AI21/24)*0.454 -> 56.75 | AL21: =('6'!AK21/24)*0.454 -> 0 | AN21: =('6'!AM21/24)*0.454 -> 0 | AP21: =('6'!AO21/24)*0.454 -> 0
R22: Total | X22: 0.70833333 | Y22: 2838 | Z22: 1832 | AA22: 1 | AB22: =IF('6'!AA22=1,(('6'!Z22*'6'!$AS$6*'6'!$AT$6)/('6'!Y22*0.0036)),IF('6'!AA22=2,(('6'!Z22*'6'!$AS$7*'6'!$AT$7)/('6'!Y22*0.0036)))) -> 119.24282 | AD22: =(('6'!AC22*'6'!$Q$10*1000000))/('6'!Y22*3600) -> 0 | AE22: 3000 | AF22: =('6'!AE22/24)*0.454 -> 56.75 | AG22: 500 | AH22: =('6'!AG22/24)*0.454 -> 9.4583333 | AI22: 3000 | AJ22: =('6'!AI22/24)*0.454 -> 56.75 | AL22: =('6'!AK22/24)*0.454 -> 0 | AN22: =('6'!AM22/24)*0.454 -> 0 | AP22: =('6'!AO22/24)*0.454 -> 0
A23: TURBIDEZ DOS FILTROS DA 1ª E 2ª ETAPAS | R23: 440 | S23: Litros | X23: 0.75 | Y23: 2817 | Z23: 1832 | AA23: 1 | AB23: =IF('6'!AA23=1,(('6'!Z23*'6'!$AS$6*'6'!$AT$6)/('6'!Y23*0.0036)),IF('6'!AA23=2,(('6'!Z23*'6'!$AS$7*'6'!$AT$7)/('6'!Y23*0.0036)))) -> 120.13174 | AD23: =(('6'!AC23*'6'!$Q$10*1000000))/('6'!Y23*3600) -> 0 | AE23: 3000 | AF23: =('6'!AE23/24)*0.454 -> 56.75 | AG23: 500 | AH23: =('6'!AG23/24)*0.454 -> 9.4583333 | AI23: 3000 | AJ23: =('6'!AI23/24)*0.454 -> 56.75 | AL23: =('6'!AK23/24)*0.454 -> 0 | AN23: =('6'!AM23/24)*0.454 -> 0 | AP23: =('6'!AO23/24)*0.454 -> 0
A24: HORA | B24: 1 | C24: 2 | D24: 3 | E24: 4 | F24: 5 | G24: 6 | H24: 7 | I24: 8 | J24: 9 | K24: 10 | L24: 11 | M24: 12 | N24: 13 | O24: 14 | P24: 15 | Q24: 16 | R24: 0 | S24: Kilos | X24: 0.79166667 | Y24: 2770 | Z24: 1832 | AA24: 1 | AB24: =IF('6'!AA24=1,(('6'!Z24*'6'!$AS$6*'6'!$AT$6)/('6'!Y24*0.0036)),IF('6'!AA24=2,(('6'!Z24*'6'!$AS$7*'6'!$AT$7)/('6'!Y24*0.0036)))) -> 122.17008 | AD24: =(('6'!AC24*'6'!$Q$10*1000000))/('6'!Y24*3600) -> 0 | AE24: 3000 | AF24: =('6'!AE24/24)*0.454 -> 56.75 | AG24: 500 | AH24: =('6'!AG24/24)*0.454 -> 9.4583333 | AI24: 3000 | AJ24: =('6'!AI24/24)*0.454 -> 56.75 | AL24: =('6'!AK24/24)*0.454 -> 0 | AN24: =('6'!AM24/24)*0.454 -> 0 | AP24: =('6'!AO24/24)*0.454 -> 0
A25: 0.41666667 | B25: 2.155 | C25: 1.76 | D25: 1.28 | E25: 1.59 | F25: 1.78 | G25: 186 | H25: 1.85 | I25: 1.73 | J25: 0.69 | K25: 1.96 | L25: 1.88 | M25: 2.01 | N25: 1.94 | O25: 1.56 | P25: 1.49 | Q25: 1.36 | R25: =#DIV/0! -> #DIV/0! | T25: DATA | U25: =ESCALA!$A$8 -> 44322 | X25: 0.83333333 | Y25: 2884 | Z25: 1752 | AA25: 1 | AB25: =IF('6'!AA25=1,(('6'!Z25*'6'!$AS$6*'6'!$AT$6)/('6'!Y25*0.0036)),IF('6'!AA25=2,(('6'!Z25*'6'!$AS$7*'6'!$AT$7)/('6'!Y25*0.0036)))) -> 112.21683 | AD25: =(('6'!AC25*'6'!$Q$10*1000000))/('6'!Y25*3600) -> 0 | AE25: 3000 | AF25: =('6'!AE25/24)*0.454 -> 56.75 | AG25: 500 | AH25: =('6'!AG25/24)*0.454 -> 9.4583333 | AI25: 3000 | AJ25: =('6'!AI25/24)*0.454 -> 56.75 | AL25: =('6'!AK25/24)*0.454 -> 0 | AN25: =('6'!AM25/24)*0.454 -> 0 | AP25: =('6'!AO25/24)*0.454 -> 0
A26: 0.66666667 | R26: =#DIV/0! -> #DIV/0! | X26: 0.875 | Y26: 2817 | Z26: 1752 | AA26: 1 | AB26: =IF('6'!AA26=1,(('6'!Z26*'6'!$AS$6*'6'!$AT$6)/('6'!Y26*0.0036)),IF('6'!AA26=2,(('6'!Z26*'6'!$AS$7*'6'!$AT$7)/('6'!Y26*0.0036)))) -> 114.88581 | AD26: =(('6'!AC26*'6'!$Q$10*1000000))/('6'!Y26*3600) -> 0 | AE26: 3000 | AF26: =('6'!AE26/24)*0.454 -> 56.75 | AG26: 500 | AH26: =('6'!AG26/24)*0.454 -> 9.4583333 | AI26: 3000 | AJ26: =('6'!AI26/24)*0.454 -> 56.75 | AL26: =('6'!AK26/24)*0.454 -> 0 | AN26: =('6'!AM26/24)*0.454 -> 0 | AP26: =('6'!AO26/24)*0.454 -> 0
A27: Média | C27: =#DIV/0! -> #DIV/0! | D27: =#DIV/0! -> #DIV/0! | E27: =#DIV/0! -> #DIV/0! | F27: =#DIV/0! -> #DIV/0! | G27: =#DIV/0! -> #DIV/0! | H27: =#DIV/0! -> #DIV/0! | I27: =#DIV/0! -> #DIV/0! | J27: =#DIV/0! -> #DIV/0! | ... Q27: =#DIV/0! -> #DIV/0! | X27: 0.91666667 | Y27: 2801 | Z27: 1752 | AA27: 1 | AB27: =IF('6'!AA27=1,(('6'!Z27*'6'!$AS$6*'6'!$AT$6)/('6'!Y27*0.0036)),IF('6'!AA27=2,(('6'!Z27*'6'!$AS$7*'6'!$AT$7)/('6'!Y27*0.0036)))) -> 115.54207 | AD27: =(('6'!AC27*'6'!$Q$10*1000000))/('6'!Y27*3600) -> 0 | AE27: 3000 | AF27: =('6'!AE27/24)*0.454 -> 56.75 | AG27: 500 | AH27: =('6'!AG27/24)*0.454 -> 9.4583333 | AI27: 3000 | AJ27: =('6'!AI27/24)*0.454 -> 56.75 | AL27: =('6'!AK27/24)*0.454 -> 0 | AN27: =('6'!AM27/24)*0.454 -> 0 | AP27: =('6'!AO27/24)*0.454 -> 0
A28: OBSERVAÇÕES | X28: 0.95833333 | Y28: 2785 | Z28: 1752 | AA28: 1 | AB28: =IF('6'!AA28=1,(('6'!Z28*'6'!$AS$6*'6'!$AT$6)/('6'!Y28*0.0036)),IF('6'!AA28=2,(('6'!Z28*'6'!$AS$7*'6'!$AT$7)/('6'!Y28*0.0036)))) -> 116.20586 | AD28: =(('6'!AC28*'6'!$Q$10*1000000))/('6'!Y28*3600) -> 0 | AE28: 3000 | AF28: =('6'!AE28/24)*0.454 -> 56.75 | AG28: 500 | AH28: =('6'!AG28/24)*0.454 -> 9.4583333 | AI28: 3000 | AJ28: =('6'!AI28/24)*0.454 -> 56.75 | AL28: =('6'!AK28/24)*0.454 -> 0 | AN28: =('6'!AM28/24)*0.454 -> 0 | AP28: =('6'!AO28/24)*0.454 -> 0
X29: 1 | Y29: 2822 | Z29: 1752 | AA29: 1 | AB29: =IF('6'!AA29=1,(('6'!Z29*'6'!$AS$6*'6'!$AT$6)/('6'!Y29*0.0036)),IF('6'!AA29=2,(('6'!Z29*'6'!$AS$7*'6'!$AT$7)/('6'!Y29*0.0036)))) -> 114.68226 | AD29: =(('6'!AC29*'6'!$Q$10*1000000))/('6'!Y29*3600) -> 0 | AE29: 3000 | AF29: =('6'!AE29/24)*0.454 -> 56.75 | AG29: 500 | AH29: =('6'!AG29/24)*0.454 -> 9.4583333 | AI29: 3000 | AJ29: =('6'!AI29/24)*0.454 -> 56.75 | AL29: =('6'!AK29/24)*0.454 -> 0 | AN29: =('6'!AM29/24)*0.454 -> 0 | AP29: =('6'!AO29/24)*0.454 -> 0
X30: Total | Y30: =SUM('6'!Y6:Y29)*3.6 -> 241869.6 | Z30: =SUM('6'!Z6:Z29) -> 42528 | AF30: =SUM('6'!AF6:AF29) -> 1362 | AH30: =SUM('6'!AH6:AH29) -> 227 | AJ30: =SUM('6'!AJ6:AJ29) -> 1362 | AL30: =SUM('6'!AL6:AL29) -> 0 | AN30: =SUM('6'!AN6:AN29) -> 0 | AP30: =SUM('6'!AP6:AP29) -> 0
X32: S.A.L (l) - (kg) | Z32: =SUMIF('6'!AA6:AA29,"=1",'6'!Z6:Z29) -> 42528 | AA32: ='6'!Z32*'6'!AS6 -> 56562.24 | AB32: =SUMIF('6'!$AA$6:$AA$29,"=1",'6'!$AB$6:$AB$29)/COUNTIF('6'!$AA$6:$AA$29,"=1") -> 117.31639 | AC32: =SUMIF('6'!AA6:AA29,"=1",'6'!AC6:AC29) -> 0
X33: PAC 18 (l) - (kg) | Z33: =SUMIF('6'!AA6:AA29,"=2",'6'!Z6:Z29) -> 0 | AA33: ='6'!Z33*'6'!AS7 -> 0 | AB33: =SUMIF('6'!$AA$6:$AA$29,"=2",'6'!$AB$6:$AB$29)/COUNTIF('6'!$AA$6:$AA$29,"=2") -> #DIV/0! | AC33: =SUMIF('6'!AA6:AA29,"=2",'6'!AC6:AC29) -> 0
X34: Média | Y34: =AVERAGE('6'!Y6:Y29) -> 2799.4167 | Z34: =AVERAGE('6'!Z6:Z29) -> 1772 | AC34: =SUM('6'!AC6:AC29)/COUNTIF('6'!AC6:AC29,"<>0") -> 0 | AD34: =SUM('6'!AD6:AD29)/COUNTIF('6'!AD6:AD29,"<>0") -> #DIV/0! | AF34: =AVERAGE('6'!AF6:AF29) -> 56.75 | AH34: =AVERAGE('6'!AH6:AH29) -> 9.4583333 | AJ34: ='6'!AJ30/24 -> 56.75 | AL34: =AVERAGE('6'!AL6:AL29) -> 0 | AN34: =AVERAGE('6'!AN6:AN29) -> 0 | AP34: =AVERAGE('6'!AP6:AP29) -> 0
C35: Alcalinidade (mg/L) | F35: Ferro (mg/L) | I35: Manganês (mg/L) | L35: Alumínio (mg/L) | U35: TÉCNICO | X35: Decantadores | AA35: Filtros | AJ35: CLORAÇÃO INTERMEDIÁRIA | AO35: PÓS CLORAÇÃO
B36: HORA | C36: Bruta | D36: Dec. | E36: Trat (R-3) | F36: Bruta | G36: Filt. | H36: Trat (R-3) | I36: Bruta | J36: Filt. | K36: Trat (R-3) | L36: Trat (R-3) | X36: Lavados | Y36: 0 | AA36: Lavados | AB36: 4
B37: 0.33333333 | C37: 49.8 | D37: 4 | E37: 2 | F37: 3.2 | G37: 0.2 | H37: 0 | I37: 0.2 | J37: 0.1 | K37: 0.1 | L37: * | U37: ='6'!V12 -> 0 | X37: HORAS OPERANDO | Z37: =COUNTA('6'!Z6:Z29) -> 24 | AJ37: CARRETA | AL37: CILINDROS | AO37: CARRETA | AQ37: CILINDROS
B38: 0.66666667 | AJ38: CONSUMO | AK38: =SUM('6'!AF30+'6'!AH30) -> 1589 | AL38: CONSUMO | AM38: =SUM('6'!AL30+'6'!AN30) -> 0 | AO38: CONSUMO | AP38: ='6'!AJ30 -> 1362 | AQ38: CONSUMO | AR38: ='6'!AP30 -> 0
A39: Nº amostras de água TRATADA | C39: Nº amostras de água FILTRADA | E39: Nº amostras de água tratada/filtrada FORA DO PADRÃO | J39: Nº amostras de água tratada/filtrada no PADRÃO | O39: Nº de amostras com turbidez menor ou igual a 0,5 NTU | R39: ÁGUA FILTRADA | S39: Nº de amostras com turbidez menor ou igual a 1,0 NTU | AJ39: DOSAGEM | AK39: =('6'!AK38/'6'!Y30)*1000 -> 6.5696557 | AL39: DOSAGEM | AM39: =('6'!AM38/'6'!Y30)*1000 -> 0 | AO39: DOSAGEM | AP39: =('6'!AP38/'6'!Y30)*1000 -> 5.6311335 | AQ39: DOSAGEM | AR39: =('6'!AR38/'6'!Y30)*1000 -> 0
A40: COR | B40: TURBIDEZ | C40: TURBIDEZ | E40: COR | G40: TURBIDEZ | J40: COR | L40: TURBIDEZ | X40: ESTOQUE DE COAGULANTE | AJ40: Consumo Total | AL40: =SUM('6'!AK38,'6'!AM38) -> 1589 | AO40: Consumo Total | AQ40: =SUM('6'!AP38,'6'!AR38) -> 1362
A41: =COUNTA('6'!E7:E18) -> 12 | B41: =COUNTA('6'!I7:I18) -> 12 | C41: =COUNTA('6'!J7:J18) -> 12 | D41: =COUNTA('6'!K7:K18) -> 12 | E41: =COUNTIF('6'!E7:E18,">15") -> 0 | G41: =COUNTIF('6'!J7:J18,">1") -> 12 | J41: ='6'!A41-'6'!E41 -> 12 | L41: ='6'!C41-'6'!G41 -> 0 | O41: =COUNTIF('6'!J7:J18,"<=0,5") -> 0 | S41: =COUNTIF('6'!J7:J18,"<=1,0") -> 0 | AJ41: Dosagem Final | AL41: =SUM(('6'!AK38+'6'!AM38)/'6'!Y30)*1000 -> 6.5696557 | AO41: Dosagem Final | AQ41: =SUM(('6'!AP38+'6'!AR38)/'6'!Y30)*1000 -> 5.6311335
O42: ÁGUA FILTRATADA | X42: SULFATO DE ALUMÍNIO
H43: Nº de amostras água tratada com turbidez <= 5,0 NTU | L43: Nº de amostras água tratada para aluminio | Q43: Nº de amostras com turbidez entre 0,5 e 1,0 NTU | X43: TINA 01 | Z43: TINA 02 | AB43: TINA 03 | AD43: TANQUE
X44: ALTURA | Y44: 50 | Z44: ALTURA | AA44: 0 | AB44: ALTURA | AC44: 157 | AF44: Volume total (L) | AG44: =SUM('6'!Y45,'6'!AA45,'6'!AC45,'6'!AE45) -> 76363.9 | AI44: CONSUMO DE SULFATO DE ALUMÍNIO ÀS 24:00hs
H45: =COUNTIF('6'!I7:I18,"<=5,0") -> 12 | L45: =COUNTA('6'!L37) -> 1 | Q45: ='6'!S41-'6'!O41 -> 0 | X45: VOLUME | Y45: ='6'!Y44*275.3 -> 13765 | Z45: VOLUME | AA45: =262.4*'6'!AA44 -> 0 | AB45: VOLUME | AC45: ='6'!AC44*277.7 -> 43598.9 | AD45: VOLUME | AE45: 19000 | AI45: TINA 01 | AK45: TINA 02 | AM45: TINA 03
X46: Densidade | Y46: ='6'!AS6 -> 1.33 | Z46: Densidade | AA46: ='6'!Y46 -> 1.33 | AB46: Densidade | AC46: ='6'!Y46 -> 1.33 | AD46: Densidade | AE46: ='6'!Y46 -> 1.33 | AF46: Peso Total (Kg) | AG46: =SUM('6'!Y47,'6'!AA47,'6'!AC47,'6'!AE47) -> 101563.99 | AI46: ALTURA | AJ46: 7 | AK46: ALTURA | AM46: ALTURA
O47: ÁGUA TRATADA - CLORO RESIDUAL | X47: Peso(Kg) | Y47: ='6'!Y45*'6'!Y46 -> 18307.45 | Z47: Peso(Kg) | AA47: ='6'!AA45*'6'!AA46 -> 0 | AB47: Peso(Kg) | AC47: ='6'!AC45*'6'!AC46 -> 57986.537 | AD47: Peso(Kg) | AE47: ='6'!AE45*'6'!AE46 -> 25270 | AI47: VOLUME | AJ47: ='6'!AJ46*275.3 -> 1927.1 | AK47: VOLUME | AL47: =262.4*'6'!AL46 -> 0 | AM47: VOLUME | AN47: ='6'!AN46*277.7 -> 0
AI48: Densidade | AJ48: ='6'!Y46 -> 1.33 | AK48: Densidade | AL48: ='6'!AJ48 -> 1.33 | AM48: Densidade | AN48: ='6'!AJ48 -> 1.33
O49: Nº de amostras de água tratada para cloro residual | R49: Nº de amostras de água tratada dentro dos padrões de cloro residual | AI49: Peso(Kg) | AJ49: ='6'!AJ47*'6'!AJ48 -> 2563.043 | AK49: Peso(Kg) | AL49: ='6'!AL47*'6'!AL48 -> 0 | AM49: Peso(Kg) | AN49: ='6'!AN47*'6'!AN48 -> 0
X50: PAC - 18
O51: =COUNTA('6'!O7:O18) -> 12 | P51: =COUNTA('6'!W17:W28) -> 0 | R51: =COUNTIF('6'!O7:O18,">=0,5") -> 12 | X51: TINA 01 | Z51: TINA 02 | AB51: TINA 03 | AD51: TANQUE | AI51: CONSUMO DE PAC ÀS 24:00hs
X52: ALTURA | Z52: ALTURA | AB52: ALTURA | AF52: Volume total (L) | AG52: =SUM('6'!Y53,'6'!AA53,'6'!AC53,'6'!AE53) -> 0 | AI52: TINA 01 | AK52: TINA 02 | AM52: TINA 03
O53: ÁGUA TRATADA - PH | X53: VOLUME | Y53: ='6'!Y52*275.3 -> 0 | Z53: VOLUME | AA53: =262.4*'6'!AA52 -> 0 | AB53: VOLUME | AC53: ='6'!AC52*277.7 -> 0 | AD53: VOLUME | AE53: 0 | AI53: ALTURA | AJ53: 0 | AK53: ALTURA | AM53: ALTURA
X54: Densidade | Y54: ='6'!AS7 -> 1.262 | Z54: Densidade | AA54: ='6'!Y54 -> 1.262 | AB54: Densidade | AC54: ='6'!Y54 -> 1.262 | AD54: Densidade | AE54: ='6'!Y54 -> 1.262 | AF54: Peso Total (Kg) | AG54: =SUM('6'!Y55,'6'!AA55,'6'!AC55,'6'!AE55) -> 0 | AI54: VOLUME | AJ54: ='6'!AJ53*275.3 -> 0 | AK54: VOLUME | AL54: =262.4*'6'!AL53 -> 0 | AM54: VOLUME | AN54: ='6'!AN53*277.7 -> 0
O55: Nº de amostras de água tratada para PH | R55: Nº de amostras de água tratada dentro dos padrões de PH | X55: Peso(Kg) | Y55: ='6'!Y53*'6'!Y54 -> 0 | Z55: Peso(Kg) | AA55: ='6'!AA53*'6'!AA54 -> 0 | AB55: Peso(Kg) | AC55: ='6'!AC53*'6'!AC54 -> 0 | AD55: Peso(Kg) | AE55: ='6'!AE53*'6'!AE54 -> 0 | AI55: Densidade | AJ55: ='6'!Y54 -> 1.262 | AK55: Densidade | AL55: ='6'!AJ55 -> 1.262 | AM55: Densidade | AN55: ='6'!AJ55 -> 1.262
AI56: Peso(Kg) | AJ56: ='6'!AJ54*'6'!AJ55 -> 0 | AK56: Peso(Kg) | AL56: ='6'!AL54*'6'!AL55 -> 0 | AM56: Peso(Kg) | AN56: ='6'!AN54*'6'!AN55 -> 0
O57: =COUNTA('6'!N7:N18) -> 12 | R57: =COUNTIF('6'!N7:N18,">=6") -> 0
X58: ESTOQUE DE CLORO
AI59: CONTROLE DIÁRIO DO CONSUMO DE COAGULANTE
X60: Carretas com Cloro | AB60: Cilindros com Cloro | AI60: CLORETO DE POLIALUMÍNIO | AN60: SULFATO DE ALUMÍNIO
AI61: CONSUMO REAL | AL61: ='6'!AJ56+'6'!AL56+'6'!AN56 -> 0 | AN61: CONSUMO REAL | AQ61: =AJ49+AL49+AN49 -> 2563.043
X62: Recebido | AB62: Recebido | AI62: CONSUMO TEÓRICO | AL62: =AA33 -> 0 | AN62: CONSUMO TEÓRICO | AQ62: =AA32 -> 56562.24
X63: Peso(kg) | AB63: Peso(kg) | AC63: 0 | AI63: DIFERENÇA | AL63: ='6'!AL61-'6'!AL62 -> 0 | AN63: DIFERENÇA | AQ63: =AQ61-AQ62 -> -53999.197
AC64: 0
X65: Saldo anterior (kg) | Y65: ='5'!$Y$68 -> #REF! | AB65: Saldo anterior (kg) | AC65: ='5'!$AC$68 -> 0
X66: Consumido | AB66: Consumido
X67: Peso(kg) | Y67: =SUM('6'!AK38,'6'!AP38) -> 2951 | AB67: Peso(kg) | AC67: =SUM('6'!AM38,'6'!AR38) -> 0
X68: Saldo(kg) | Y68: =SUM('6'!Y63,'6'!Y65)-'6'!Y67 -> #REF! | AB68: Saldo(kg) | AC68: =SUM('6'!AC63,'6'!AC65)-'6'!AC67-'6'!AC64 -> 0

Sheet 7
D2: CONTROLE DE ANÁLISE FÍSICO - QUÍMICAS \ ETA CASTELO BRANCO | AB2: CONTROLE DE PRODUTOS QUÍMICOS APLICADOS \ ETA CASTELO BRANCO
A4: HORA | B4: COR (Uc) | F4: TURBIDEZ (Ut) | K4: Ph | O4: CLORO RESIDUAL (mg/L) | R4: DOSAGEM DO COAGULANTE | T4: VAZÃO DA ETA | U4: TIPO DE COAGULANTE | V4: TÉCNICO | X4: Hora | Y4: Vazão ETA (l/s) | Z4: Vazão Coagulante (l/h) | AA4: Código | AB4: Dosagem (mg/l) | AC4: Vazão Polímero (l/h) | AD4: Dosagem (mg/l) | AE4: Pré 1 (Lib/dia) | AF4: Pré 1 (Kg/h) | AG4: Pré 2 (Lib/dia) | AH4: Pré 2 (Kg/h) | AI4: Pós (Lib/dia) | AJ4: Pós (Kg/h) | AK4: Pré 1 (Lib/dia) cilindros | AL4: Pré 1 (Kg/h) cilindros | AM4: Pré 2 (Lib/dia) cilindros | AN4: Pré 2 (Kg/h) cilindros | AO4: Pós (Lib/dia) cilindros | AP4: Pós (Kg/h) cilindros | AQ4: COAGULANTE | AU4: Tempo de Utilização (h)
AQ5: Codigo | AR5: Nome | AS5: d (g/ml) | AT5: C (%)
B6: Bruta | C6: DEC_1 | D6: DEC_2 | E6: TRAT | F6: Bruta | G6: DEC_1 | H6: DEC_2 | I6: TRAT | J6: FILT | K6: Bruta | L6: DEC_1 | M6: DEC_2 | N6: TRAT | O6: TRAT | P6: DEC_1 | Q6: DEC_2 | R6: L/h | S6: mg/l | T6: L/s | X6: 0.041666667 | Y6: 2862 | Z6: 1752 | AA6: 1 | AB6: =IF('6'!AA11=1,(('6'!Z11*'6'!$AS$6*'6'!$AT$6)/('6'!Y11*0.0036)),IF('6'!AA11=2,(('6'!Z11*'6'!$AS$7*'6'!$AT$7)/('6'!Y11*0.0036)))) -> 114.64163 | AE6: 3000 | AF6: =('7'!AE6/24)*0.454 -> 56.75 | AG6: 500 | AH6: =('7'!AG6/24)*0.454 -> 9.4583333 | AI6: 3000 | AJ6: =('7'!AI6/24)*0.454 -> 56.75 | AL6: =('7'!AK6/24)*0.454 -> 0 | AN6: =('7'!AM6/24)*0.454 -> 0 | AP6: =('7'!AO6/24)*0.454 -> 0 | AQ6: 1 | AR6: S.A.L | AS6: 1.32 | AT6: 0.5 | AU6: 0
A7: 0 | B7: 550 | C7: 7.5 | D7: 7.5 | E7: 2.5 | F7: 125 | G7: 3.3 | H7: 2.8 | I7: 0.72 | J7: 1.65 | K7: 7 | L7: 5 | M7: 5 | N7: 4.5 | O7: 3.6 | P7: 1.2 | Q7: 1.5 | R7: ='6'!$Z$29 -> 1752 | S7: ='6'!$AB$29 -> 114.68226 | T7: ='6'!$Y$29 -> 2822 | U7: =IF('7'!AA6=1,'7'!AR6,'7'!AR7) -> S.A.L | V7: =ESCALA!$C$8 -> 0 | X7: 0.083333333 | Y7: 2758 | Z7: 1752 | AA7: 1 | AB7: =IF('6'!AA12=1,(('6'!Z12*'6'!$AS$6*'6'!$AT$6)/('6'!Y12*0.0036)),IF('6'!AA12=2,(('6'!Z12*'6'!$AS$7*'6'!$AT$7)/('6'!Y12*0.0036)))) -> 116.49868 | AE7: 3000 | AF7: =('7'!AE7/24)*0.454 -> 56.75 | AG7: 500 | AH7: =('7'!AG7/24)*0.454 -> 9.4583333 | AI7: 3000 | AJ7: =('7'!AI7/24)*0.454 -> 56.75 | AL7: =('7'!AK7/24)*0.454 -> 0 | AN7: =('7'!AM7/24)*0.454 -> 0 | AP7: =('7'!AO7/24)*0.454 -> 0 | AQ7: 2 | AR7: PAC 18 | AS7: 1.262 | AT7: 1 | AU7: 24
A8: 0.083333333 | B8: 550 | C8: 7.5 | D8: 7.5 | E8: 2.5 | F8: 125 | G8: 3.1 | H8: 2.7 | I8: 0.7 | J8: 1.66 | K8: 7 | L8: 5 | M8: 5 | N8: 4.5 | O8: 3.6 | P8: 1.5 | Q8: 1.5 | R8: =Z7 -> 1752 | S8: =AB7 -> 116.49868 | T8: =Y7 -> 2758 | U8: =IF('7'!AA7=1,'7'!AR6,'7'!AR7) -> S.A.L | X8: 0.125 | Y8: 2839 | Z8: 1752 | AA8: 1 | AB8: =IF('6'!AA13=1,(('6'!Z13*'6'!$AS$6*'6'!$AT$6)/('6'!Y13*0.0036)),IF('6'!AA13=2,(('6'!Z13*'6'!$AS$7*'6'!$AT$7)/('6'!Y13*0.0036)))) -> 114.96744 | AE8: 3000 | AF8: =('7'!AE8/24)*0.454 -> 56.75 | AG8: 500 | AH8: =('7'!AG8/24)*0.454 -> 9.4583333 | AI8: 3000 | AJ8: =('7'!AI8/24)*0.454 -> 56.75 | AL8: =('7'!AK8/24)*0.454 -> 0 | AN8: =('7'!AM8/24)*0.454 -> 0 | AP8: =('7'!AO8/24)*0.454 -> 0 | AQ8: Polímero Catiônico
A9: 0.16666667 | B9: 550 | C9: 7.5 | D9: 7.5 | E9: 2.5 | F9: 122 | G9: 3.1 | H9: 2.7 | I9: 0.7 | J9: 1.63 | K9: 7 | L9: 5 | M9: 5 | N9: 4.5 | O9: 3.6 | P9: 1.5 | Q9: 1.5 | R9: =Z9 -> 1752 | S9: =AB9 -> 114.11613 | T9: =Y9 -> 2825 | U9: =IF('7'!AA9=1,'7'!AR6,'7'!AR7) -> S.A.L | X9: 0.16666667 | Y9: 2825 | Z9: 1752 | AA9: 1 | AB9: =IF('6'!AA14=1,(('6'!Z14*'6'!$AS$6*'6'!$AT$6)/('6'!Y14*0.0036)),IF('6'!AA14=2,(('6'!Z14*'6'!$AS$7*'6'!$AT$7)/('6'!Y14*0.0036)))) -> 114.11613 | AE9: 3000 | AF9: =('7'!AE9/24)*0.454 -> 56.75 | AG9: 500 | AH9: =('7'!AG9/24)*0.454 -> 9.4583333 | AI9: 2500 | AJ9: =('7'!AI9/24)*0.454 -> 47.291667 | AL9: =('7'!AK9/24)*0.454 -> 0 | AN9: =('7'!AM9/24)*0.454 -> 0 | AP9: =('7'!AO9/24)*0.454 -> 0 | AQ9: Nome | AT9: C (%)
A10: 0.25 | B10: 550 | C10: 7.5 | D10: 7.5 | E10: 2.5 | F10: 119 | G10: 3 | H10: 2.6 | I10: 0.68 | J10: 1.4 | K10: 7 | L10: 5 | M10: 5 | N10: 4.5 | O10: 3.8 | P10: 1.5 | Q10: 1.3 | R10: =Z11 -> 1752 | S10: =AB11 -> 114.64163 | T10: =Y11 -> 2796 | U10: =IF('7'!AA11=1,'7'!AR6,'7'!AR7) -> S.A.L | X10: 0.20833333 | Y10: 2785 | Z10: 1752 | AA10: 1 | AB10: =IF('6'!AA15=1,(('6'!Z15*'6'!$AS$6*'6'!$AT$6)/('6'!Y15*0.0036)),IF('6'!AA15=2,(('6'!Z15*'6'!$AS$7*'6'!$AT$7)/('6'!Y15*0.0036)))) -> 114.92661 | AE10: 3000 | AF10: =('7'!AE10/24)*0.454 -> 56.75 | AG10: 500 | AH10: =('7'!AG10/24)*0.454 -> 9.4583333 | AI10: 2500 | AJ10: =('7'!AI10/24)*0.454 -> 47.291667 | AL10: =('7'!AK10/24)*0.454 -> 0 | AN10: =('7'!AM10/24)*0.454 -> 0 | AP10: =('7'!AO10/24)*0.454 -> 0 | AQ10: Aguapol 200 | AT10: 0.002
A11: 0.33333333 | B11: 550 | C11: 7.5 | D11: 7.5 | E11: 2.5 | F11: 118 | G11: 3.7 | H11: 4.1 | I11: 0.75 | J11: 1.4 | K11: 7 | L11: 5 | M11: 5 | N11: 4.5 | O11: 3.6 | R11: =Z19 -> 1752 | S11: =AB13 -> 114.96744 | T11: =Y13 -> 2833 | U11: =IF('7'!AA13=1,'7'!AR6,'7'!AR7) -> S.A.L | X11: 0.25 | Y11: 2796 | Z11: 1752 | AA11: 1 | AB11: =IF('6'!AA11=1,(('6'!Z11*'6'!$AS$6*'6'!$AT$6)/('6'!Y11*0.0036)),IF('6'!AA11=2,(('6'!Z11*'6'!$AS$7*'6'!$AT$7)/('6'!Y11*0.0036)))) -> 114.64163 | AE11: 3000 | AF11: =('7'!AE11/24)*0.454 -> 56.75 | AG11: 500 | AH11: =('7'!AG11/24)*0.454 -> 9.4583333 | AI11: 3000 | AJ11: =('7'!AI11/24)*0.454 -> 56.75 | AL11: =('7'!AK11/24)*0.454 -> 0 | AN11: =('7'!AM11/24)*0.454 -> 0 | AP11: =('7'!AO11/24)*0.454 -> 0
A12: 0.41666667 | B12: 550 | C12: 7.5 | D12: 7.5 | E12: 2.5 | F12: 119 | G12: 3.5 | H12: 3.7 | I12: 0.78 | J12: 1.3 | K12: 7 | L12: 5 | M12: 5 | N12: 4.5 | O12: 3.6 | R12: =Z15 -> 1752 | S12: =AB15 -> 114.92661 | T12: =Y15 -> 2790 | U12: =IF('7'!AA15=1,'7'!AR6,'7'!AR7) -> S.A.L | V12: =ESCALA!$B$9 -> 0 | X12: 0.29166667 | Y12: 2811 | Z12: 1752 | AA12: 1 | AB12: =IF('6'!AA12=1,(('6'!Z12*'6'!$AS$6*'6'!$AT$6)/('6'!Y12*0.0036)),IF('6'!AA12=2,(('6'!Z12*'6'!$AS$7*'6'!$AT$7)/('6'!Y12*0.0036)))) -> 116.49868 | AE12: 3000 | AF12: =('7'!AE12/24)*0.454 -> 56.75 | AG12: 500 | AH12: =('7'!AG12/24)*0.454 -> 9.4583333 | AI12: 3000 | AJ12: =('7'!AI12/24)*0.454 -> 56.75 | AL12: =('7'!AK12/24)*0.454 -> 0 | AN12: =('7'!AM12/24)*0.454 -> 0 | AP12: =('7'!AO12/24)*0.454 -> 0
A13: 0.5 | B13: 550 | C13: 7.5 | D13: 12.5 | E13: 2.5 | F13: 118 | G13: 3.5 | H13: 4.7 | I13: 0.74 | J13: 1.5 | K13: 7 | L13: 5 | M13: 5 | N13: 4.5 | O13: 3.6 | R13: =Z17 -> 1752 | S13: =AB17 -> 113.59541 | T13: =Y17 -> 2771 | U13: =IF('7'!AA17=1,'7'!AR6,'7'!AR7) -> S.A.L | X13: 0.33333333 | Y13: 2833 | Z13: 1752 | AA13: 1 | AB13: =IF('6'!AA13=1,(('6'!Z13*'6'!$AS$6*'6'!$AT$6)/('6'!Y13*0.0036)),IF('6'!AA13=2,(('6'!Z13*'6'!$AS$7*'6'!$AT$7)/('6'!Y13*0.0036)))) -> 114.96744 | AE13: 3000 | AF13: =('7'!AE13/24)*0.454 -> 56.75 | AG13: 500 | AH13: =('7'!AG13/24)*0.454 -> 9.4583333 | AI13: 3000 | AJ13: =('7'!AI13/24)*0.454 -> 56.75 | AL13: =('7'!AK13/24)*0.454 -> 0 | AN13: =('7'!AM13/24)*0.454 -> 0 | AP13: =('7'!AO13/24)*0.454 -> 0
A14: 0.58333333 | B14: 550 | C14: 7.5 | D14: 15 | E14: 2.5 | F14: 116 | G14: 3.6 | H14: 6.1 | I14: 0.71 | J14: 1.7 | K14: 7 | L14: 5 | M14: 5 | N14: 4.5 | O14: 3.5 | R14: =#REF! -> #REF! | S14: =AB19 -> 117.95438 | T14: =Y19 -> 2811 | U14: =IF('7'!AA19=1,'7'!AR6,'7'!AR7) -> S.A.L | X14: 0.375 | Y14: 2497 | Z14: 1752 | AA14: 1 | AB14: =IF('6'!AA14=1,(('6'!Z14*'6'!$AS$6*'6'!$AT$6)/('6'!Y14*0.0036)),IF('6'!AA14=2,(('6'!Z14*'6'!$AS$7*'6'!$AT$7)/('6'!Y14*0.0036)))) -> 114.11613 | AE14: 3000 | AF14: =('7'!AE14/24)*0.454 -> 56.75 | AG14: 500 | AH14: =('7'!AG14/24)*0.454 -> 9.4583333 | AI14: 3000 | AJ14: =('7'!AI14/24)*0.454 -> 56.75 | AL14: =('7'!AK14/24)*0.454 -> 0 | AN14: =('7'!AM14/24)*0.454 -> 0 | AP14: =('7'!AO14/24)*0.454 -> 0
A15: 0.66666667 | B15: 500 | C15: 7.5 | D15: 15 | E15: 2.5 | F15: 113 | G15: 3.4 | H15: 6.8 | I15: 0.75 | J15: 1.7 | K15: 7 | L15: 5 | M15: 5 | N15: 4.5 | O15: 3.5 | R15: =Z21 -> 1752 | S15: =AB21 -> 120.51678 | T15: =Y21 -> 2903 | U15: =IF('7'!AA21=1,'7'!AR6,'7'!AR7) -> S.A.L | X15: 0.41666667 | Y15: 2790 | Z15: 1752 | AA15: 1 | AB15: =IF('6'!AA15=1,(('6'!Z15*'6'!$AS$6*'6'!$AT$6)/('6'!Y15*0.0036)),IF('6'!AA15=2,(('6'!Z15*'6'!$AS$7*'6'!$AT$7)/('6'!Y15*0.0036)))) -> 114.92661 | AE15: 3000 | AF15: =('7'!AE15/24)*0.454 -> 56.75 | AG15: 500 | AH15: =('7'!AG15/24)*0.454 -> 9.4583333 | AI15: 3000 | AJ15: =('7'!AI15/24)*0.454 -> 56.75 | AL15: =('7'!AK15/24)*0.454 -> 0 | AN15: =('7'!AM15/24)*0.454 -> 0 | AP15: =('7'!AO15/24)*0.454 -> 0
A16: 0.75 | B16: 450 | C16: 7.5 | D16: 20 | E16: 2.5 | F16: 110 | G16: 3 | H16: 7.4 | I16: 0.78 | J16: 1.8 | K16: 7 | L16: 5 | M16: 5 | N16: 4.5 | O16: 3.6 | R16: =Z23 -> 1752 | S16: =AB23 -> 120.13174 | T16: =Y23 -> 3092 | U16: =IF('7'!AA23=1,'7'!AR6,'7'!AR7) -> S.A.L | X16: 0.45833333 | Y16: 2823 | Z16: 1752 | AA16: 1 | AB16: =IF('6'!AA16=1,(('6'!Z16*'6'!$AS$6*'6'!$AT$6)/('6'!Y16*0.0036)),IF('6'!AA16=2,(('6'!Z16*'6'!$AS$7*'6'!$AT$7)/('6'!Y16*0.0036)))) -> 145.06201 | AE16: 3000 | AF16: =('7'!AE16/24)*0.454 -> 56.75 | AG16: 500 | AH16: =('7'!AG16/24)*0.454 -> 9.4583333 | AI16: 3000 | AJ16: =('7'!AI16/24)*0.454 -> 56.75 | AL16: =('7'!AK16/24)*0.454 -> 0 | AN16: =('7'!AM16/24)*0.454 -> 0 | AP16: =('7'!AO16/24)*0.454 -> 0
A17: 0.83333333 | B17: 400 | C17: 7.5 | D17: 20 | E17: 2.5 | F17: 108 | G17: 2.7 | H17: 7.9 | I17: 0.83 | J17: 1.8 | K17: 7 | L17: 5 | M17: 5 | N17: 4.5 | O17: 3.6 | R17: =Z25 -> 1752 | S17: =AB25 -> 112.21683 | T17: =Y25 -> 3033 | U17: =IF('7'!AA25=1,'7'!AR6,'7'!AR7) -> S.A.L | V17: =ESCALA!$C$9 -> 0 | X17: 0.5 | Y17: 2771 | Z17: 1752 | AA17: 1 | AB17: =IF('6'!AA17=1,(('6'!Z17*'6'!$AS$6*'6'!$AT$6)/('6'!Y17*0.0036)),IF('6'!AA17=2,(('6'!Z17*'6'!$AS$7*'6'!$AT$7)/('6'!Y17*0.0036)))) -> 113.59541 | AE17: 3000 | AF17: =('7'!AE17/24)*0.454 -> 56.75 | AG17: 500 | AH17: =('7'!AG17/24)*0.454 -> 9.4583333 | AI17: 3000 | AJ17: =('7'!AI17/24)*0.454 -> 56.75 | AL17: =('7'!AK17/24)*0.454 -> 0 | AN17: =('7'!AM17/24)*0.454 -> 0 | AP17: =('7'!AO17/24)*0.454 -> 0
A18: 0.91666667 | B18: 400 | C18: 7.5 | D18: 25 | E18: 2.5 | F18: 106 | G18: 2.6 | H18: 8.3 | I18: 0.85 | J18: 1.7 | K18: 7 | L18: 5 | M18: 5 | N18: 4.5 | O18: 3.8 | R18: =Z27 -> 1752 | S18: =AB27 -> 115.54207 | T18: =Y27 -> 2956 | U18: =IF('7'!AA27=1,'7'!AR6,'7'!AR7) -> S.A.L | X18: 0.54166667 | Y18: 2831 | Z18: 1752 | AA18: 1 | AB18: =IF('6'!AA18=1,(('6'!Z18*'6'!$AS$6*'6'!$AT$6)/('6'!Y18*0.0036)),IF('6'!AA18=2,(('6'!Z18*'6'!$AS$7*'6'!$AT$7)/('6'!Y18*0.0036)))) -> 113.67521 | AE18: 3000 | AF18: =('7'!AE18/24)*0.454 -> 56.75 | AG18: 500 | AH18: =('7'!AG18/24)*0.454 -> 9.4583333 | AI18: 3000 | AJ18: =('7'!AI18/24)*0.454 -> 56.75 | AL18: =('7'!AK18/24)*0.454 -> 0 | AN18: =('7'!AM18/24)*0.454 -> 0 | AP18: =('7'!AO18/24)*0.454 -> 0
A19: Média | B19: {=IF('7'!B7:B18>0.01,AVERAGE('7'!B7:B18),"")} -> 512.5 | C19: {=IF('7'!C7:C18>0.01,AVERAGE('7'!C7:C18),"")} -> 7.5 | D19: {=IF('7'!D7:D18>0.01,AVERAGE('7'!D7:D18),"")} -> 12.708333 | E19: {=IF('7'!E7:E18>0.01,AVERAGE('7'!E7:E18),"")} -> 2.5 | F19: {=IF('7'!F7:F18>0.01,AVERAGE('7'!F7:F18),"")} -> 116.58333 | G19: {=IF('7'!G7:G18>0.01,AVERAGE('7'!G7:G18),"")} -> 3.2083333 | H19: {=IF('7'!H7:H18>0.01,AVERAGE('7'!H7:H18),"")} -> 4.9833333 | I19: {=IF('7'!I7:I18>0.01,AVERAGE('7'!I7:I18),"")} -> 0.74916667 | ... S19: {=IF('7'!S7:S18>0.01,AVERAGE('7'!S7:S18),"")} -> 115.81583 | X19: 0.58333333 | Y19: 2811 | Z19: 1752 | AA19: 1 | AB19: =IF('6'!AA19=1,(('6'!Z19*'6'!$AS$6*'6'!$AT$6)/('6'!Y19*0.0036)),IF('6'!AA19=2,(('6'!Z19*'6'!$AS$7*'6'!$AT$7)/('6'!Y19*0.0036)))) -> 117.95438 | AE19: 3000 | AF19: =('7'!AE19/24)*0.454 -> 56.75 | AG19: 500 | AH19: =('7'!AG19/24)*0.454 -> 9.4583333 | AI19: 3000 | AJ19: =('7'!AI19/24)*0.454 -> 56.75 | AL19: =('7'!AK19/24)*0.454 -> 0 | AN19: =('7'!AM19/24)*0.454 -> 0 | AP19: =('7'!AO19/24)*0.454 -> 0
A20: Máximo | B20: =MAX('7'!B7:B18) -> 550 | C20: =MAX('7'!C7:C18) -> 7.5 | D20: =MAX('7'!D7:D18) -> 25 | E20: =MAX('7'!E7:E18) -> 2.5 | F20: =MAX('7'!F7:F18) -> 125 | G20: =MAX('7'!G7:G18) -> 3.7 | H20: =MAX('7'!H7:H18) -> 8.3 | I20: =MAX('7'!I7:I18) -> 0.85 | ... S20: =MAX('7'!S7:S18) -> 120.51678 | X20: 0.625 | Y20: 2846 | Z20: 1752 | AA20: 1 | AB20: =IF('6'!AA20=1,(('6'!Z20*'6'!$AS$6*'6'!$AT$6)/('6'!Y20*0.0036)),IF('6'!AA20=2,(('6'!Z20*'6'!$AS$7*'6'!$AT$7)/('6'!Y20*0.0036)))) -> 119.41112 | AE20: 3000 | AF20: =('7'!AE20/24)*0.454 -> 56.75 | AG20: 500 | AH20: =('7'!AG20/24)*0.454 -> 9.4583333 | AI20: 3000 | AJ20: =('7'!AI20/24)*0.454 -> 56.75 | AL20: =('7'!AK20/24)*0.454 -> 0 | AN20: =('7'!AM20/24)*0.454 -> 0 | AP20: =('7'!AO20/24)*0.454 -> 0
A21: Mínimo | B21: =MIN('7'!B7:B18) -> 400 | C21: =MIN('7'!C7:C18) -> 7.5 | D21: =MIN('7'!D7:D18) -> 7.5 | E21: =MIN('7'!E7:E18) -> 2.5 | F21: =MIN('7'!F7:F18) -> 106 | G21: =MIN('7'!G7:G18) -> 2.6 | H21: =MIN('7'!H7:H18) -> 2.6 | I21: =MIN('7'!I7:I18) -> 0.68 | ... S21: =MIN('7'!S7:S18) -> 112.21683 | X21: 0.66666667 | Y21: 2903 | Z21: 1752 | AA21: 1 | AB21: =IF('6'!AA21=1,(('6'!Z21*'6'!$AS$6*'6'!$AT$6)/('6'!Y21*0.0036)),IF('6'!AA21=2,(('6'!Z21*'6'!$AS$7*'6'!$AT$7)/('6'!Y21*0.0036)))) -> 120.51678 | AE21: 3000 | AF21: =('7'!AE21/24)*0.454 -> 56.75 | AG21: 500 | AH21: =('7'!AG21/24)*0.454 -> 9.4583333 | AI21: 3000 | AJ21: =('7'!AI21/24)*0.454 -> 56.75 | AL21: =('7'!AK21/24)*0.454 -> 0 | AN21: =('7'!AM21/24)*0.454 -> 0 | AP21: =('7'!AO21/24)*0.454 -> 0
R22: Total | X22: 0.70833333 | Y22: 2902 | Z22: 1752 | AA22: 1 | AB22: =IF('6'!AA22=1,(('6'!Z22*'6'!$AS$6*'6'!$AT$6)/('6'!Y22*0.0036)),IF('6'!AA22=2,(('6'!Z22*'6'!$AS$7*'6'!$AT$7)/('6'!Y22*0.0036)))) -> 119.24282 | AE22: 3000 | AF22: =('7'!AE22/24)*0.454 -> 56.75 | AG22: 500 | AH22: =('7'!AG22/24)*0.454 -> 9.4583333 | AI22: 3000 | AJ22: =('7'!AI22/24)*0.454 -> 56.75 | AL22: =('7'!AK22/24)*0.454 -> 0 | AN22: =('7'!AM22/24)*0.454 -> 0 | AP22: =('7'!AO22/24)*0.454 -> 0
A23: TURBIDEZ DOS FILTROS DA 1ª E 2ª ETAPAS | S23: Litros | X23: 0.75 | Y23: 3092 | Z23: 1752 | AA23: 1 | AB23: =IF('6'!AA23=1,(('6'!Z23*'6'!$AS$6*'6'!$AT$6)/('6'!Y23*0.0036)),IF('6'!AA23=2,(('6'!Z23*'6'!$AS$7*'6'!$AT$7)/('6'!Y23*0.0036)))) -> 120.13174 | AE23: 3000 | AF23: =('7'!AE23/24)*0.454 -> 56.75 | AG23: 500 | AH23: =('7'!AG23/24)*0.454 -> 9.4583333 | AI23: 3000 | AJ23: =('7'!AI23/24)*0.454 -> 56.75 | AL23: =('7'!AK23/24)*0.454 -> 0 | AN23: =('7'!AM23/24)*0.454 -> 0 | AP23: =('7'!AO23/24)*0.454 -> 0
A24: HORA | B24: 1 | C24: 2 | D24: 3 | E24: 4 | F24: 5 | G24: 6 | H24: 7 | I24: 8 | J24: 9 | K24: 10 | L24: 11 | M24: 12 | N24: 13 | O24: 14 | P24: 15 | Q24: 16 | R24: 0 | S24: Kilos | X24: 0.79166667 | Y24: 3149 | Z24: 1752 | AA24: 1 | AB24: =IF('6'!AA24=1,(('6'!Z24*'6'!$AS$6*'6'!$AT$6)/('6'!Y24*0.0036)),IF('6'!AA24=2,(('6'!Z24*'6'!$AS$7*'6'!$AT$7)/('6'!Y24*0.0036)))) -> 122.17008 | AE24: 3000 | AF24: =('7'!AE24/24)*0.454 -> 56.75 | AG24: 500 | AH24: =('7'!AG24/24)*0.454 -> 9.4583333 | AI24: 3000 | AJ24: =('7'!AI24/24)*0.454 -> 56.75 | AL24: =('7'!AK24/24)*0.454 -> 0 | AN24: =('7'!AM24/24)*0.454 -> 0 | AP24: =('7'!AO24/24)*0.454 -> 0
A25: 0.41666667 | T25: DATA | U25: =ESCALA!$A$10 -> 44324 | X25: 0.83333333 | Y25: 3033 | Z25: 1752 | AA25: 1 | AB25: =IF('6'!AA25=1,(('6'!Z25*'6'!$AS$6*'6'!$AT$6)/('6'!Y25*0.0036)),IF('6'!AA25=2,(('6'!Z25*'6'!$AS$7*'6'!$AT$7)/('6'!Y25*0.0036)))) -> 112.21683 | AE25: 3000 | AF25: =('7'!AE25/24)*0.454 -> 56.75 | AG25: 500 | AH25: =('7'!AG25/24)*0.454 -> 9.4583333 | AI25: 3000 | AJ25: =('7'!AI25/24)*0.454 -> 56.75 | AL25: =('7'!AK25/24)*0.454 -> 0 | AN25: =('7'!AM25/24)*0.454 -> 0 | AP25: =('7'!AO25/24)*0.454 -> 0
A26: 0.66666667 | X26: 0.875 | Y26: 3058 | Z26: 1752 | AA26: 1 | AB26: =IF('6'!AA26=1,(('6'!Z26*'6'!$AS$6*'6'!$AT$6)/('6'!Y26*0.0036)),IF('6'!AA26=2,(('6'!Z26*'6'!$AS$7*'6'!$AT$7)/('6'!Y26*0.0036)))) -> 114.88581 | AE26: 3000 | AF26: =('7'!AE26/24)*0.454 -> 56.75 | AG26: 500 | AH26: =('7'!AG26/24)*0.454 -> 9.4583333 | AI26: 3000 | AJ26: =('7'!AI26/24)*0.454 -> 56.75 | AL26: =('7'!AK26/24)*0.454 -> 0 | AN26: =('7'!AM26/24)*0.454 -> 0 | AP26: =('7'!AO26/24)*0.454 -> 0
A27: Média | B27: =#DIV/0! -> #DIV/0! | C27: =#DIV/0! -> #DIV/0! | D27: =#DIV/0! -> #DIV/0! | E27: =#DIV/0! -> #DIV/0! | F27: =#DIV/0! -> #DIV/0! | G27: =#DIV/0! -> #DIV/0! | H27: =#DIV/0! -> #DIV/0! | I27: =#DIV/0! -> #DIV/0! | ... Q27: =#DIV/0! -> #DIV/0! | X27: 0.91666667 | Y27: 2956 | Z27: 1752 | AA27: 1 | AB27: =IF('6'!AA27=1,(('6'!Z27*'6'!$AS$6*'6'!$AT$6)/('6'!Y27*0.0036)),IF('6'!AA27=2,(('6'!Z27*'6'!$AS$7*'6'!$AT$7)/('6'!Y27*0.0036)))) -> 115.54207 | AE27: 3000 | AF27: =('7'!AE27/24)*0.454 -> 56.75 | AG27: 500 | AH27: =('7'!AG27/24)*0.454 -> 9.4583333 | AI27: 3000 | AJ27: =('7'!AI27/24)*0.454 -> 56.75 | AL27: =('7'!AK27/24)*0.454 -> 0 | AN27: =('7'!AM27/24)*0.454 -> 0 | AP27: =('7'!AO27/24)*0.454 -> 0
A28: OBSERVAÇÕES | X28: 0.95833333 | Y28: 2906 | Z28: 1752 | AA28: 1 | AB28: =IF('6'!AA28=1,(('6'!Z28*'6'!$AS$6*'6'!$AT$6)/('6'!Y28*0.0036)),IF('6'!AA28=2,(('6'!Z28*'6'!$AS$7*'6'!$AT$7)/('6'!Y28*0.0036)))) -> 116.20586 | AE28: 3000 | AF28: =('7'!AE28/24)*0.454 -> 56.75 | AG28: 500 | AH28: =('7'!AG28/24)*0.454 -> 9.4583333 | AI28: 3000 | AJ28: =('7'!AI28/24)*0.454 -> 56.75 | AL28: =('7'!AK28/24)*0.454 -> 0 | AN28: =('7'!AM28/24)*0.454 -> 0 | AP28: =('7'!AO28/24)*0.454 -> 0
X29: 1 | Y29: 3096 | Z29: 1752 | AA29: 1 | AB29: =IF('6'!AA29=1,(('6'!Z29*'6'!$AS$6*'6'!$AT$6)/('6'!Y29*0.0036)),IF('6'!AA29=2,(('6'!Z29*'6'!$AS$7*'6'!$AT$7)/('6'!Y29*0.0036)))) -> 114.68226 | AE29: 3000 | AF29: =('7'!AE29/24)*0.454 -> 56.75 | AG29: 500 | AH29: =('7'!AG29/24)*0.454 -> 9.4583333 | AI29: 3000 | AJ29: =('7'!AI29/24)*0.454 -> 56.75 | AL29: =('7'!AK29/24)*0.454 -> 0 | AN29: =('7'!AM29/24)*0.454 -> 0 | AP29: =('7'!AO29/24)*0.454 -> 0
X30: Total | Y30: =SUM('7'!Y6:Y29)*3.6 -> 248302.8 | Z30: =SUM('7'!Z6:Z29) -> 42048 | AF30: =SUM('7'!AF6:AF29) -> 1362 | AH30: =SUM('7'!AH6:AH29) -> 227 | AJ30: =SUM('7'!AJ6:AJ29) -> 1343.0833 | AL30: =SUM('7'!AL6:AL29) -> 0 | AN30: =SUM('7'!AN6:AN29) -> 0 | AP30: =SUM('7'!AP6:AP29) -> 0
X32: S.A.L (l) - (kg) | Z32: =SUMIF('7'!AA6:AA29,"=1",'7'!Z6:Z29) -> 42048 | AA32: ='7'!Z32*'7'!AS6 -> 55503.36 | AB32: =SUMIF('7'!$AA$6:$AA$29,"=1",'7'!$AB$6:$AB$29)/COUNTIF('7'!$AA$6:$AA$29,"=1") -> 117.31639 | AC32: =SUMIF('7'!AA6:AA29,"=1",'7'!AC6:AC29) -> 0
X33: PAC 18 (l) - (kg) | Z33: =SUMIF('7'!AA6:AA29,"=2",'7'!Z6:Z29) -> 0 | AA33: ='7'!Z33*'7'!AS7 -> 0 | AB33: =SUMIF('7'!$AA$6:$AA$29,"=2",'7'!$AB$6:$AB$29)/COUNTIF('7'!$AA$6:$AA$29,"=2") -> #DIV/0! | AC33: =SUMIF('7'!AA6:AA29,"=2",'7'!AC6:AC29) -> 0
X34: Média | Y34: =AVERAGE('7'!Y6:Y29) -> 2873.875 | Z34: =AVERAGE('7'!Z6:Z29) -> 1752 | AC34: =SUM('7'!AC6:AC29)/COUNTIF('7'!AC6:AC29,"<>0") -> 0 | AD34: =SUM('7'!AD6:AD29)/COUNTIF('7'!AD6:AD29,"<>0") -> 0 | AF34: =AVERAGE('7'!AF6:AF29) -> 56.75 | AH34: =AVERAGE('7'!AH6:AH29) -> 9.4583333 | AJ34: ='7'!AJ30/24 -> 55.961806 | AL34: =AVERAGE('7'!AL6:AL29) -> 0 | AN34: =AVERAGE('7'!AN6:AN29) -> 0 | AP34: =AVERAGE('7'!AP6:AP29) -> 0
C35: Alcalinidade (mg/L) | F35: Ferro (mg/L) | I35: Manganês (mg/L) | L35: Alumínio (mg/L) | U35: TÉCNICO | X35: Decantadores | AA35: Filtros | AJ35: CLORAÇÃO INTERMEDIÁRIA | AO35: PÓS CLORAÇÃO
B36: HORA | C36: Bruta | D36: Dec. | E36: Trat (R-3) | F36: Bruta | G36: Filt. | H36: Trat (R-3) | I36: Bruta | J36: Filt. | K36: Trat (R-3) | L36: Trat (R-3) | X36: Lavados | Y36: 0 | AA36: Lavados
B37: 0.33333333 | C37: 45.8 | D37: 5 | E37: 4 | F37: 3 | G37: 0.2 | H37: 0.1 | I37: 0.2 | J37: 0.1 | K37: 0.06 | U37: ='7'!V12 -> 0 | X37: HORAS OPERANDO | Z37: =COUNTA('7'!Z6:Z29) -> 24 | AJ37: CARRETA | AL37: CILINDROS | AO37: CARRETA | AQ37: CILINDROS
B38: 0.66666667 | AJ38: CONSUMO | AK38: =SUM('7'!AF30+'7'!AH30) -> 1589 | AL38: CONSUMO | AM38: =SUM('7'!AL30+'7'!AN30) -> 0 | AO38: CONSUMO | AP38: ='7'!AJ30 -> 1343.0833 | AQ38: CONSUMO | AR38: ='7'!AP30 -> 0
A39: Nº amostras de água TRATADA | C39: Nº amostras de água FILTRADA | E39: Nº amostras de água tratada/filtrada FORA DO PADRÃO | J39: Nº amostras de água tratada/filtrada no PADRÃO | O39: Nº de amostras com turbidez menor ou igual a 0,5 NTU | R39: ÁGUA FILTRADA | S39: Nº de amostras com turbidez menor ou igual a 1,0 NTU | AJ39: DOSAGEM | AK39: =('7'!AK38/'7'!Y30)*1000 -> 6.3994445 | AL39: DOSAGEM | AM39: =('7'!AM38/'7'!Y30)*1000 -> 0 | AO39: DOSAGEM | AP39: =('7'!AP38/'7'!Y30)*1000 -> 5.4090543 | AQ39: DOSAGEM | AR39: =('7'!AR38/'7'!Y30)*1000 -> 0
A40: COR | B40: TURBIDEZ | C40: TURBIDEZ | E40: COR | G40: TURBIDEZ | J40: COR | L40: TURBIDEZ | X40: ESTOQUE DE COAGULANTE | AJ40: Consumo Total | AL40: =SUM('7'!AK38,'7'!AM38) -> 1589 | AO40: Consumo Total | AQ40: =SUM('7'!AP38,'7'!AR38) -> 1343.0833
A41: =COUNTA('7'!E7:E18) -> 12 | B41: =COUNTA('7'!I7:I18) -> 12 | C41: =COUNTA('7'!J7:J18) -> 12 | D41: =COUNTA('7'!K7:K18) -> 12 | E41: =COUNTIF('7'!E7:E18,">15") -> 0 | G41: =COUNTIF('7'!J7:J18,">1") -> 12 | J41: ='7'!A41-'7'!E41 -> 12 | L41: ='7'!C41-'7'!G41 -> 0 | O41: =COUNTIF('7'!J7:J18,"<=0,5") -> 0 | S41: =COUNTIF('7'!J7:J18,"<=1,0") -> 0 | AJ41: Dosagem Final | AL41: =SUM(('7'!AK38+'7'!AM38)/'7'!Y30)*1000 -> 6.3994445 | AO41: Dosagem Final | AQ41: =SUM(('7'!AP38+'7'!AR38)/'7'!Y30)*1000 -> 5.4090543
O42: ÁGUA FILTRATADA | X42: SULFATO DE ALUMÍNIO
H43: Nº de amostras água tratada com turbidez <= 5,0 NTU | L43: Nº de amostras água tratada para aluminio | Q43: Nº de amostras com turbidez entre 0,5 e 1,0 NTU | X43: TINA 01 | Z43: TINA 02 | AB43: TINA 03 | AD43: TANQUE
X44: ALTURA | Y44: 65 | Z44: ALTURA | AA44: 0 | AB44: ALTURA | AC44: 140 | AF44: Volume total (L) | AG44: =SUM('7'!Y45,'7'!AA45,'7'!AC45,'7'!AE45) -> 204772.5 | AI44: CONSUMO DE SULFATO DE ALUMÍNIO ÀS 24:00hs
H45: =COUNTIF('7'!I7:I18,"<=5,0") -> 12 | L45: =COUNTA('7'!L37) -> 0 | Q45: ='7'!S41-'7'!O41 -> 0 | X45: VOLUME | Y45: ='7'!Y44*275.3 -> 17894.5 | Z45: VOLUME | AA45: =262.4*'7'!AA44 -> 0 | AB45: VOLUME | AC45: ='7'!AC44*277.7 -> 38878 | AD45: VOLUME | AE45: 148000 | AI45: TINA 01 | AK45: TINA 02 | AM45: TINA 03
X46: Densidade | Y46: ='7'!AS6 -> 1.32 | Z46: Densidade | AA46: 0.1 | AB46: Densidade | AC46: ='7'!Y46 -> 1.32 | AD46: Densidade | AE46: ='7'!Y46 -> 1.32 | AF46: Peso Total (Kg) | AG46: =SUM('7'!Y47,'7'!AA47,'7'!AC47,'7'!AE47) -> 270299.7 | AI46: ALTURA | AK46: ALTURA | AM46: ALTURA
O47: ÁGUA TRATADA - CLORO RESIDUAL | X47: Peso(Kg) | Y47: ='7'!Y45*'7'!Y46 -> 23620.74 | Z47: Peso(Kg) | AA47: ='7'!AA45*'7'!AA46 -> 0 | AB47: Peso(Kg) | AC47: ='7'!AC45*'7'!AC46 -> 51318.96 | AD47: Peso(Kg) | AE47: ='7'!AE45*'7'!AE46 -> 195360 | AI47: VOLUME | AJ47: ='7'!AJ46*275.3 -> 0 | AK47: VOLUME | AL47: =262.4*'7'!AL46 -> 0 | AM47: VOLUME | AN47: ='7'!AN46*277.7 -> 0
AI48: Densidade | AJ48: ='7'!Y46 -> 1.32 | AK48: Densidade | AL48: ='7'!AJ48 -> 1.32 | AM48: Densidade | AN48: ='7'!AJ48 -> 1.32
O49: Nº de amostras de água tratada para cloro residual | R49: Nº de amostras de água tratada dentro dos padrões de cloro residual | AI49: Peso(Kg) | AJ49: ='7'!AJ47*'7'!AJ48 -> 0 | AK49: Peso(Kg) | AL49: ='7'!AL47*'7'!AL48 -> 0 | AM49: Peso(Kg) | AN49: ='7'!AN47*'7'!AN48 -> 0
X50: PAC - 18
O51: =COUNTA('7'!O7:O18) -> 12 | P51: =COUNTA('7'!W17:W28) -> 0 | R51: =COUNTIF('7'!O7:O18,">=0,5") -> 12 | X51: TINA 01 | Z51: TINA 02 | AB51: TINA 03 | AD51: TANQUE | AI51: CONSUMO DE PAC ÀS 24:00hs
X52: ALTURA | Z52: ALTURA | AB52: ALTURA | AF52: Volume total (L) | AG52: =SUM('7'!Y53,'7'!AA53,'7'!AC53,'7'!AE53) -> 0 | AI52: TINA 01 | AK52: TINA 02 | AM52: TINA 03
O53: ÁGUA TRATADA - PH | X53: VOLUME | Y53: ='7'!Y52*275.3 -> 0 | Z53: VOLUME | AA53: =262.4*'7'!AA52 -> 0 | AB53: VOLUME | AC53: ='7'!AC52*277.7 -> 0 | AD53: VOLUME | AI53: ALTURA | AK53: ALTURA | AM53: ALTURA
X54: Densidade | Y54: ='7'!AS7 -> 1.262 | Z54: Densidade | AA54: ='7'!Y54 -> 1.262 | AB54: Densidade | AC54: ='7'!Y54 -> 1.262 | AD54: Densidade | AE54: ='7'!Y54 -> 1.262 | AF54: Peso Total (Kg) | AG54: =SUM('7'!Y55,'7'!AA55,'7'!AC55,'7'!AE55) -> 0 | AI54: VOLUME | AJ54: ='7'!AJ53*275.3 -> 0 | AK54: VOLUME | AL54: =262.4*'7'!AL53 -> 0 | AM54: VOLUME | AN54: ='7'!AN53*277.7 -> 0
O55: Nº de amostras de água tratada para PH | R55: Nº de amostras de água tratada dentro dos padrões de PH | X55: Peso(Kg) | Y55: ='7'!Y53*'7'!Y54 -> 0 | Z55: Peso(Kg) | AA55: ='7'!AA53*'7'!AA54 -> 0 | AB55: Peso(Kg) | AC55: ='7'!AC53*'7'!AC54 -> 0 | AD55: Peso(Kg) | AE55: ='7'!AE53*'7'!AE54 -> 0 | AI55: Densidade | AJ55: ='7'!Y54 -> 1.262 | AK55: Densidade | AL55: ='7'!AJ55 -> 1.262 | AM55: Densidade | AN55: ='7'!AJ55 -> 1.262
AI56: Peso(Kg) | AJ56: ='7'!AJ54*'7'!AJ55 -> 0 | AK56: Peso(Kg) | AL56: ='7'!AL54*'7'!AL55 -> 0 | AM56: Peso(Kg) | AN56: ='7'!AN54*'7'!AN55 -> 0
O57: =COUNTA('7'!N7:N18) -> 12 | R57: =COUNTIF('7'!N7:N18,">=6") -> 0
X58: ESTOQUE DE CLORO
AI59: CONTROLE DIÁRIO DO CONSUMO DE COAGULANTE
X60: Carretas com Cloro | AB60: Cilindros com Cloro | AI60: CLORETO DE POLIALUMÍNIO | AN60: SULFATO DE ALUMÍNIO
AI61: CONSUMO REAL | AL61: ='7'!AJ56+'7'!AL56+'7'!AN56 -> 0 | AN61: CONSUMO REAL | AQ61: ='7'!AJ49+'7'!AL49+'7'!AN49 -> 0
X62: Recebido | AB62: Recebido | AI62: CONSUMO TEÓRICO | AL62: =AA33 -> 0 | AN62: CONSUMO TEÓRICO | AQ62: ='7'!AA32 -> 55503.36
X63: Peso(kg) | AB63: Peso(kg) | AI63: DIFERENÇA | AL63: ='7'!AL61-'7'!AL62 -> 0 | AN63: DIFERENÇA | AQ63: ='7'!AQ61-'7'!AQ62 -> -55503.36
X65: Saldo anterior (kg) | AB65: Saldo anterior (kg)
X66: Consumido | AB66: Consumido
X67: Peso(kg) | AB67: Peso(kg) | AC67: =SUM('7'!AM38,'7'!AR38) -> 0
X68: Saldo(kg) | Y68: =SUM('7'!Y63,'7'!Y65)-'7'!Y67 -> 0 | AB68: Saldo(kg) | AC68: =SUM('7'!AC63,'7'!AC65)-'7'!AC67 -> 0

Sheet 8
D2: CONTROLE DE ANÁLISE FÍSICO - QUÍMICAS \ ETA CASTELO BRANCO | AB2: CONTROLE DE PRODUTOS QUÍMICOS APLICADOS \ ETA CASTELO BRANCO
A4: HORA | B4: COR (Uc) | F4: TURBIDEZ (Ut) | K4: Ph | O4: CLORO RESIDUAL (mg/L) | R4: DOSAGEM DO COAGULANTE | T4: VAZÃO DA ETA | U4: TIPO DE COAGULANTE | V4: TÉCNICO | X4: Hora | Y4: Vazão ETA (l/s) | Z4: Vazão Coagulante (l/h) | AA4: Código | AB4: Dosagem (mg/l) | AC4: Vazão Polímero (l/h) | AD4: Dosagem (mg/l) | AE4: Pré 1 (Lib/dia) | AF4: Pré 1 (Kg/h) | AG4: Pré 2 (Lib/dia) | AH4: Pré 2 (Kg/h) | AI4: Pós (Lib/dia) | AJ4: Pós (Kg/h) | AK4: Pré 1 (Lib/dia) cilindros | AL4: Pré 1 (Kg/h) cilindros | AM4: Pré 2 (Lib/dia) cilindros | AN4: Pré 2 (Kg/h) cilindros | AO4: Pós (Lib/dia) cilindros | AP4: Pós (Kg/h) cilindros | AQ4: COAGULANTE | AU4: Tempo de Utilização (h)
AQ5: Codigo | AR5: Nome | AS5: d (g/ml) | AT5: C (%)
B6: Bruta | C6: DEC_1 | D6: DEC_2 | E6: TRAT | F6: Bruta | G6: DEC_1 | H6: DEC_2 | I6: TRAT | J6: FILT | K6: Bruta | L6: DEC_1 | M6: DEC_2 | N6: TRAT | O6: TRAT | P6: DEC_1 | Q6: DEC_2 | R6: L/h | S6: mg/l | T6: L/s | X6: 0.041666667 | Y6: 2948 | Z6: 1752 | AA6: 1 | AB6: =IF('8'!AA6=1,(('8'!Z6*'8'!$AS$6*'8'!$AT$6)/('8'!Y6*0.0036)),IF('8'!AA6=2,(('8'!Z6*'8'!$AS$7*'8'!$AT$7)/('8'!Y6*0.0036)))) -> 109.78064 | AD6: =(('8'!AC6*'8'!$Q$10*1000000))/('8'!Y6*3600) -> 0 | AE6: 3000 | AF6: =('8'!AE6/24)*0.454 -> 56.75 | AG6: 500 | AH6: =('8'!AG6/24)*0.454 -> 9.4583333 | AI6: 3000 | AJ6: =('8'!AI6/24)*0.454 -> 56.75 | AL6: =('8'!AK6/24)*0.454 -> 0 | AN6: =('8'!AM6/24)*0.454 -> 0 | AP6: =('8'!AO6/24)*0.454 -> 0 | AQ6: 1 | AR6: S.A.L | AS6: 1.33 | AT6: 0.5
A7: 0 | B7: 400 | C7: 5 | D7: 5 | E7: 2.5 | F7: 106 | G7: 2.5 | H7: 2.3 | I7: 0.85 | J7: 1.7 | K7: 7 | L7: 5 | M7: 5 | N7: 4.5 | O7: 3.6 | P7: 1.4 | Q7: 1.5 | R7: ='7'!$Z$29 -> 1752 | S7: ='7'!AB29 -> 114.68226 | T7: ='7'!Y29 -> 3096 | U7: =IF('8'!AA6=1,'8'!AR6,'8'!AR7) -> S.A.L | V7: =ESCALA!$C$9 -> 0 | X7: 0.083333333 | Y7: 3131 | Z7: 1752 | AA7: 1 | AB7: =IF('8'!AA7=1,(('8'!Z7*'8'!$AS$6*'8'!$AT$6)/('8'!Y7*0.0036)),IF('8'!AA7=2,(('8'!Z7*'8'!$AS$7*'8'!$AT$7)/('8'!Y7*0.0036)))) -> 103.36421 | AD7: =(('8'!AC7*'8'!$Q$10*1000000))/('8'!Y7*3600) -> 0 | AE7: 3000 | AF7: =('8'!AE7/24)*0.454 -> 56.75 | AG7: 500 | AH7: =('8'!AG7/24)*0.454 -> 9.4583333 | AI7: 3000 | AJ7: =('8'!AI7/24)*0.454 -> 56.75 | AL7: =('8'!AK7/24)*0.454 -> 0 | AN7: =('8'!AM7/24)*0.454 -> 0 | AP7: =('8'!AO7/24)*0.454 -> 0 | AQ7: 2 | AR7: PAC 18 | AS7: 1.262 | AT7: 1 | AU7: 24
A8: 0.083333333 | B8: 400 | C8: 5 | D8: 5 | E8: 2.5 | F8: 104 | G8: 2.5 | H8: 2.5 | I8: 0.87 | J8: 1.7 | K8: 7 | L8: 5 | M8: 5 | N8: 4.5 | O8: 3.6 | P8: 1.4 | Q8: 1.7 | R8: ='8'!Z7 -> 1752 | S8: ='8'!AB7 -> 103.36421 | T8: ='8'!Y7 -> 3131 | U8: =IF('8'!AA7=1,'8'!AR6,'8'!AR7) -> S.A.L | X8: 0.125 | Y8: 3103 | Z8: 1752 | AA8: 1 | AB8: =IF('8'!AA8=1,(('8'!Z8*'8'!$AS$6*'8'!$AT$6)/('8'!Y8*0.0036)),IF('8'!AA8=2,(('8'!Z8*'8'!$AS$7*'8'!$AT$7)/('8'!Y8*0.0036)))) -> 104.29692 | AD8: =(('8'!AC8*'8'!$Q$10*1000000))/('8'!Y8*3600) -> 0 | AE8: 3000 | AF8: =('8'!AE8/24)*0.454 -> 56.75 | AG8: 500 | AH8: =('8'!AG8/24)*0.454 -> 9.4583333 | AI8: 3000 | AJ8: =('8'!AI8/24)*0.454 -> 56.75 | AL8: =('8'!AK8/24)*0.454 -> 0 | AN8: =('8'!AM8/24)*0.454 -> 0 | AP8: =('8'!AO8/24)*0.454 -> 0 | AQ8: Polímero Catiônico
A9: 0.16666667 | B9: 400 | C9: 5 | D9: 5 | E9: 2.5 | F9: 102 | G9: 2.6 | H9: 2.6 | I9: 0.87 | J9: 1.6 | K9: 7 | L9: 5 | M9: 5 | N9: 4.5 | O9: 3.6 | P9: 1.5 | Q9: 1.8 | R9: ='8'!Z9 -> 1752 | S9: ='8'!AB9 -> 106.84494 | T9: ='8'!Y9 -> 3029 | U9: =IF('8'!AA9=1,'8'!AR6,'8'!AR7) -> S.A.L | X9: 0.16666667 | Y9: 3029 | Z9: 1752 | AA9: 1 | AB9: =IF('8'!AA9=1,(('8'!Z9*'8'!$AS$6*'8'!$AT$6)/('8'!Y9*0.0036)),IF('8'!AA9=2,(('8'!Z9*'8'!$AS$7*'8'!$AT$7)/('8'!Y9*0.0036)))) -> 106.84494 | AD9: =(('8'!AC9*'8'!$Q$10*1000000))/('8'!Y9*3600) -> 0 | AE9: 3000 | AF9: =('8'!AE9/24)*0.454 -> 56.75 | AG9: 500 | AH9: =('8'!AG9/24)*0.454 -> 9.4583333 | AI9: 3000 | AJ9: =('8'!AI9/24)*0.454 -> 56.75 | AL9: =('8'!AK9/24)*0.454 -> 0 | AN9: =('8'!AM9/24)*0.454 -> 0 | AP9: =('8'!AO9/24)*0.454 -> 0 | AQ9: Nome | AT9: C (%)
A10: 0.25 | B10: 400 | C10: 5 | D10: 5 | E10: 2.5 | F10: 100 | G10: 2.7 | H10: 2.6 | I10: 0.89 | J10: 1.6 | K10: 7 | L10: 5 | M10: 5 | N10: 4.5 | O10: 3.6 | P10: 1.5 | Q10: 2 | R10: ='8'!Z11 -> 1752 | S10: ='8'!AB11 -> 107.37669 | T10: ='8'!Y11 -> 3014 | U10: =IF('8'!AA11=1,'8'!AR6,'8'!AR7) -> S.A.L | X10: 0.20833333 | Y10: 3029 | Z10: 1752 | AA10: 1 | AB10: =IF('8'!AA10=1,(('8'!Z10*'8'!$AS$6*'8'!$AT$6)/('8'!Y10*0.0036)),IF('8'!AA10=2,(('8'!Z10*'8'!$AS$7*'8'!$AT$7)/('8'!Y10*0.0036)))) -> 106.84494 | AD10: =(('8'!AC10*'8'!$Q$10*1000000))/('8'!Y10*3600) -> 0 | AE10: 3000 | AF10: =('8'!AE10/24)*0.454 -> 56.75 | AG10: 500 | AH10: =('8'!AG10/24)*0.454 -> 9.4583333 | AI10: 3000 | AJ10: =('8'!AI10/24)*0.454 -> 56.75 | AL10: =('8'!AK10/24)*0.454 -> 0 | AN10: =('8'!AM10/24)*0.454 -> 0 | AP10: =('8'!AO10/24)*0.454 -> 0 | AQ10: Aguapol 200 | AT10: 0.002
A11: 0.33333333 | B11: 250 | C11: 7.5 | D11: 7.5 | E11: 2.5 | F11: 94 | G11: 2.8 | H11: 2.1 | I11: 0.77 | J11: 1.7 | K11: 7.3 | L11: 5.8 | M11: 5.8 | N11: 6 | O11: 3.8 | P11: 0.6 | Q11: 1.7 | R11: ='8'!Z13 -> 1752 | S11: ='8'!AB13 -> 108.89412 | T11: ='8'!Y13 -> 2972 | U11: =IF('8'!AA13=1,'8'!AR6,'8'!AR7) -> S.A.L | X11: 0.25 | Y11: 3014 | Z11: 1752 | AA11: 1 | AB11: =IF('8'!AA11=1,(('8'!Z11*'8'!$AS$6*'8'!$AT$6)/('8'!Y11*0.0036)),IF('8'!AA11=2,(('8'!Z11*'8'!$AS$7*'8'!$AT$7)/('8'!Y11*0.0036)))) -> 107.37669 | AD11: =(('8'!AC11*'8'!$Q$10*1000000))/('8'!Y11*3600) -> 0 | AE11: 3000 | AF11: =('8'!AE11/24)*0.454 -> 56.75 | AG11: 500 | AH11: =('8'!AG11/24)*0.454 -> 9.4583333 | AI11: 3000 | AJ11: =('8'!AI11/24)*0.454 -> 56.75 | AL11: =('8'!AK11/24)*0.454 -> 0 | AN11: =('8'!AM11/24)*0.454 -> 0 | AP11: =('8'!AO11/24)*0.454 -> 0
A12: 0.41666667 | B12: 250 | C12: 7.5 | D12: 7.5 | E12: 2.5 | F12: 95 | G12: 2.8 | H12: 2.2 | I12: 0.78 | J12: 1.7 | K12: 7.3 | L12: 5.8 | M12: 5.8 | N12: 6 | O12: 3.8 | P12: 0.6 | Q12: 1.7 | R12: ='8'!Z15 -> 1752 | S12: ='8'!AB15 -> 105.41802 | T12: ='8'!Y15 -> 3070 | U12: =IF('8'!AA15=1,'8'!AR6,'8'!AR7) -> S.A.L | V12: =ESCALA!$B$10 -> 0 | X12: 0.29166667 | Y12: 3091 | Z12: 1752 | AA12: 1 | AB12: =IF('8'!AA12=1,(('8'!Z12*'8'!$AS$6*'8'!$AT$6)/('8'!Y12*0.0036)),IF('8'!AA12=2,(('8'!Z12*'8'!$AS$7*'8'!$AT$7)/('8'!Y12*0.0036)))) -> 104.70182 | AD12: =(('8'!AC12*'8'!$Q$10*1000000))/('8'!Y12*3600) -> 0 | AE12: 3500 | AF12: =('8'!AE12/24)*0.454 -> 66.208333 | AG12: 500 | AH12: =('8'!AG12/24)*0.454 -> 9.4583333 | AI12: 3000 | AJ12: =('8'!AI12/24)*0.454 -> 56.75 | AL12: =('8'!AK12/24)*0.454 -> 0 | AN12: =('8'!AM12/24)*0.454 -> 0 | AP12: =('8'!AO12/24)*0.454 -> 0
A13: 0.5 | B13: 250 | C13: 7.5 | D13: 7.5 | E13: 2.5 | F13: 95 | G13: 3.1 | H13: 2.2 | I13: 0.85 | J13: 1.5 | K13: 7.3 | L13: 5.8 | M13: 5.8 | N13: 6 | O13: 3.8 | P13: 0.5 | Q13: 1.7 | R13: ='8'!Z17 -> 1752 | S13: ='8'!AB17 -> 104.73571 | T13: ='8'!Y17 -> 3090 | U13: =IF('8'!AA17=1,'8'!AR6,'8'!AR7) -> S.A.L | X13: 0.33333333 | Y13: 2972 | Z13: 1752 | AA13: 1 | AB13: =IF('8'!AA13=1,(('8'!Z13*'8'!$AS$6*'8'!$AT$6)/('8'!Y13*0.0036)),IF('8'!AA13=2,(('8'!Z13*'8'!$AS$7*'8'!$AT$7)/('8'!Y13*0.0036)))) -> 108.89412 | AD13: =(('8'!AC13*'8'!$Q$10*1000000))/('8'!Y13*3600) -> 0 | AE13: 3500 | AF13: =('8'!AE13/24)*0.454 -> 66.208333 | AG13: 500 | AH13: =('8'!AG13/24)*0.454 -> 9.4583333 | AI13: 3000 | AJ13: =('8'!AI13/24)*0.454 -> 56.75 | AL13: =('8'!AK13/24)*0.454 -> 0 | AN13: =('8'!AM13/24)*0.454 -> 0 | AP13: =('8'!AO13/24)*0.454 -> 0
A14: 0.58333333 | B14: 250 | C14: 7.5 | D14: 7.5 | E14: 2.5 | F14: 95 | G14: 3.4 | H14: 2.2 | I14: 0.89 | J14: 1.4 | K14: 7.3 | L14: 5.8 | M14: 5.8 | N14: 6 | O14: 3.8 | P14: 0.3 | Q14: 1.7 | R14: ='8'!Z19 -> 1752 | S14: ='8'!AB19 -> 107.26991 | T14: ='8'!Y19 -> 3017 | U14: =IF('8'!AA19=1,'8'!AR6,'8'!AR7) -> S.A.L | X14: 0.375 | Y14: 3043 | Z14: 1752 | AA14: 1 | AB14: =IF('8'!AA14=1,(('8'!Z14*'8'!$AS$6*'8'!$AT$6)/('8'!Y14*0.0036)),IF('8'!AA14=2,(('8'!Z14*'8'!$AS$7*'8'!$AT$7)/('8'!Y14*0.0036)))) -> 106.35338 | AD14: =(('8'!AC14*'8'!$Q$10*1000000))/('8'!Y14*3600) -> 0 | AE14: 3500 | AF14: =('8'!AE14/24)*0.454 -> 66.208333 | AG14: 500 | AH14: =('8'!AG14/24)*0.454 -> 9.4583333 | AI14: 3000 | AJ14: =('8'!AI14/24)*0.454 -> 56.75 | AL14: =('8'!AK14/24)*0.454 -> 0 | AN14: =('8'!AM14/24)*0.454 -> 0 | AP14: =('8'!AO14/24)*0.454 -> 0
A15: 0.66666667 | B15: 250 | C15: 7.5 | D15: 7.5 | E15: 2.5 | F15: 94 | G15: 3 | H15: 1.9 | I15: 0.85 | J15: 2 | K15: 7.3 | L15: 5.8 | M15: 5.8 | N15: 6 | O15: 3.6 | P15: 0.5 | Q15: 0.8 | R15: ='8'!Z21 -> 1752 | S15: ='8'!AB21 -> 110.37972 | T15: ='8'!Y21 -> 2932 | U15: =IF('8'!AA21=1,'8'!AR6,'8'!AR7) -> S.A.L | X15: 0.41666667 | Y15: 3070 | Z15: 1752 | AA15: 1 | AB15: =IF('8'!AA15=1,(('8'!Z15*'8'!$AS$6*'8'!$AT$6)/('8'!Y15*0.0036)),IF('8'!AA15=2,(('8'!Z15*'8'!$AS$7*'8'!$AT$7)/('8'!Y15*0.0036)))) -> 105.41802 | AD15: =(('8'!AC15*'8'!$Q$10*1000000))/('8'!Y15*3600) -> 0 | AE15: 3500 | AF15: =('8'!AE15/24)*0.454 -> 66.208333 | AG15: 500 | AH15: =('8'!AG15/24)*0.454 -> 9.4583333 | AI15: 3000 | AJ15: =('8'!AI15/24)*0.454 -> 56.75 | AL15: =('8'!AK15/24)*0.454 -> 0 | AN15: =('8'!AM15/24)*0.454 -> 0 | AP15: =('8'!AO15/24)*0.454 -> 0
A16: 0.75 | B16: 250 | C16: 7.5 | D16: 7.5 | E16: 2.5 | F16: 97 | G16: 2.8 | H16: 2 | I16: 0.82 | J16: 1.7 | K16: 7.3 | L16: 5.8 | M16: 5.8 | N16: 6 | O16: 3.6 | P16: 0.5 | Q16: 1.2 | R16: ='8'!Z23 -> 1752 | S16: ='8'!AB23 -> 106.07451 | T16: ='8'!Y23 -> 3051 | U16: =IF('8'!AA23=1,'8'!AR6,'8'!AR7) -> S.A.L | X16: 0.45833333 | Y16: 2933 | Z16: 1752 | AA16: 1 | AB16: =IF('8'!AA16=1,(('8'!Z16*'8'!$AS$6*'8'!$AT$6)/('8'!Y16*0.0036)),IF('8'!AA16=2,(('8'!Z16*'8'!$AS$7*'8'!$AT$7)/('8'!Y16*0.0036)))) -> 110.34208 | AD16: =(('8'!AC16*'8'!$Q$10*1000000))/('8'!Y16*3600) -> 0 | AE16: 3500 | AF16: =('8'!AE16/24)*0.454 -> 66.208333 | AG16: 500 | AH16: =('8'!AG16/24)*0.454 -> 9.4583333 | AI16: 3000 | AJ16: =('8'!AI16/24)*0.454 -> 56.75 | AL16: =('8'!AK16/24)*0.454 -> 0 | AN16: =('8'!AM16/24)*0.454 -> 0 | AP16: =('8'!AO16/24)*0.454 -> 0
