Workbook
Name _FilterDatabase_0: #REF!
Name G: NA()
Name Hi: NA()
Name hii: NA()
Name Ho: NA()
Name maruza: [1]Jenipapo!$E$73
Name N: NA()
Name Resumo_da_Avaliação_do_Desempenho_do_Elo_Ibura: [1]Ibura!$A$11:$D$13
Name T: NA()
Name Vazão: NA()
Name Vi: NA()
Name Viii: NA()
Name W: NA()

Sheet ESCALA
A1: DATA | B1: ESCALA | C1: ESCALA
B2: 07:00h às 19:00h | C2: 19:00h às 07:00h
A3: 43891 | E3: DIGITAR PRIMEIRO DIA DO MÊS
A4: =ESCALA!A3+1 -> 43892
A5: =ESCALA!A4+1 -> 43893
A6: =ESCALA!A5+1 -> 43894
A7: =ESCALA!A6+1 -> 43895
A8: =ESCALA!A7+1 -> 43896
A9: =ESCALA!A8+1 -> 43897
A10: =ESCALA!A9+1 -> 43898
A11: =ESCALA!A10+1 -> 43899
A12: =ESCALA!A11+1 -> 43900
A13: =ESCALA!A12+1 -> 43901
A14: =ESCALA!A13+1 -> 43902
A15: =ESCALA!A14+1 -> 43903
... A33: =ESCALA!A32+1 -> 43921

Sheet 1
D2: CONTROLE DE ANÁLISE FÍSICO - QUÍMICAS \ ETA CASTELO BRANCO | AB2: CONTROLE DE PRODUTOS QUÍMICOS APLICADOS \ ETA CASTELO BRANCO
A4: HORA | B4: COR (Uc) | F4: TURBIDEZ (Ut) | K4: Ph | O4: CLORO RESIDUAL (mg/L) | R4: DOSAGEM DO COAGULANTE | T4: VAZÃO DA ETA | U4: TIPO DE COAGU LANTE | V4: TÉCNICO | X4: Hora | Y4: Vazão ETA (l/s) | Z4: Vazão Coagulante (l/h) | AA4: Código | AB4: Dosagem (mg/l) | AC4: Vazão Polímero (l/h) | AD4: Dosagem (mg/l) | AE4: Pré 1 (Lib/dia) | AF4: Pré 1 (Kg/h) | AG4: Pré 2 (Lib/dia) | AH4: Pré 2 (Kg/h) | AI4: Pós (Lib/dia) | AJ4: Pós (Kg/h) | AK4: Pré 1 (Lib/dia) cilindros | AL4: Pré 1 (Kg/h) cilindros | AM4: Pré 2 (Lib/dia) cilindros | AN4: Pré 2 (Kg/h) cilindros | AO4: Pós (Lib/dia) cilindros | AP4: Pós (Kg/h) cilindros | AQ4: COAGULANTE | AU4: Tempo de Utilização (h)
AQ5: Codigo | AR5: Nome | AS5: d (g/ml) | AT5: C (%)
B6: Bruta | C6: DEC_1 | D6: DEC_2 | E6: TRAT | F6: Bruta | G6: DEC_1 | H6: DEC_2 | I6: TRAT | J6: FILT | K6: Bruta | L6: DEC_1 | M6: DEC_2 | N6: TRAT | O6: TRAT | P6: DEC_1 | Q6: DEC_2 | R6: L/h | S6: mg/l | T6: L/s | X6: 0.041666667 | Y6: 2806 | Z6: 987 | AA6: 1 | AB6: =IF('1'!AA6=1,(('1'!Z6*'1'!$AS$6*'1'!$AT$6)/('1'!Y6*0.0036)),IF('1'!AA6=2,(('1'!Z6*'1'!$AS$7*'1'!$AT$7)/('1'!Y6*0.0036)))) -> 64.97535 | AD6: =(('1'!AC6*'1'!$Q$10*1000000))/('1'!Z10*3600) -> 0 | AF6: =('1'!AE6/24)*0.454 -> 0 | AH6: =('1'!AG6/24)*0.454 -> 0 | AI6: 5200 | AJ6: =('1'!AI6/24)*0.454 -> 98.366667 | AL6: =('1'!AK6/24)*0.454 -> 0 | AN6: =('1'!AM6/24)*0.454 -> 0 | AP6: =('1'!AO6/24)*0.454 -> 0 | AQ6: 1 | AR6: S.A.L | AS6: 1.33 | AT6: 0.5 | AU6: 0
A7: 0 | B7: 80 | C7: 12.5 | D7: 12.5 | E7: 2.5 | F7: 9.4 | G7: 1.4 | H7: 1.6 | I7: 0.4 | J7: 0.4 | K7: 7.3 | L7: 6.7 | M7: 6.7 | N7: 6.4 | O7: 3.2 | R7: 987 | S7: 65.1 | T7: 2802 | U7: =IF('1'!AA6=1,'1'!AR6,'1'!AR7) -> S.A.L | X7: 0.083333333 | Y7: 2800 | Z7: 987 | AA7: 1 | AB7: =IF('1'!AA7=1,(('1'!Z7*'1'!$AS$6*'1'!$AT$6)/('1'!Y7*0.0036)),IF('1'!AA7=2,(('1'!Z7*'1'!$AS$7*'1'!$AT$7)/('1'!Y7*0.0036)))) -> 65.114583 | AD7: =(('1'!AC7*'1'!$Q$10*1000000))/('1'!Z11*3600) -> 0 | AF7: =('1'!AE7/24)*0.454 -> 0 | AH7: =('1'!AG7/24)*0.454 -> 0 | AI7: 5200 | AJ7: =('1'!AI7/24)*0.454 -> 98.366667 | AL7: =('1'!AK7/24)*0.454 -> 0 | AN7: =('1'!AM7/24)*0.454 -> 0 | AP7: =('1'!AO7/24)*0.454 -> 0 | AQ7: 2 | AR7: PAC 18 | AS7: 1.377 | AT7: 1 | AU7: 24
A8: 0.083333333 | B8: 80 | C8: 12.5 | D8: 12.5 | E8: 2.5 | F8: 9 | G8: 1.2 | H8: 1.5 | I8: 0.4 | J8: 0.4 | K8: 7.3 | L8: 6.7 | M8: 6.7 | N8: 6.4 | O8: 3.2 | R8: ='1'!Z7 -> 987 | S8: ='1'!AB7 -> 65.114583 | T8: ='1'!Y7 -> 2800 | U8: =IF('1'!AA7=1,'1'!AR6,'1'!AR7) -> S.A.L | X8: 0.125 | Y8: 2792 | Z8: 987 | AA8: 1 | AB8: =IF('1'!AA8=1,(('1'!Z8*'1'!$AS$6*'1'!$AT$6)/('1'!Y8*0.0036)),IF('1'!AA8=2,(('1'!Z8*'1'!$AS$7*'1'!$AT$7)/('1'!Y8*0.0036)))) -> 65.301158 | AD8: =(('1'!AC8*'1'!$Q$10*1000000))/('1'!Z12*3600) -> 0 | AF8: =('1'!AE8/24)*0.454 -> 0 | AH8: =('1'!AG8/24)*0.454 -> 0 | AI8: 5200 | AJ8: =('1'!AI8/24)*0.454 -> 98.366667 | AL8: =('1'!AK8/24)*0.454 -> 0 | AN8: =('1'!AM8/24)*0.454 -> 0 | AP8: =('1'!AO8/24)*0.454 -> 0 | AQ8: Polímero Catiônico
A9: 0.16666667 | B9: 70 | C9: 12.5 | D9: 12.5 | E9: 2.5 | F9: 8.9 | G9: 1.2 | H9: 1.5 | I9: 0.4 | J9: 0.4 | K9: 7.3 | L9: 6.7 | M9: 6.7 | N9: 6.4 | O9: 3.2 | R9: ='1'!Z9 -> 987 | S9: ='1'!AB9 -> 64.79063 | T9: ='1'!Y9 -> 2814 | U9: =IF('1'!AA9=1,'1'!AR6,'1'!AR7) -> S.A.L | X9: 0.16666667 | Y9: 2814 | Z9: 987 | AA9: 1 | AB9: =IF('1'!AA9=1,(('1'!Z9*'1'!$AS$6*'1'!$AT$6)/('1'!Y9*0.0036)),IF('1'!AA9=2,(('1'!Z9*'1'!$AS$7*'1'!$AT$7)/('1'!Y9*0.0036)))) -> 64.79063 | AD9: =(('1'!AC9*'1'!$Q$10*1000000))/('1'!Z13*3600) -> 0 | AF9: =('1'!AE9/24)*0.454 -> 0 | AH9: =('1'!AG9/24)*0.454 -> 0 | AI9: 5200 | AJ9: =('1'!AI9/24)*0.454 -> 98.366667 | AL9: =('1'!AK9/24)*0.454 -> 0 | AN9: =('1'!AM9/24)*0.454 -> 0 | AP9: =('1'!AO9/24)*0.454 -> 0 | AQ9: Nome | AT9: C (%)
A10: 0.25 | B10: 70 | C10: 12.5 | D10: 12.5 | E10: 2.5 | F10: 8.7 | G10: 1.2 | H10: 1.5 | I10: 0.4 | J10: 0.4 | K10: 7.3 | L10: 6.7 | M10: 6.7 | N10: 6.4 | O10: 3.2 | R10: ='1'!Z11 -> 987 | S10: ='1'!AB11 -> 66.370889 | T10: ='1'!Y11 -> 2747 | U10: =IF('1'!AA11=1,'1'!AR6,'1'!AR7) -> S.A.L | X10: 0.20833333 | Y10: 2758 | Z10: 987 | AA10: 1 | AB10: =IF('1'!AA10=1,(('1'!Z10*'1'!$AS$6*'1'!$AT$6)/('1'!Y10*0.0036)),IF('1'!AA10=2,(('1'!Z10*'1'!$AS$7*'1'!$AT$7)/('1'!Y10*0.0036)))) -> 66.106176 | AD10: =(('1'!AC10*'1'!$Q$10*1000000))/('1'!Z14*3600) -> 0 | AF10: =('1'!AE10/24)*0.454 -> 0 | AH10: =('1'!AG10/24)*0.454 -> 0 | AI10: 5200 | AJ10: =('1'!AI10/24)*0.454 -> 98.366667 | AL10: =('1'!AK10/24)*0.454 -> 0 | AN10: =('1'!AM10/24)*0.454 -> 0 | AP10: =('1'!AO10/24)*0.454 -> 0 | AQ10: Aguapol 200 | AT10: 0.002
A11: 0.33333333 | B11: 80 | C11: 12.5 | D11: 12.5 | E11: 2.5 | F11: 9.2 | G11: 1.3 | H11: 1.4 | I11: 0.4 | J11: 0.4 | K11: 7.3 | L11: 6.7 | M11: 6.7 | N11: 6.4 | O11: 3.2 | R11: ='1'!Z13 -> 987 | S11: ='1'!AB13 -> 65.3714 | T11: ='1'!Y13 -> 2789 | U11: =IF('1'!AA13=1,'1'!AR6,'1'!AR7) -> S.A.L | X11: 0.25 | Y11: 2747 | Z11: 987 | AA11: 1 | AB11: =IF('1'!AA11=1,(('1'!Z11*'1'!$AS$6*'1'!$AT$6)/('1'!Y11*0.0036)),IF('1'!AA11=2,(('1'!Z11*'1'!$AS$7*'1'!$AT$7)/('1'!Y11*0.0036)))) -> 66.370889 | AD11: =(('1'!AC11*'1'!$Q$10*1000000))/('1'!Z15*3600) -> 0 | AF11: =('1'!AE11/24)*0.454 -> 0 | AH11: =('1'!AG11/24)*0.454 -> 0 | AI11: 5200 | AJ11: =('1'!AI11/24)*0.454 -> 98.366667 | AL11: =('1'!AK11/24)*0.454 -> 0 | AN11: =('1'!AM11/24)*0.454 -> 0 | AP11: =('1'!AO11/24)*0.454 -> 0
A12: 0.41666667 | B12: 80 | C12: 12.5 | D12: 12.5 | E12: 2.5 | F12: 9.4 | G12: 1.4 | H12: 1.4 | I12: 0.4 | J12: 0.4 | K12: 7.3 | L12: 6.7 | M12: 6.7 | N12: 6.4 | O12: 3.2 | R12: ='1'!Z15 -> 987 | S12: ='1'!AB15 -> 65.207737 | T12: ='1'!Y15 -> 2796 | U12: =IF('1'!AA15=1,'1'!AR6,'1'!AR7) -> S.A.L | V12: =ESCALA!$B$3 -> 0 | X12: 0.29166667 | Y12: 2769 | Z12: 987 | AA12: 1 | AB12: =IF('1'!AA12=1,(('1'!Z12*'1'!$AS$6*'1'!$AT$6)/('1'!Y12*0.0036)),IF('1'!AA12=2,(('1'!Z12*'1'!$AS$7*'1'!$AT$7)/('1'!Y12*0.0036)))) -> 65.843566 | AD12: =(('1'!AC12*'1'!$Q$10*1000000))/('1'!Z16*3600) -> 0 | AF12: =('1'!AE12/24)*0.454 -> 0 | AH12: =('1'!AG12/24)*0.454 -> 0 | AI12: 5200 | AJ12: =('1'!AI12/24)*0.454 -> 98.366667 | AL12: =('1'!AK12/24)*0.454 -> 0 | AN12: =('1'!AM12/24)*0.454 -> 0 | AP12: =('1'!AO12/24)*0.454 -> 0
A13: 0.5 | B13: 80 | C13: 12.5 | D13: 12.5 | E13: 2.5 | F13: 9.2 | G13: 1.4 | H13: 1.4 | I13: 0.4 | J13: 0.4 | K13: 7.3 | L13: 6.7 | M13: 6.7 | N13: 6.4 | O13: 3.2 | R13: ='1'!Z17 -> 987 | S13: ='1'!AB17 -> 63.972222 | T13: ='1'!Y17 -> 2850 | U13: =IF('1'!AA17=1,'1'!AR6,'1'!AR7) -> S.A.L | X13: 0.33333333 | Y13: 2789 | Z13: 987 | AA13: 1 | AB13: =IF('1'!AA13=1,(('1'!Z13*'1'!$AS$6*'1'!$AT$6)/('1'!Y13*0.0036)),IF('1'!AA13=2,(('1'!Z13*'1'!$AS$7*'1'!$AT$7)/('1'!Y13*0.0036)))) -> 65.3714 | AD13: =(('1'!AC13*'1'!$Q$10*1000000))/('1'!Z17*3600) -> 0 | AF13: =('1'!AE13/24)*0.454 -> 0 | AH13: =('1'!AG13/24)*0.454 -> 0 | AI13: 5200 | AJ13: =('1'!AI13/24)*0.454 -> 98.366667 | AL13: =('1'!AK13/24)*0.454 -> 0 | AN13: =('1'!AM13/24)*0.454 -> 0 | AP13: =('1'!AO13/24)*0.454 -> 0
A14: 0.58333333 | B14: 80 | C14: 12.5 | D14: 12.5 | E14: 2.5 | F14: 9.1 | G14: 1.4 | H14: 1.5 | I14: 0.4 | J14: 0.4 | K14: 7.3 | L14: 6.7 | M14: 6.7 | N14: 6.4 | O14: 3.2 | R14: ='1'!Z19 -> 987 | S14: ='1'!AB19 -> 62.869253 | T14: ='1'!Y19 -> 2900 | U14: =IF('1'!AA19=1,'1'!AR6,'1'!AR7) -> S.A.L | X14: 0.375 | Y14: 2798 | Z14: 987 | AA14: 1 | AB14: =IF('1'!AA14=1,(('1'!Z14*'1'!$AS$6*'1'!$AT$6)/('1'!Y14*0.0036)),IF('1'!AA14=2,(('1'!Z14*'1'!$AS$7*'1'!$AT$7)/('1'!Y14*0.0036)))) -> 65.161127 | AD14: =(('1'!AC14*'1'!$Q$10*1000000))/('1'!Z18*3600) -> 0 | AF14: =('1'!AE14/24)*0.454 -> 0 | AH14: =('1'!AG14/24)*0.454 -> 0 | AI14: 5200 | AJ14: =('1'!AI14/24)*0.454 -> 98.366667 | AL14: =('1'!AK14/24)*0.454 -> 0 | AN14: =('1'!AM14/24)*0.454 -> 0 | AP14: =('1'!AO14/24)*0.454 -> 0
A15: 0.66666667 | B15: 80 | C15: 12.5 | D15: 12.5 | E15: 2.5 | F15: 9 | G15: 1.4 | H15: 1.5 | I15: 0.4 | J15: 0.4 | K15: 7.3 | L15: 6.7 | M15: 6.7 | N15: 6.4 | O15: 3.2 | R15: ='1'!Z21 -> 987 | S15: ='1'!AB21 -> 63.949784 | T15: ='1'!Y21 -> 2851 | U15: =IF('1'!AA21=1,'1'!AR6,'1'!AR7) -> S.A.L | X15: 0.41666667 | Y15: 2796 | Z15: 987 | AA15: 1 | AB15: =IF('1'!AA15=1,(('1'!Z15*'1'!$AS$6*'1'!$AT$6)/('1'!Y15*0.0036)),IF('1'!AA15=2,(('1'!Z15*'1'!$AS$7*'1'!$AT$7)/('1'!Y15*0.0036)))) -> 65.207737 | AD15: =(('1'!AC15*'1'!$Q$10*1000000))/('1'!Z19*3600) -> 0 | AF15: =('1'!AE15/24)*0.454 -> 0 | AH15: =('1'!AG15/24)*0.454 -> 0 | AI15: 5200 | AJ15: =('1'!AI15/24)*0.454 -> 98.366667 | AL15: =('1'!AK15/24)*0.454 -> 0 | AN15: =('1'!AM15/24)*0.454 -> 0 | AP15: =('1'!AO15/24)*0.454 -> 0
A16: 0.75 | B16: 80 | C16: 12.5 | D16: 12.5 | E16: 2.5 | F16: 9.1 | G16: 1.3 | H16: 1.5 | I16: 0.4 | J16: 0.4 | K16: 7.3 | L16: 6.7 | M16: 6.7 | N16: 6.4 | O16: 3.2 | R16: ='1'!Z23 -> 987 | S16: ='1'!AB23 -> 64.107185 | T16: ='1'!Y23 -> 2844 | U16: =IF('1'!AA23=1,'1'!AR6,'1'!AR7) -> S.A.L | X16: 0.45833333 | Y16: 2754 | Z16: 987 | AA16: 1 | AB16: =IF('1'!AA16=1,(('1'!Z16*'1'!$AS$6*'1'!$AT$6)/('1'!Y16*0.0036)),IF('1'!AA16=2,(('1'!Z16*'1'!$AS$7*'1'!$AT$7)/('1'!Y16*0.0036)))) -> 66.202191 | AD16: =(('1'!AC16*'1'!$Q$10*1000000))/('1'!Z20*3600) -> 0 | AF16: =('1'!AE16/24)*0.454 -> 0 | AH16: =('1'!AG16/24)*0.454 -> 0 | AI16: 5200 | AJ16: =('1'!AI16/24)*0.454 -> 98.366667 | AL16: =('1'!AK16/24)*0.454 -> 0 | AN16: =('1'!AM16/24)*0.454 -> 0 | AP16: =('1'!AO16/24)*0.454 -> 0
A17: 0.83333333 | B17: 80 | C17: 12.5 | D17: 12.5 | E17: 2.5 | F17: 9.4 | G17: 1.3 | H17: 1.4 | I17: 0.4 | J17: 0.4 | K17: 7.3 | L17: 6.7 | M17: 6.7 | N17: 6.4 | O17: 3.2 | R17: ='1'!Z25 -> 987 | S17: ='1'!AB25 -> 65.606633 | T17: ='1'!Y25 -> 2779 | U17: =IF('1'!AA25=1,'1'!AR6,'1'!AR7) -> S.A.L | V17: =ESCALA!$C$3 -> 0 | X17: 0.5 | Y17: 2850 | Z17: 987 | AA17: 1 | AB17: =IF('1'!AA17=1,(('1'!Z17*'1'!$AS$6*'1'!$AT$6)/('1'!Y17*0.0036)),IF('1'!AA17=2,(('1'!Z17*'1'!$AS$7*'1'!$AT$7)/('1'!Y17*0.0036)))) -> 63.972222 | AD17: =(('1'!AC17*'1'!$Q$10*1000000))/('1'!Z21*3600) -> 0 | AF17: =('1'!AE17/24)*0.454 -> 0 | AH17: =('1'!AG17/24)*0.454 -> 0 | AI17: 5200 | AJ17: =('1'!AI17/24)*0.454 -> 98.366667 | AL17: =('1'!AK17/24)*0.454 -> 0 | AN17: =('1'!AM17/24)*0.454 -> 0 | AP17: =('1'!AO17/24)*0.454 -> 0
A18: 0.91666667 | B18: 80 | C18: 12.5 | D18: 12.5 | E18: 2.5 | F18: 9.6 | G18: 1.2 | H18: 1.4 | I18: 0.4 | J18: 0.4 | K18: 7.3 | L18: 6.7 | M18: 6.7 | N18: 6.4 | O18: 3.2 | R18: ='1'!Z27 -> 987 | S18: ='1'!AB27 -> 65.418311 | T18: ='1'!Y27 -> 2787 | U18: =IF('1'!AA27=1,'1'!AR6,'1'!AR7) -> S.A.L | X18: 0.54166667 | Y18: 2852 | Z18: 987 | AA18: 1 | AB18: =IF('1'!AA18=1,(('1'!Z18*'1'!$AS$6*'1'!$AT$6)/('1'!Y18*0.0036)),IF('1'!AA18=2,(('1'!Z18*'1'!$AS$7*'1'!$AT$7)/('1'!Y18*0.0036)))) -> 63.927361 | AD18: =(('1'!AC18*'1'!$Q$10*1000000))/('1'!Z22*3600) -> 0 | AF18: =('1'!AE18/24)*0.454 -> 0 | AH18: =('1'!AG18/24)*0.454 -> 0 | AI18: 5200 | AJ18: =('1'!AI18/24)*0.454 -> 98.366667 | AL18: =('1'!AK18/24)*0.454 -> 0 | AN18: =('1'!AM18/24)*0.454 -> 0 | AP18: =('1'!AO18/24)*0.454 -> 0
A19: Média | B19: {=IF('1'!B7:B18>0.01,AVERAGE('1'!B7:B18),"")} -> 78.333333 | C19: {=IF('1'!C7:C18>0.01,AVERAGE('1'!C7:C18),"")} -> 12.5 | D19: {=IF('1'!D7:D18>0.01,AVERAGE('1'!D7:D18),"")} -> 12.5 | E19: {=IF('1'!E7:E18>0.01,AVERAGE('1'!E7:E18),"")} -> 2.5 | F19: {=IF('1'!F7:F18>0.01,AVERAGE('1'!F7:F18),"")} -> 9.1666667 | G19: {=IF('1'!G7:G18>0.01,AVERAGE('1'!G7:G18),"")} -> 1.3083333 | H19: {=IF('1'!H7:H18>0.01,AVERAGE('1'!H7:H18),"")} -> 1.4666667 | I19: {=IF('1'!I7:I18>0.01,AVERAGE('1'!I7:I18),"")} -> 0.4 | ... S19: {=IF('1'!S7:S18>0.01,AVERAGE('1'!S7:S18),"")} -> 64.823219 | X19: 0.58333333 | Y19: 2900 | Z19: 987 | AA19: 1 | AB19: =IF('1'!AA19=1,(('1'!Z19*'1'!$AS$6*'1'!$AT$6)/('1'!Y19*0.0036)),IF('1'!AA19=2,(('1'!Z19*'1'!$AS$7*'1'!$AT$7)/('1'!Y19*0.0036)))) -> 62.869253 | AD19: =(('1'!AC19*'1'!$Q$10*1000000))/('1'!Z23*3600) -> 0 | AF19: =('1'!AE19/24)*0.454 -> 0 | AH19: =('1'!AG19/24)*0.454 -> 0 | AI19: 5200 | AJ19: =('1'!AI19/24)*0.454 -> 98.366667 | AL19: =('1'!AK19/24)*0.454 -> 0 | AN19: =('1'!AM19/24)*0.454 -> 0 | AP19: =('1'!AO19/24)*0.454 -> 0
A20: Máximo | B20: =MAX('1'!B7:B18) -> 80 | C20: =MAX('1'!C7:C18) -> 12.5 | D20: =MAX('1'!D7:D18) -> 12.5 | E20: =MAX('1'!E7:E18) -> 2.5 | F20: =MAX('1'!F7:F18) -> 9.6 | G20: =MAX('1'!G7:G18) -> 1.4 | H20: =MAX('1'!H7:H18) -> 1.6 | I20: =MAX('1'!I7:I18) -> 0.4 | ... S20: =MAX('1'!S7:S18) -> 66.370889 | X20: 0.625 | Y20: 2912 | Z20: 987 | AA20: 1 | AB20: =IF('1'!AA20=1,(('1'!Z20*'1'!$AS$6*'1'!$AT$6)/('1'!Y20*0.0036)),IF('1'!AA20=2,(('1'!Z20*'1'!$AS$7*'1'!$AT$7)/('1'!Y20*0.0036)))) -> 62.610176 | AD20: =(('1'!AC20*'1'!$Q$10*1000000))/('1'!Z24*3600) -> 0 | AF20: =('1'!AE20/24)*0.454 -> 0 | AH20: =('1'!AG20/24)*0.454 -> 0 | AI20: 5200 | AJ20: =('1'!AI20/24)*0.454 -> 98.366667 | AL20: =('1'!AK20/24)*0.454 -> 0 | AN20: =('1'!AM20/24)*0.454 -> 0 | AP20: =('1'!AO20/24)*0.454 -> 0
A21: Mínimo | B21: =MIN('1'!B7:B18) -> 70 | C21: =MIN('1'!C7:C18) -> 12.5 | D21: =MIN('1'!D7:D18) -> 12.5 | E21: =MIN('1'!E7:E18) -> 2.5 | F21: =MIN('1'!F7:F18) -> 8.7 | G21: =MIN('1'!G7:G18) -> 1.2 | H21: =MIN('1'!H7:H18) -> 1.4 | I21: =MIN('1'!I7:I18) -> 0.4 | ... S21: =MIN('1'!S7:S18) -> 62.869253 | X21: 0.66666667 | Y21: 2851 | Z21: 987 | AA21: 1 | AB21: =IF('1'!AA21=1,(('1'!Z21*'1'!$AS$6*'1'!$AT$6)/('1'!Y21*0.0036)),IF('1'!AA21=2,(('1'!Z21*'1'!$AS$7*'1'!$AT$7)/('1'!Y21*0.0036)))) -> 63.949784 | AD21: =(('1'!AC21*'1'!$Q$10*1000000))/('1'!Y21*3600) -> 0 | AF21: =('1'!AE21/24)*0.454 -> 0 | AH21: =('1'!AG21/24)*0.454 -> 0 | AI21: 5200 | AJ21: =('1'!AI21/24)*0.454 -> 98.366667 | AL21: =('1'!AK21/24)*0.454 -> 0 | AN21: =('1'!AM21/24)*0.454 -> 0 | AP21: =('1'!AO21/24)*0.454 -> 0
R22: Total | X22: 0.70833333 | Y22: 2823 | Z22: 987 | AA22: 1 | AB22: =IF('1'!AA22=1,(('1'!Z22*'1'!$AS$6*'1'!$AT$6)/('1'!Y22*0.0036)),IF('1'!AA22=2,(('1'!Z22*'1'!$AS$7*'1'!$AT$7)/('1'!Y22*0.0036)))) -> 64.584071 | AD22: =(('1'!AC22*'1'!$Q$10*1000000))/('1'!Y22*3600) -> 0 | AF22: =('1'!AE22/24)*0.454 -> 0 | AH22: =('1'!AG22/24)*0.454 -> 0 | AI22: 5200 | AJ22: =('1'!AI22/24)*0.454 -> 98.366667 | AL22: =('1'!AK22/24)*0.454 -> 0 | AN22: =('1'!AM22/24)*0.454 -> 0 | AP22: =('1'!AO22/24)*0.454 -> 0
A23: TURBIDEZ DOS FILTROS DA 1ª E 2ª ETAPAS | R23: 440 | S23: Litros | X23: 0.75 | Y23: 2844 | Z23: 987 | AA23: 1 | AB23: =IF('1'!AA23=1,(('1'!Z23*'1'!$AS$6*'1'!$AT$6)/('1'!Y23*0.0036)),IF('1'!AA23=2,(('1'!Z23*'1'!$AS$7*'1'!$AT$7)/('1'!Y23*0.0036)))) -> 64.107185 | AD23: =(('1'!AC23*'1'!$Q$10*1000000))/('1'!Y23*3600) -> 0 | AF23: =('1'!AE23/24)*0.454 -> 0 | AH23: =('1'!AG23/24)*0.454 -> 0 | AI23: 5200 | AJ23: =('1'!AI23/24)*0.454 -> 98.366667 | AL23: =('1'!AK23/24)*0.454 -> 0 | AN23: =('1'!AM23/24)*0.454 -> 0 | AP23: =('1'!AO23/24)*0.454 -> 0
A24: HORA | B24: 1 | C24: 2 | D24: 3 | E24: 4 | F24: 5 | G24: 6 | H24: 7 | I24: 8 | J24: 9 | K24: 10 | L24: 11 | M24: 12 | N24: 13 | O24: 14 | P24: 15 | Q24: 16 | R24: 0 | S24: Kilos | X24: 0.79166667 | Y24: 2812 | Z24: 987 | AA24: 1 | AB24: =IF('1'!AA24=1,(('1'!Z24*'1'!$AS$6*'1'!$AT$6)/('1'!Y24*0.0036)),IF('1'!AA24=2,(('1'!Z24*'1'!$AS$7*'1'!$AT$7)/('1'!Y24*0.0036)))) -> 64.836712 | AD24: =(('1'!AC24*'1'!$Q$10*1000000))/('1'!Y24*3600) -> 0 | AF24: =('1'!AE24/24)*0.454 -> 0 | AH24: =('1'!AG24/24)*0.454 -> 0 | AI24: 5200 | AJ24: =('1'!AI24/24)*0.454 -> 98.366667 | AL24: =('1'!AK24/24)*0.454 -> 0 | AN24: =('1'!AM24/24)*0.454 -> 0 | AP24: =('1'!AO24/24)*0.454 -> 0
A25: 0.41666667 | R25: =#DIV/0! -> #DIV/0! | T25: DATA | U25: =ESCALA!$A$3 -> 43891 | X25: 0.83333333 | Y25: 2779 | Z25: 987 | AA25: 1 | AB25: =IF('1'!AA25=1,(('1'!Z25*'1'!$AS$6*'1'!$AT$6)/('1'!Y25*0.0036)),IF('1'!AA25=2,(('1'!Z25*'1'!$AS$7*'1'!$AT$7)/('1'!Y25*0.0036)))) -> 65.606633 | AD25: =(('1'!AC25*'1'!$Q$10*1000000))/('1'!Y25*3600) -> 0 | AF25: =('1'!AE25/24)*0.454 -> 0 | AH25: =('1'!AG25/24)*0.454 -> 0 | AI25: 5200 | AJ25: =('1'!AI25/24)*0.454 -> 98.366667 | AL25: =('1'!AK25/24)*0.454 -> 0 | AN25: =('1'!AM25/24)*0.454 -> 0 | AP25: =('1'!AO25/24)*0.454 -> 0
A26: 0.66666667 | C26: 0.49 | D26: 0.55 | E26: 0.56 | F26: 0.46 | G26: 0.44 | H26: 0.55 | I26: 0.51 | K26: 0.44 | L26: 0.49 | M26: 0.46 | N26: 0.54 | O26: 0.43 | P26: 0.48 | X26: 0.875 | Y26: 2784 | Z26: 987 | AA26: 1 | AB26: =IF('1'!AA26=1,(('1'!Z26*'1'!$AS$6*'1'!$AT$6)/('1'!Y26*0.0036)),IF('1'!AA26=2,(('1'!Z26*'1'!$AS$7*'1'!$AT$7)/('1'!Y26*0.0036)))) -> 65.488805 | AD26: =(('1'!AC26*'1'!$Q$10*1000000))/('1'!Y26*3600) -> 0 | AF26: =('1'!AE26/24)*0.454 -> 0 | AH26: =('1'!AG26/24)*0.454 -> 0 | AI26: 5200 | AJ26: =('1'!AI26/24)*0.454 -> 98.366667 | AL26: =('1'!AK26/24)*0.454 -> 0 | AN26: =('1'!AM26/24)*0.454 -> 0 | AP26: =('1'!AO26/24)*0.454 -> 0
A27: Média | B27: =#DIV/0! -> #DIV/0! | C27: =#DIV/0! -> #DIV/0! | D27: =#DIV/0! -> #DIV/0! | E27: =#DIV/0! -> #DIV/0! | F27: =#DIV/0! -> #DIV/0! | G27: =#DIV/0! -> #DIV/0! | H27: =#DIV/0! -> #DIV/0! | I27: =#DIV/0! -> #DIV/0! | ... Q27: =#DIV/0! -> #DIV/0! | X27: 0.91666667 | Y27: 2787 | Z27: 987 | AA27: 1 | AB27: =IF('1'!AA27=1,(('1'!Z27*'1'!$AS$6*'1'!$AT$6)/('1'!Y27*0.0036)),IF('1'!AA27=2,(('1'!Z27*'1'!$AS$7*'1'!$AT$7)/('1'!Y27*0.0036)))) -> 65.418311 | AD27: =(('1'!AC27*'1'!$Q$10*1000000))/('1'!Y27*3600) -> 0 | AF27: =('1'!AE27/24)*0.454 -> 0 | AH27: =('1'!AG27/24)*0.454 -> 0 | AI27: 5200 | AJ27: =('1'!AI27/24)*0.454 -> 98.366667 | AL27: =('1'!AK27/24)*0.454 -> 0 | AN27: =('1'!AM27/24)*0.454 -> 0 | AP27: =('1'!AO27/24)*0.454 -> 0
A28: OBSERVAÇÕES | X28: 0.95833333 | Y28: 2795 | Z28: 987 | AA28: 1 | AB28: =IF('1'!AA28=1,(('1'!Z28*'1'!$AS$6*'1'!$AT$6)/('1'!Y28*0.0036)),IF('1'!AA28=2,(('1'!Z28*'1'!$AS$7*'1'!$AT$7)/('1'!Y28*0.0036)))) -> 65.231067 | AD28: =(('1'!AC28*'1'!$Q$10*1000000))/('1'!Y28*3600) -> 0 | AF28: =('1'!AE28/24)*0.454 -> 0 | AH28: =('1'!AG28/24)*0.454 -> 0 | AI28: 5200 | AJ28: =('1'!AI28/24)*0.454 -> 98.366667 | AL28: =('1'!AK28/24)*0.454 -> 0 | AN28: =('1'!AM28/24)*0.454 -> 0 | AP28: =('1'!AO28/24)*0.454 -> 0
X29: 1 | Y29: 2791 | Z29: 987 | AA29: 1 | AB29: =IF('1'!AA29=1,(('1'!Z29*'1'!$AS$6*'1'!$AT$6)/('1'!Y29*0.0036)),IF('1'!AA29=2,(('1'!Z29*'1'!$AS$7*'1'!$AT$7)/('1'!Y29*0.0036)))) -> 65.324555 | AD29: =(('1'!AC29*'1'!$Q$10*1000000))/('1'!Y29*3600) -> 0 | AF29: =('1'!AE29/24)*0.454 -> 0 | AH29: =('1'!AG29/24)*0.454 -> 0 | AI29: 5200 | AJ29: =('1'!AI29/24)*0.454 -> 98.366667 | AL29: =('1'!AK29/24)*0.454 -> 0 | AN29: =('1'!AM29/24)*0.454 -> 0 | AP29: =('1'!AO29/24)*0.454 -> 0
X30: Total | Y30: =SUM('1'!Y6:Y29)*3.6 -> 242650.8 | Z30: =SUM('1'!Z6:Z29) -> 23688 | AF30: =SUM('1'!AF6:AF29) -> 0 | AH30: =SUM('1'!AH6:AH29) -> 0 | AJ30: =SUM('1'!AJ6:AJ29) -> 2360.8 | AL30: =SUM('1'!AL6:AL29) -> 0 | AN30: =SUM('1'!AN6:AN29) -> 0 | AP30: =SUM('1'!AP6:AP29) -> 0
X32: S.A.L (l) - (kg) | Z32: =SUMIF('1'!AA6:AA29,"=1",'1'!Z6:Z29) -> 23688 | AA32: ='1'!Z32*'1'!AS6 -> 31505.04 | AB32: =SUMIF('1'!$AA$6:$AA$29,"=1",'1'!$AB$6:$AB$29)/COUNTIF('1'!$AA$6:$AA$29,"=1") -> 64.932123 | AC32: =SUMIF('1'!AA6:AA29,"=1",'1'!AC6:AC29) -> 0
X33: PAC 18 (l) - (kg) | Z33: =SUMIF('1'!AA6:AA29,"=2",'1'!Z6:Z29) -> 0 | AA33: ='1'!Z33*'1'!AS7 -> 0 | AB33: =SUMIF('1'!$AA$6:$AA$29,"=2",'1'!$AB$6:$AB$29)/COUNTIF('1'!$AA$6:$AA$29,"=2") -> #DIV/0! | AC33: =SUMIF('1'!AA6:AA29,"=2",'1'!AC6:AC29) -> 0
X34: Média | Y34: =AVERAGE('1'!Y6:Y29) -> 2808.4583 | Z34: =AVERAGE('1'!Z6:Z29) -> 987 | AC34: =SUM('1'!AC6:AC29)/COUNTIF('1'!AC6:AC29,"<>0") -> 0 | AD34: =SUM('1'!AD6:AD29)/COUNTIF('1'!AD6:AD29,"<>0") -> #DIV/0! | AF34: =AVERAGE('1'!AF6:AF29) -> 0 | AH34: =AVERAGE('1'!AH6:AH29) -> 0 | AJ34: ='1'!AJ30/24 -> 98.366667 | AL34: =AVERAGE('1'!AL6:AL29) -> 0 | AN34: =AVERAGE('1'!AN6:AN29) -> 0 | AP34: =AVERAGE('1'!AP6:AP29) -> 0
C35: Alcalinidade (mg/L) | F35: Ferro (mg/L) | I35: Manganês (mg/L) | L35: Alumínio (mg/L) | U35: TÉCNICO | X35: Decantadores | AA35: Filtros | AJ35: CLORAÇÃO INTERMEDIÁRIA | AO35: PÓS CLORAÇÃO
B36: HORA | C36: Bruta | D36: Dec. | E36: Trat (R-3) | F36: Bruta | G36: Filt. | H36: Trat (R-3) | I36: Bruta | J36: Filt. | K36: Trat (R-3) | L36: Trat (R-3) | X36: Lavados | AA36: Lavados
B37: 0.33333333 | C37: 81.6 | D37: 53.4 | E37: 48.4 | F37: 0.8 | G37: 0.1 | H37: 0.1 | I37: 0.06 | J37: 0.06 | K37: 0.03 | L37: 0.05 | U37: ='1'!V12 -> 0 | X37: HORAS OPERANDO | Z37: =COUNTA('1'!Z6:Z29) -> 24 | AJ37: CARRETA | AL37: CILINDROS | AO37: CARRETA | AQ37: CILINDROS
B38: 0.66666667 | AJ38: CONSUMO | AK38: =SUM('1'!AF30+'1'!AH30) -> 0 | AL38: CONSUMO | AM38: =SUM('1'!AL30+'1'!AN30) -> 0 | AO38: CONSUMO | AP38: ='1'!AJ30 -> 2360.8 | AQ38: CONSUMO | AR38: ='1'!AP30 -> 0
A39: Nº amostras de água TRATADA | C39: Nº amostras de água FILTRADA | E39: Nº amostras de água tratada/filtrada FORA DO PADRÃO | J39: Nº amostras de água tratada/filtrada no PADRÃO | O39: Nº de amostras com turbidez menor ou igual a 0,5 NTU | R39: ÁGUA FILTRADA | S39: Nº de amostras com turbidez menor ou igual a 1,0 NTU | AJ39: DOSAGEM | AK39: =('1'!AK38/'1'!Y30)*1000 -> 0 | AL39: DOSAGEM | AM39: =('1'!AM38/'1'!Y30)*1000 -> 0 | AO39: DOSAGEM | AP39: =('1'!AP38/'1'!Y30)*1000 -> 9.7292076 | AQ39: DOSAGEM | AR39: =('1'!AR38/'1'!Y30)*1000 -> 0
A40: COR | B40: TURBIDEZ | C40: TURBIDEZ | E40: COR | G40: TURBIDEZ | J40: COR | L40: TURBIDEZ | X40: ESTOQUE DE COAGULANTE | AJ40: Consumo Total | AL40: =SUM('1'!AK38,'1'!AM38) -> 0 | AO40: Consumo Total | AQ40: =SUM('1'!AP38,'1'!AR38) -> 2360.8
A41: =COUNTA('1'!E7:E18) -> 12 | B41: =COUNTA('1'!I7:I18) -> 12 | C41: =COUNTA('1'!J7:J18) -> 12 | D41: =COUNTA('1'!K7:K18) -> 12 | E41: =COUNTIF('1'!E7:E18,">15") -> 0 | G41: =COUNTIF('1'!J7:J18,">1") -> 0 | J41: ='1'!A41-'1'!E41 -> 12 | L41: ='1'!C41-'1'!G41 -> 12 | O41: =COUNTIF('1'!J7:J18,"<=0,5") -> 12 | S41: =COUNTIF('1'!J7:J18,"<=1,0") -> 12 | AJ41: Dosagem Final | AL41: =SUM(('1'!AK38+'1'!AM38)/'1'!Y30)*1000 -> 0 | AO41: Dosagem Final | AQ41: =SUM(('1'!AP38+'1'!AR38)/'1'!Y30)*1000 -> 9.7292076
O42: ÁGUA FILTRATADA | X42: SULFATO DE ALUMÍNIO
H43: Nº de amostras água tratada com turbidez <= 5,0 NTU | L43: Nº de amostras água tratada para aluminio | Q43: Nº de amostras com turbidez entre 0,5 e 1,0 NTU | X43: TINA 01 | Z43: TINA 02 | AB43: TINA 03 | AD43: TANQUE
X44: ALTURA | Y44: 82 | Z44: ALTURA | AA44: 0 | AB44: ALTURA | AC44: 140 | AF44: Volume total (L) | AG44: =SUM('1'!Y45,'1'!AA45,'1'!AC45,'1'!AE45) -> 158952.6 | AI44: CONSUMO DE SULFATO DE ALUMÍNIO ÀS 24:00hs
H45: =COUNTIF('1'!I7:I18,"<=5,0") -> 12 | L45: =COUNTA('1'!L37) -> 1 | Q45: ='1'!S41-'1'!O41 -> 0 | X45: VOLUME | Y45: ='1'!Y44*275.3 -> 22574.6 | Z45: VOLUME | AA45: =262.4*'1'!AA44 -> 0 | AB45: VOLUME | AC45: ='1'!AC44*277.7 -> 38878 | AD45: VOLUME | AE45: 97500 | AI45: TINA 01 | AK45: TINA 02 | AM45: TINA 03
X46: Densidade | Y46: ='1'!AS6 -> 1.33 | Z46: Densidade | AA46: ='1'!Y46 -> 1.33 | AB46: Densidade | AC46: ='1'!Y46 -> 1.33 | AD46: Densidade | AE46: ='1'!Y46 -> 1.33 | AF46: Peso Total (Kg) | AG46: =SUM('1'!Y47,'1'!AA47,'1'!AC47,'1'!AE47) -> 211406.96 | AI46: ALTURA | AK46: ALTURA | AM46: ALTURA
O47: ÁGUA TRATADA - CLORO RESIDUAL | X47: Peso(Kg) | Y47: ='1'!Y45*'1'!Y46 -> 30024.218 | Z47: Peso(Kg) | AA47: ='1'!AA45*'1'!AA46 -> 0 | AB47: Peso(Kg) | AC47: ='1'!AC45*'1'!AC46 -> 51707.74 | AD47: Peso(Kg) | AE47: ='1'!AE45*'1'!AE46 -> 129675 | AI47: VOLUME | AJ47: ='1'!AJ46*275.3 -> 0 | AK47: VOLUME | AL47: =262.4*'1'!AL46 -> 0 | AM47: VOLUME | AN47: ='1'!AN46*277.7 -> 0
AI48: Densidade | AJ48: ='1'!Y46 -> 1.33 | AK48: Densidade | AL48: ='1'!AJ48 -> 1.33 | AM48: Densidade | AN48: ='1'!AJ48 -> 1.33
O49: Nº de amostras de água tratada para cloro residual | R49: Nº de amostras de água tratada dentro dos padrões de cloro residual | AI49: Peso(Kg) | AJ49: ='1'!AJ47*'1'!AJ48 -> 0 | AK49: Peso(Kg) | AL49: ='1'!AL47*'1'!AL48 -> 0 | AM49: Peso(Kg) | AN49: ='1'!AN47*'1'!AN48 -> 0
X50: PAC - 18
O51: =COUNTA('1'!O7:O18) -> 12 | P51: =COUNTA('1'!W17:W28) -> 0 | R51: =COUNTIF('1'!O7:O18,">=0,5") -> 12 | X51: TINA 01 | Z51: TINA 02 | AB51: TINA 03 | AD51: TANQUE | AI51: CONSUMO DE PAC ÀS 24:00hs
X52: ALTURA | Z52: ALTURA | AB52: ALTURA | AF52: Volume total (L) | AG52: =SUM('1'!Y53,'1'!AA53,'1'!AC53,'1'!AE53) -> 0 | AI52: TINA 01 | AK52: TINA 02 | AM52: TINA 03
O53: ÁGUA TRATADA - PH | X53: VOLUME | Y53: ='1'!Y52*275.3 -> 0 | Z53: VOLUME | AA53: =262.4*'1'!AA52 -> 0 | AB53: VOLUME | AC53: ='1'!AC52*277.7 -> 0 | AD53: VOLUME | AI53: ALTURA | AK53: ALTURA | AM53: ALTURA
X54: Densidade | Y54: ='1'!AS7 -> 1.377 | Z54: Densidade | AA54: ='1'!Y54 -> 1.377 | AB54: Densidade | AC54: ='1'!Y54 -> 1.377 | AD54: Densidade | AE54: ='1'!Y54 -> 1.377 | AF54: Peso Total (Kg) | AG54: =SUM('1'!Y55,'1'!AA55,'1'!AC55,'1'!AE55) -> 0 | AI54: VOLUME | AJ54: ='1'!AJ53*275.3 -> 0 | AK54: VOLUME | AL54: =262.4*'1'!AL53 -> 0 | AM54: VOLUME | AN54: ='1'!AN53*277.7 -> 0
O55: Nº de amostras de água tratada para PH | R55: Nº de amostras de água tratada dentro dos padrões de PH | X55: Peso(Kg) | Y55: ='1'!Y53*'1'!Y54 -> 0 | Z55: Peso(Kg) | AA55: ='1'!AA53*'1'!AA54 -> 0 | AB55: Peso(Kg) | AC55: ='1'!AC53*'1'!AC54 -> 0 | AD55: Peso(Kg) | AE55: ='1'!AE53*'1'!AE54 -> 0 | AI55: Densidade | AJ55: ='1'!Y54 -> 1.377 | AK55: Densidade | AL55: ='1'!AJ55 -> 1.377 | AM55: Densidade | AN55: ='1'!AJ55 -> 1.377
AI56: Peso(Kg) | AJ56: ='1'!AJ54*'1'!AJ55 -> 0 | AK56: Peso(Kg) | AL56: ='1'!AL54*'1'!AL55 -> 0 | AM56: Peso(Kg) | AN56: ='1'!AN54*'1'!AN55 -> 0
O57: =COUNTA('1'!N7:N18) -> 12 | R57: =COUNTIF('1'!N7:N18,">=6") -> 12
X58: ESTOQUE DE CLORO
AI59: CONTROLE DIÁRIO DO CONSUMO DE COAGULANTE
X60: Carretas com Cloro | AB60: Cilindros com Cloro | AI60: CLORETO DE POLIALUMÍNIO | AN60: SULFATO DE ALUMÍNIO
AI61: CONSUMO REAL | AL61: =AA32 -> 31505.04 | AN61: CONSUMO REAL | AQ61: ='1'!AJ49+'1'!AL49+'1'!AN49 -> 0
X62: Recebido | AB62: Recebido | AI62: CONSUMO TEÓRICO | AL62: =AJ49+AN49 -> 0 | AN62: CONSUMO TEÓRICO | AQ62: ='1'!AA32 -> 31505.04
X63: Peso(kg) | Y63: 0 | AB63: Peso(kg) | AC63: 0 | AI63: DIFERENÇA | AL63: ='1'!AL61-'1'!AL62 -> 31505.04 | AN63: DIFERENÇA | AQ63: ='1'!AQ61-'1'!AQ62 -> -31505.04
X65: Saldo anterior (kg) | AB65: Saldo anterior (kg) | AC65: 0
X66: Consumido | AB66: Consumido
X67: Peso(kg) | Y67: =SUM('1'!AK38,'1'!AP38) -> 2360.8 | AB67: Peso(kg) | AC67: =SUM('1'!AM38,'1'!AR38) -> 0
X68: Saldo(kg) | Y68: =SUM('1'!Y63,'1'!Y65)-'1'!Y67 -> -2360.8 | AB68: Saldo(kg) | AC68: =SUM('1'!AC63,'1'!AC65)-'1'!AC67 -> 0
Z70: TOTAL | AA70: ='1'!Y68+'1'!AC68 -> -2360.8

Sheet 2
D2: CONTROLE DE ANÁLISE FÍSICO - QUÍMICAS \ ETA CASTELO BRANCO | AB2: CONTROLE DE PRODUTOS QUÍMICOS APLICADOS \ ETA CASTELO BRANCO
A4: HORA | B4: COR (Uc) | F4: TURBIDEZ (Ut) | K4: Ph | O4: CLORO RESIDUAL (mg/L) | R4: DOSAGEM DO COAGULANTE | T4: VAZÃO DA ETA | U4: TIPO DE COAGULANTE | V4: TÉCNICO | X4: Hora | Y4: Vazão ETA (l/s) | Z4: Vazão Coagulante (l/h) | AA4: Código | AB4: Dosagem (mg/l) | AC4: Vazão Polímero (l/h) | AD4: Dosagem (mg/l) | AE4: Pré 1 (Lib/dia) | AF4: Pré 1 (Kg/h) | AG4: Pré 2 (Lib/dia) | AH4: Pré 2 (Kg/h) | AI4: Pós (Lib/dia) | AJ4: Pós (Kg/h) | AK4: Pré 1 (Lib/dia) cilindros | AL4: Pré 1 (Kg/h) cilindros | AM4: Pré 2 (Lib/dia) cilindros | AN4: Pré 2 (Kg/h) cilindros | AO4: Pós (Lib/dia) cilindros | AP4: Pós (Kg/h) cilindros | AQ4: COAGULANTE | AU4: Tempo de Utilização (h)
AQ5: Codigo | AR5: Nome | AS5: d (g/ml) | AT5: C (%)
B6: Bruta | C6: DEC_1 | D6: DEC_2 | E6: TRAT | F6: Bruta | G6: DEC_1 | H6: DEC_2 | I6: TRAT | J6: FILT | K6: Bruta | L6: DEC_1 | M6: DEC_2 | N6: TRAT | O6: TRAT | P6: DEC_1 | Q6: DEC_2 | R6: L/h | S6: mg/l | T6: L/s | X6: 0.041666667 | Y6: 2784 | Z6: 987 | AA6: 1 | AB6: =IF('2'!AA6=1,(('2'!Z6*'2'!$AS$6*'2'!$AT$6)/('2'!Y6*0.0036)),IF('2'!AA6=2,(('2'!Z6*'2'!$AS$7*'2'!$AT$7)/('2'!Y6*0.0036)))) -> 65.488805 | AD6: =(('2'!AC6*'2'!$Q$10*1000000))/('2'!Y6*3600) -> 0 | AF6: =('2'!AE6/24)*0.454 -> 0 | AH6: =('2'!AG6/24)*0.454 -> 0 | AI6: 5200 | AJ6: =('2'!AI6/24)*0.454 -> 98.366667 | AL6: =('2'!AK6/24)*0.454 -> 0 | AN6: =('2'!AM6/24)*0.454 -> 0 | AP6: =('2'!AO6/24)*0.454 -> 0 | AQ6: 1 | AR6: S.A.L | AS6: 1.33 | AT6: 0.5 | AU6: 0
A7: 0 | B7: 80 | C7: 12.5 | D7: 12.5 | E7: 2.5 | F7: 9.2 | G7: 1.2 | H7: 1.4 | I7: 0.4 | J7: 0.3 | K7: 7.3 | L7: 6.7 | M7: 6.7 | N7: 6.4 | O7: 3.2 | R7: ='1'!$Z$29 -> 987 | S7: ='1'!$AB$29 -> 65.324555 | T7: ='1'!$Y$29 -> 2791 | U7: =IF('2'!AA6=1,'2'!AR6,'2'!AR7) -> S.A.L | V7: =ESCALA!$B$3 -> 0 | X7: 2653.0833 | Y7: 2784 | Z7: 987 | AA7: 1 | AB7: =IF('2'!AA7=1,(('2'!Z7*'2'!$AS$6*'2'!$AT$6)/('2'!Y7*0.0036)),IF('2'!AA7=2,(('2'!Z7*'2'!$AS$7*'2'!$AT$7)/('2'!Y7*0.0036)))) -> 65.488805 | AD7: =(('2'!AC7*'2'!$Q$10*1000000))/('2'!Y7*3600) -> 0 | AF7: =('2'!AE7/24)*0.454 -> 0 | AH7: =('2'!AG7/24)*0.454 -> 0 | AI7: 5200 | AJ7: =('2'!AI7/24)*0.454 -> 98.366667 | AL7: =('2'!AK7/24)*0.454 -> 0 | AN7: =('2'!AM7/24)*0.454 -> 0 | AP7: =('2'!AO7/24)*0.454 -> 0 | AQ7: 2 | AR7: PAC 18 | AS7: 1.377 | AT7: 1 | AU7: 24
A8: 0.083333333 | B8: 80 | C8: 12.5 | D8: 12.5 | E8: 2.5 | F8: 9.2 | G8: 1.2 | H8: 1.4 | I8: 0.4 | J8: 0.3 | K8: 7.3 | L8: 6.7 | M8: 6.7 | N8: 6.4 | O8: 3.3 | R8: ='2'!Z7 -> 987 | S8: ='2'!AB7 -> 65.488805 | T8: ='2'!Y7 -> 2784 | U8: =IF('2'!AA7=1,'2'!AR6,'2'!AR7) -> S.A.L | X8: 2645.125 | Y8: 2754 | Z8: 987 | AA8: 1 | AB8: =IF('2'!AA8=1,(('2'!Z8*'2'!$AS$6*'2'!$AT$6)/('2'!Y8*0.0036)),IF('2'!AA8=2,(('2'!Z8*'2'!$AS$7*'2'!$AT$7)/('2'!Y8*0.0036)))) -> 66.202191 | AD8: =(('2'!AC8*'2'!$Q$10*1000000))/('2'!Y8*3600) -> 0 | AF8: =('2'!AE8/24)*0.454 -> 0 | AH8: =('2'!AG8/24)*0.454 -> 0 | AI8: 5200 | AJ8: =('2'!AI8/24)*0.454 -> 98.366667 | AL8: =('2'!AK8/24)*0.454 -> 0 | AN8: =('2'!AM8/24)*0.454 -> 0 | AP8: =('2'!AO8/24)*0.454 -> 0 | AQ8: Polímero Catiônico
A9: 0.16666667 | B9: 80 | C9: 12.5 | D9: 12.5 | E9: 2.5 | F9: 9.2 | G9: 1.2 | H9: 1.4 | I9: 0.3 | J9: 0.3 | K9: 7.3 | L9: 6.7 | M9: 6.7 | N9: 6.4 | O9: 3.5 | R9: ='2'!Z9 -> 987 | S9: ='2'!AB9 -> 62.934357 | T9: ='2'!Y9 -> 2897 | U9: =IF('2'!AA9=1,'2'!AR6,'2'!AR7) -> S.A.L | X9: 0.16666667 | Y9: 2897 | Z9: 987 | AA9: 1 | AB9: =IF('2'!AA9=1,(('2'!Z9*'2'!$AS$6*'2'!$AT$6)/('2'!Y9*0.0036)),IF('2'!AA9=2,(('2'!Z9*'2'!$AS$7*'2'!$AT$7)/('2'!Y9*0.0036)))) -> 62.934357 | AD9: =(('2'!AC9*'2'!$Q$10*1000000))/('2'!Y9*3600) -> 0 | AF9: =('2'!AE9/24)*0.454 -> 0 | AH9: =('2'!AG9/24)*0.454 -> 0 | AI9: 5200 | AJ9: =('2'!AI9/24)*0.454 -> 98.366667 | AL9: =('2'!AK9/24)*0.454 -> 0 | AN9: =('2'!AM9/24)*0.454 -> 0 | AP9: =('2'!AO9/24)*0.454 -> 0 | AQ9: Nome | AT9: C (%)
A10: 0.25 | B10: 80 | C10: 12.5 | D10: 12.5 | E10: 2.5 | F10: 9.2 | G10: 1.2 | H10: 1.4 | I10: 0.3 | J10: 0.3 | K10: 7.3 | L10: 6.7 | M10: 6.7 | N10: 6.4 | O10: 3.5 | R10: ='2'!Z11 -> 987 | S10: ='2'!AB11 -> 65.724886 | T10: ='2'!Y11 -> 2774 | U10: =IF('2'!AA11=1,'2'!AR6,'2'!AR7) -> S.A.L | X10: 0.20833333 | Y10: 2790 | Z10: 987 | AA10: 1 | AB10: =IF('2'!AA10=1,(('2'!Z10*'2'!$AS$6*'2'!$AT$6)/('2'!Y10*0.0036)),IF('2'!AA10=2,(('2'!Z10*'2'!$AS$7*'2'!$AT$7)/('2'!Y10*0.0036)))) -> 65.347969 | AD10: =(('2'!AC10*'2'!$Q$10*1000000))/('2'!Y10*3600) -> 0 | AF10: =('2'!AE10/24)*0.454 -> 0 | AH10: =('2'!AG10/24)*0.454 -> 0 | AI10: 5200 | AJ10: =('2'!AI10/24)*0.454 -> 98.366667 | AL10: =('2'!AK10/24)*0.454 -> 0 | AN10: =('2'!AM10/24)*0.454 -> 0 | AP10: =('2'!AO10/24)*0.454 -> 0 | AQ10: Aguapol 200 | AT10: 0.002
A11: 0.33333333 | B11: 50 | C11: 7.5 | D11: 7.5 | E11: 2.5 | F11: 7.9 | G11: 1.2 | H11: 1.2 | I11: 0.3 | J11: 0.3 | K11: 7.3 | L11: 6.6 | M11: 6.6 | N11: 6.4 | O11: 3.5 | R11: ='2'!Z13 -> 987 | S11: ='2'!AB13 -> 65.986548 | T11: ='2'!Y13 -> 2763 | U11: =IF('2'!AA13=1,'2'!AR6,'2'!AR7) -> S.A.L | X11: 0.25 | Y11: 2774 | Z11: 987 | AA11: 1 | AB11: =IF('2'!AA11=1,(('2'!Z11*'2'!$AS$6*'2'!$AT$6)/('2'!Y11*0.0036)),IF('2'!AA11=2,(('2'!Z11*'2'!$AS$7*'2'!$AT$7)/('2'!Y11*0.0036)))) -> 65.724886 | AD11: =(('2'!AC11*'2'!$Q$10*1000000))/('2'!Y11*3600) -> 0 | AF11: =('2'!AE11/24)*0.454 -> 0 | AH11: =('2'!AG11/24)*0.454 -> 0 | AI11: 5000 | AJ11: =('2'!AI11/24)*0.454 -> 94.583333 | AL11: =('2'!AK11/24)*0.454 -> 0 | AN11: =('2'!AM11/24)*0.454 -> 0 | AP11: =('2'!AO11/24)*0.454 -> 0
A12: 0.41666667 | B12: 50 | C12: 7.5 | D12: 7.5 | E12: 2.5 | F12: 7.8 | G12: 1.2 | H12: 1.2 | I12: 0.3 | J12: 0.3 | K12: 7.3 | L12: 6.6 | M12: 6.6 | N12: 6.4 | O12: 3.3 | R12: ='2'!Z15 -> 940 | S12: ='2'!AB15 -> 62.102607 | T12: ='2'!Y15 -> 2796 | U12: =IF('2'!AA15=1,'2'!AR6,'2'!AR7) -> S.A.L | V12: =ESCALA!$B$4 -> 0 | X12: 0.29166667 | Y12: 2768 | Z12: 987 | AA12: 1 | AB12: =IF('2'!AA12=1,(('2'!Z12*'2'!$AS$6*'2'!$AT$6)/('2'!Y12*0.0036)),IF('2'!AA12=2,(('2'!Z12*'2'!$AS$7*'2'!$AT$7)/('2'!Y12*0.0036)))) -> 65.867353 | AD12: =(('2'!AC12*'2'!$Q$10*1000000))/('2'!Y12*3600) -> 0 | AF12: =('2'!AE12/24)*0.454 -> 0 | AH12: =('2'!AG12/24)*0.454 -> 0 | AI12: 5000 | AJ12: =('2'!AI12/24)*0.454 -> 94.583333 | AL12: =('2'!AK12/24)*0.454 -> 0 | AN12: =('2'!AM12/24)*0.454 -> 0 | AP12: =('2'!AO12/24)*0.454 -> 0
A13: 0.5 | B13: 50 | C13: 10 | D13: 10 | E13: 2.5 | F13: 8.5 | G13: 1.5 | H13: 1.6 | I13: 0.3 | J13: 0.3 | K13: 7.3 | L13: 6.6 | M13: 6.6 | N13: 6.4 | O13: 3 | R13: ='2'!Z17 -> 940 | S13: ='2'!AB17 -> 61.727298 | T13: ='2'!Y17 -> 2813 | U13: =IF('2'!AA17=1,'2'!AR6,'2'!AR7) -> S.A.L | X13: 0.33333333 | Y13: 2763 | Z13: 987 | AA13: 1 | AB13: =IF('2'!AA13=1,(('2'!Z13*'2'!$AS$6*'2'!$AT$6)/('2'!Y13*0.0036)),IF('2'!AA13=2,(('2'!Z13*'2'!$AS$7*'2'!$AT$7)/('2'!Y13*0.0036)))) -> 65.986548 | AD13: =(('2'!AC13*'2'!$Q$10*1000000))/('2'!Y13*3600) -> 0 | AF13: =('2'!AE13/24)*0.454 -> 0 | AH13: =('2'!AG13/24)*0.454 -> 0 | AI13: 2000 | AJ13: =('2'!AI13/24)*0.454 -> 37.833333 | AK13: 1500 | AL13: =('2'!AK13/24)*0.454 -> 28.375 | AM13: 1500 | AN13: =('2'!AM13/24)*0.454 -> 28.375 | AP13: =('2'!AO13/24)*0.454 -> 0
A14: 0.58333333 | B14: 50 | C14: 10 | D14: 10 | E14: 2.5 | F14: 8.1 | G14: 1.3 | H14: 1.5 | I14: 0.3 | J14: 0.3 | K14: 7.3 | L14: 6.6 | M14: 6.6 | N14: 6.4 | O14: 3.8 | R14: ='2'!Z19 -> 940 | S14: ='2'!AB19 -> 61.991749 | T14: ='2'!Y19 -> 2801 | U14: =IF('2'!AA19=1,'2'!AR6,'2'!AR7) -> S.A.L | X14: 0.375 | Y14: 2819 | Z14: 940 | AA14: 1 | AB14: =IF('2'!AA14=1,(('2'!Z14*'2'!$AS$6*'2'!$AT$6)/('2'!Y14*0.0036)),IF('2'!AA14=2,(('2'!Z14*'2'!$AS$7*'2'!$AT$7)/('2'!Y14*0.0036)))) -> 61.595917 | AD14: =(('2'!AC14*'2'!$Q$10*1000000))/('2'!Y14*3600) -> 0 | AF14: =('2'!AE14/24)*0.454 -> 0 | AH14: =('2'!AG14/24)*0.454 -> 0 | AI14: 2000 | AJ14: =('2'!AI14/24)*0.454 -> 37.833333 | AK14: 1500 | AL14: =('2'!AK14/24)*0.454 -> 28.375 | AM14: 1500 | AN14: =('2'!AM14/24)*0.454 -> 28.375 | AP14: =('2'!AO14/24)*0.454 -> 0
A15: 0.66666667 | B15: 50 | C15: 10 | D15: 10 | E15: 2.5 | F15: 8 | G15: 1.3 | H15: 1.7 | I15: 0.3 | J15: 0.3 | K15: 7.3 | L15: 6.6 | M15: 6.6 | N15: 6.4 | O15: 2.5 | R15: ='2'!Z21 -> 940 | S15: ='2'!AB21 -> 58.681612 | T15: ='2'!Y21 -> 2959 | U15: =IF('2'!AA21=1,'2'!AR6,'2'!AR7) -> S.A.L | X15: 0.41666667 | Y15: 2796 | Z15: 940 | AA15: 1 | AB15: =IF('2'!AA15=1,(('2'!Z15*'2'!$AS$6*'2'!$AT$6)/('2'!Y15*0.0036)),IF('2'!AA15=2,(('2'!Z15*'2'!$AS$7*'2'!$AT$7)/('2'!Y15*0.0036)))) -> 62.102607 | AD15: =(('2'!AC15*'2'!$Q$10*1000000))/('2'!Y15*3600) -> 0 | AF15: =('2'!AE15/24)*0.454 -> 0 | AH15: =('2'!AG15/24)*0.454 -> 0 | AI15: 2000 | AJ15: =('2'!AI15/24)*0.454 -> 37.833333 | AK15: 1500 | AL15: =('2'!AK15/24)*0.454 -> 28.375 | AM15: 1500 | AN15: =('2'!AM15/24)*0.454 -> 28.375 | AP15: =('2'!AO15/24)*0.454 -> 0
A16: 0.75 | B16: 50 | C16: 10 | D16: 10 | E16: 2.5 | F16: 8.1 | G16: 1.4 | H16: 1.7 | I16: 0.3 | J16: 0.4 | K16: 7.3 | L16: 6.6 | M16: 6.6 | N16: 6.4 | O16: 2.5 | R16: ='2'!Z23 -> 940 | S16: ='2'!AB23 -> 61.705362 | T16: ='2'!Y23 -> 2814 | U16: =IF('2'!AA23=1,'2'!AR6,'2'!AR7) -> S.A.L | X16: 0.45833333 | Y16: 2754 | Z16: 940 | AA16: 1 | AB16: =IF('2'!AA16=1,(('2'!Z16*'2'!$AS$6*'2'!$AT$6)/('2'!Y16*0.0036)),IF('2'!AA16=2,(('2'!Z16*'2'!$AS$7*'2'!$AT$7)/('2'!Y16*0.0036)))) -> 63.049705 | AD16: =(('2'!AC16*'2'!$Q$10*1000000))/('2'!Y16*3600) -> 0 | AF16: =('2'!AE16/24)*0.454 -> 0 | AH16: =('2'!AG16/24)*0.454 -> 0 | AI16: 2000 | AJ16: =('2'!AI16/24)*0.454 -> 37.833333 | AK16: 1500 | AL16: =('2'!AK16/24)*0.454 -> 28.375 | AM16: 1500 | AN16: =('2'!AM16/24)*0.454 -> 28.375 | AP16: =('2'!AO16/24)*0.454 -> 0
A17: 0.83333333 | B17: 70 | C17: 12.5 | D17: 12.5 | E17: 2.5 | F17: 8.4 | G17: 1.3 | H17: 1.6 | I17: 0.3 | J17: 0.4 | K17: 7.3 | L17: 6.7 | M17: 6.7 | N17: 6.4 | O17: 2.6 | R17: ='2'!Z25 -> 940 | S17: ='2'!AB25 -> 62.415129 | T17: ='2'!Y25 -> 2782 | U17: =IF('2'!AA25=1,'2'!AR6,'2'!AR7) -> S.A.L | V17: =ESCALA!$C$4 -> 0 | X17: 0.5 | Y17: 2813 | Z17: 940 | AA17: 1 | AB17: =IF('2'!AA17=1,(('2'!Z17*'2'!$AS$6*'2'!$AT$6)/('2'!Y17*0.0036)),IF('2'!AA17=2,(('2'!Z17*'2'!$AS$7*'2'!$AT$7)/('2'!Y17*0.0036)))) -> 61.727298 | AD17: =(('2'!AC17*'2'!$Q$10*1000000))/('2'!Y17*3600) -> 0 | AF17: =('2'!AE17/24)*0.454 -> 0 | AH17: =('2'!AG17/24)*0.454 -> 0 | AI17: 2000 | AJ17: =('2'!AI17/24)*0.454 -> 37.833333 | AK17: 1500 | AL17: =('2'!AK17/24)*0.454 -> 28.375 | AM17: 1500 | AN17: =('2'!AM17/24)*0.454 -> 28.375 | AP17: =('2'!AO17/24)*0.454 -> 0
A18: 0.91666667 | B18: 70 | C18: 12.5 | D18: 12.5 | E18: 2.5 | F18: 8.5 | G18: 1.3 | H18: 1.6 | I18: 0.3 | J18: 0.4 | K18: 7.3 | L18: 6.7 | M18: 6.7 | N18: 6.4 | O18: 2.7 | R18: ='2'!Z27 -> 940 | S18: ='2'!AB27 -> 62.437572 | T18: ='2'!Y27 -> 2781 | U18: =IF('2'!AA27=1,'2'!AR6,'2'!AR7) -> S.A.L | X18: 0.54166667 | Y18: 2802 | Z18: 940 | AA18: 1 | AB18: =IF('2'!AA18=1,(('2'!Z18*'2'!$AS$6*'2'!$AT$6)/('2'!Y18*0.0036)),IF('2'!AA18=2,(('2'!Z18*'2'!$AS$7*'2'!$AT$7)/('2'!Y18*0.0036)))) -> 61.969625 | AD18: =(('2'!AC18*'2'!$Q$10*1000000))/('2'!Y18*3600) -> 0 | AF18: =('2'!AE18/24)*0.454 -> 0 | AH18: =('2'!AG18/24)*0.454 -> 0 | AI18: 2000 | AJ18: =('2'!AI18/24)*0.454 -> 37.833333 | AK18: 1500 | AL18: =('2'!AK18/24)*0.454 -> 28.375 | AM18: 1500 | AN18: =('2'!AM18/24)*0.454 -> 28.375 | AP18: =('2'!AO18/24)*0.454 -> 0
A19: Média | B19: {=IF('2'!B7:B18>0.01,AVERAGE('2'!B7:B18),"")} -> 63.333333 | C19: {=IF('2'!C7:C18>0.01,AVERAGE('2'!C7:C18),"")} -> 10.833333 | D19: {=IF('2'!D7:D18>0.01,AVERAGE('2'!D7:D18),"")} -> 10.833333 | E19: {=IF('2'!E7:E18>0.01,AVERAGE('2'!E7:E18),"")} -> 2.5 | F19: {=IF('2'!F7:F18>0.01,AVERAGE('2'!F7:F18),"")} -> 8.5083333 | G19: {=IF('2'!G7:G18>0.01,AVERAGE('2'!G7:G18),"")} -> 1.275 | H19: {=IF('2'!H7:H18>0.01,AVERAGE('2'!H7:H18),"")} -> 1.475 | I19: {=IF('2'!I7:I18>0.01,AVERAGE('2'!I7:I18),"")} -> 0.31666667 | ... S19: {=IF('2'!S7:S18>0.01,AVERAGE('2'!S7:S18),"")} -> 63.043373 | X19: 0.58333333 | Y19: 2801 | Z19: 940 | AA19: 1 | AB19: =IF('2'!AA19=1,(('2'!Z19*'2'!$AS$6*'2'!$AT$6)/('2'!Y19*0.0036)),IF('2'!AA19=2,(('2'!Z19*'2'!$AS$7*'2'!$AT$7)/('2'!Y19*0.0036)))) -> 61.991749 | AD19: =(('2'!AC19*'2'!$Q$10*1000000))/('2'!Y19*3600) -> 0 | AF19: =('2'!AE19/24)*0.454 -> 0 | AH19: =('2'!AG19/24)*0.454 -> 0 | AI19: 2000 | AJ19: =('2'!AI19/24)*0.454 -> 37.833333 | AK19: 1500 | AL19: =('2'!AK19/24)*0.454 -> 28.375 | AM19: 1500 | AN19: =('2'!AM19/24)*0.454 -> 28.375 | AP19: =('2'!AO19/24)*0.454 -> 0
A20: Máximo | B20: =MAX('2'!B7:B18) -> 80 | C20: =MAX('2'!C7:C18) -> 12.5 | D20: =MAX('2'!D7:D18) -> 12.5 | E20: =MAX('2'!E7:E18) -> 2.5 | F20: =MAX('2'!F7:F18) -> 9.2 | G20: =MAX('2'!G7:G18) -> 1.5 | H20: =MAX('2'!H7:H18) -> 1.7 | I20: =MAX('2'!I7:I18) -> 0.4 | ... S20: =MAX('2'!S7:S18) -> 65.986548 | X20: 0.625 | Y20: 2846 | Z20: 940 | AA20: 1 | AB20: =IF('2'!AA20=1,(('2'!Z20*'2'!$AS$6*'2'!$AT$6)/('2'!Y20*0.0036)),IF('2'!AA20=2,(('2'!Z20*'2'!$AS$7*'2'!$AT$7)/('2'!Y20*0.0036)))) -> 61.011556 | AD20: =(('2'!AC20*'2'!$Q$10*1000000))/('2'!Y20*3600) -> 0 | AF20: =('2'!AE20/24)*0.454 -> 0 | AH20: =('2'!AG20/24)*0.454 -> 0 | AI20: 2000 | AJ20: =('2'!AI20/24)*0.454 -> 37.833333 | AK20: 1500 | AL20: =('2'!AK20/24)*0.454 -> 28.375 | AM20: 1500 | AN20: =('2'!AM20/24)*0.454 -> 28.375 | AP20: =('2'!AO20/24)*0.454 -> 0
A21: Mínimo | B21: =MIN('2'!B7:B18) -> 50 | C21: =MIN('2'!C7:C18) -> 7.5 | D21: =MIN('2'!D7:D18) -> 7.5 | E21: =MIN('2'!E7:E18) -> 2.5 | F21: =MIN('2'!F7:F18) -> 7.8 | G21: =MIN('2'!G7:G18) -> 1.2 | H21: =MIN('2'!H7:H18) -> 1.2 | I21: =MIN('2'!I7:I18) -> 0.3 | ... S21: =MIN('2'!S7:S18) -> 58.681612 | X21: 0.66666667 | Y21: 2959 | Z21: 940 | AA21: 1 | AB21: =IF('2'!AA21=1,(('2'!Z21*'2'!$AS$6*'2'!$AT$6)/('2'!Y21*0.0036)),IF('2'!AA21=2,(('2'!Z21*'2'!$AS$7*'2'!$AT$7)/('2'!Y21*0.0036)))) -> 58.681612 | AD21: =(('2'!AC21*'2'!$Q$10*1000000))/('2'!Y21*3600) -> 0 | AF21: =('2'!AE21/24)*0.454 -> 0 | AH21: =('2'!AG21/24)*0.454 -> 0 | AI21: 2000 | AJ21: =('2'!AI21/24)*0.454 -> 37.833333 | AK21: 1500 | AL21: =('2'!AK21/24)*0.454 -> 28.375 | AM21: 1500 | AN21: =('2'!AM21/24)*0.454 -> 28.375 | AP21: =('2'!AO21/24)*0.454 -> 0
R22: Total | X22: 0.70833333 | Y22: 2854 | Z22: 940 | AA22: 1 | AB22: =IF('2'!AA22=1,(('2'!Z22*'2'!$AS$6*'2'!$AT$6)/('2'!Y22*0.0036)),IF('2'!AA22=2,(('2'!Z22*'2'!$AS$7*'2'!$AT$7)/('2'!Y22*0.0036)))) -> 60.840536 | AD22: =(('2'!AC22*'2'!$Q$10*1000000))/('2'!Y22*3600) -> 0 | AF22: =('2'!AE22/24)*0.454 -> 0 | AH22: =('2'!AG22/24)*0.454 -> 0 | AI22: 5000 | AJ22: =('2'!AI22/24)*0.454 -> 94.583333 | AL22: =('2'!AK22/24)*0.454 -> 0 | AN22: =('2'!AM22/24)*0.454 -> 0 | AP22: =('2'!AO22/24)*0.454 -> 0
A23: TURBIDEZ DOS FILTROS DA 1ª E 2ª ETAPAS | R23: 440 | S23: Litros | X23: 0.75 | Y23: 2814 | Z23: 940 | AA23: 1 | AB23: =IF('2'!AA23=1,(('2'!Z23*'2'!$AS$6*'2'!$AT$6)/('2'!Y23*0.0036)),IF('2'!AA23=2,(('2'!Z23*'2'!$AS$7*'2'!$AT$7)/('2'!Y23*0.0036)))) -> 61.705362 | AD23: =(('2'!AC23*'2'!$Q$10*1000000))/('2'!Y23*3600) -> 0 | AF23: =('2'!AE23/24)*0.454 -> 0 | AH23: =('2'!AG23/24)*0.454 -> 0 | AI23: 5000 | AJ23: =('2'!AI23/24)*0.454 -> 94.583333 | AL23: =('2'!AK23/24)*0.454 -> 0 | AN23: =('2'!AM23/24)*0.454 -> 0 | AP23: =('2'!AO23/24)*0.454 -> 0
A24: HORA | B24: 1 | C24: 2 | D24: 3 | E24: 4 | F24: 5 | G24: 6 | H24: 7 | I24: 8 | J24: 9 | K24: 10 | L24: 11 | M24: 12 | N24: 13 | O24: 14 | P24: 15 | Q24: 16 | R24: 0 | S24: Kilos | X24: 0.79166667 | Y24: 2794 | Z24: 940 | AA24: 1 | AB24: =IF('2'!AA24=1,(('2'!Z24*'2'!$AS$6*'2'!$AT$6)/('2'!Y24*0.0036)),IF('2'!AA24=2,(('2'!Z24*'2'!$AS$7*'2'!$AT$7)/('2'!Y24*0.0036)))) -> 62.147061 | AD24: =(('2'!AC24*'2'!$Q$10*1000000))/('2'!Y24*3600) -> 0 | AF24: =('2'!AE24/24)*0.454 -> 0 | AH24: =('2'!AG24/24)*0.454 -> 0 | AI24: 5000 | AJ24: =('2'!AI24/24)*0.454 -> 94.583333 | AL24: =('2'!AK24/24)*0.454 -> 0 | AN24: =('2'!AM24/24)*0.454 -> 0 | AP24: =('2'!AO24/24)*0.454 -> 0
A25: 0.41666667 | C25: 0.37 | D25: 0.45 | E25: 0.37 | F25: 0.31 | G25: 0.28 | H25: 0.28 | I25: 0.36 | K25: 0.31 | L25: 0.26 | M25: 0.26 | N25: 0.26 | O25: 0.31 | P25: 0.31 | R25: =#DIV/0! -> #DIV/0! | T25: DATA | U25: =ESCALA!$A$4 -> 43892 | X25: 0.83333333 | Y25: 2782 | Z25: 940 | AA25: 1 | AB25: =IF('2'!AA25=1,(('2'!Z25*'2'!$AS$6*'2'!$AT$6)/('2'!Y25*0.0036)),IF('2'!AA25=2,(('2'!Z25*'2'!$AS$7*'2'!$AT$7)/('2'!Y25*0.0036)))) -> 62.415129 | AD25: =(('2'!AC25*'2'!$Q$10*1000000))/('2'!Y25*3600) -> 0 | AF25: =('2'!AE25/24)*0.454 -> 0 | AH25: =('2'!AG25/24)*0.454 -> 0 | AI25: 5000 | AJ25: =('2'!AI25/24)*0.454 -> 94.583333 | AL25: =('2'!AK25/24)*0.454 -> 0 | AN25: =('2'!AM25/24)*0.454 -> 0 | AP25: =('2'!AO25/24)*0.454 -> 0
A26: 0.66666667 | R26: =#DIV/0! -> #DIV/0! | X26: 0.875 | Y26: 2788 | Z26: 940 | AA26: 1 | AB26: =IF('2'!AA26=1,(('2'!Z26*'2'!$AS$6*'2'!$AT$6)/('2'!Y26*0.0036)),IF('2'!AA26=2,(('2'!Z26*'2'!$AS$7*'2'!$AT$7)/('2'!Y26*0.0036)))) -> 62.280807 | AD26: =(('2'!AC26*'2'!$Q$10*1000000))/('2'!Y26*3600) -> 0 | AF26: =('2'!AE26/24)*0.454 -> 0 | AH26: =('2'!AG26/24)*0.454 -> 0 | AI26: 5000 | AJ26: =('2'!AI26/24)*0.454 -> 94.583333 | AL26: =('2'!AK26/24)*0.454 -> 0 | AN26: =('2'!AM26/24)*0.454 -> 0 | AP26: =('2'!AO26/24)*0.454 -> 0
A27: Média | B27: =#DIV/0! -> #DIV/0! | C27: =#DIV/0! -> #DIV/0! | D27: =#DIV/0! -> #DIV/0! | E27: =#DIV/0! -> #DIV/0! | F27: =#DIV/0! -> #DIV/0! | G27: =#DIV/0! -> #DIV/0! | H27: =#DIV/0! -> #DIV/0! | I27: =#DIV/0! -> #DIV/0! | ... Q27: =#DIV/0! -> #DIV/0! | X27: 0.91666667 | Y27: 2781 | Z27: 940 | AA27: 1 | AB27: =IF('2'!AA27=1,(('2'!Z27*'2'!$AS$6*'2'!$AT$6)/('2'!Y27*0.0036)),IF('2'!AA27=2,(('2'!Z27*'2'!$AS$7*'2'!$AT$7)/('2'!Y27*0.0036)))) -> 62.437572 | AD27: =(('2'!AC27*'2'!$Q$10*1000000))/('2'!Y27*3600) -> 0 | AF27: =('2'!AE27/24)*0.454 -> 0 | AH27: =('2'!AG27/24)*0.454 -> 0 | AI27: 5000 | AJ27: =('2'!AI27/24)*0.454 -> 94.583333 | AL27: =('2'!AK27/24)*0.454 -> 0 | AN27: =('2'!AM27/24)*0.454 -> 0 | AP27: =('2'!AO27/24)*0.454 -> 0
A28: OBSERVAÇÕES | X28: 0.95833333 | Y28: 2760 | Z28: 940 | AA28: 1 | AB28: =IF('2'!AA28=1,(('2'!Z28*'2'!$AS$6*'2'!$AT$6)/('2'!Y28*0.0036)),IF('2'!AA28=2,(('2'!Z28*'2'!$AS$7*'2'!$AT$7)/('2'!Y28*0.0036)))) -> 62.912641 | AD28: =(('2'!AC28*'2'!$Q$10*1000000))/('2'!Y28*3600) -> 0 | AF28: =('2'!AE28/24)*0.454 -> 0 | AH28: =('2'!AG28/24)*0.454 -> 0 | AI28: 5000 | AJ28: =('2'!AI28/24)*0.454 -> 94.583333 | AL28: =('2'!AK28/24)*0.454 -> 0 | AN28: =('2'!AM28/24)*0.454 -> 0 | AP28: =('2'!AO28/24)*0.454 -> 0
X29: 1 | Y29: 2730 | Z29: 940 | AA29: 1 | AB29: =IF('2'!AA29=1,(('2'!Z29*'2'!$AS$6*'2'!$AT$6)/('2'!Y29*0.0036)),IF('2'!AA29=2,(('2'!Z29*'2'!$AS$7*'2'!$AT$7)/('2'!Y29*0.0036)))) -> 63.603989 | AD29: =(('2'!AC29*'2'!$Q$10*1000000))/('2'!Y29*3600) -> 0 | AF29: =('2'!AE29/24)*0.454 -> 0 | AH29: =('2'!AG29/24)*0.454 -> 0 | AI29: 5000 | AJ29: =('2'!AI29/24)*0.454 -> 94.583333 | AL29: =('2'!AK29/24)*0.454 -> 0 | AN29: =('2'!AM29/24)*0.454 -> 0 | AP29: =('2'!AO29/24)*0.454 -> 0
X30: Total | Y30: =SUM('2'!Y6:Y29)*3.6 -> 241945.2 | Z30: =SUM('2'!Z6:Z29) -> 22936 | AF30: =SUM('2'!AF6:AF29) -> 0 | AH30: =SUM('2'!AH6:AH29) -> 0 | AJ30: =SUM('2'!AJ6:AJ29) -> 1778.1667 | AL30: =SUM('2'!AL6:AL29) -> 255.375 | AN30: =SUM('2'!AN6:AN29) -> 255.375 | AP30: =SUM('2'!AP6:AP29) -> 0
X32: S.A.L (l) - (kg) | Z32: =SUMIF('2'!AA6:AA29,"=1",'2'!Z6:Z29) -> 22936 | AA32: ='2'!Z32*'2'!AS6 -> 30504.88 | AB32: =SUMIF('2'!$AA$6:$AA$29,"=1",'2'!$AB$6:$AB$29)/COUNTIF('2'!$AA$6:$AA$29,"=1") -> 63.063087 | AC32: =SUMIF('2'!AA6:AA29,"=1",'2'!AC6:AC29) -> 0
X33: PAC 18 (l) - (kg) | Z33: =SUMIF('2'!AA6:AA29,"=2",'2'!Z6:Z29) -> 0 | AA33: ='2'!Z33*'2'!AS7 -> 0 | AB33: =SUMIF('2'!$AA$6:$AA$29,"=2",'2'!$AB$6:$AB$29)/COUNTIF('2'!$AA$6:$AA$29,"=2") -> #DIV/0! | AC33: =SUMIF('2'!AA6:AA29,"=2",'2'!AC6:AC29) -> 0
X34: Média | Y34: =AVERAGE('2'!Y6:Y29) -> 2800.2917 | Z34: =AVERAGE('2'!Z6:Z29) -> 955.66667 | AC34: =SUM('2'!AC6:AC29)/COUNTIF('2'!AC6:AC29,"<>0") -> 0 | AD34: =SUM('2'!AD6:AD29)/COUNTIF('2'!AD6:AD29,"<>0") -> #DIV/0! | AF34: =AVERAGE('2'!AF6:AF29) -> 0 | AH34: =AVERAGE('2'!AH6:AH29) -> 0 | AJ34: ='2'!AJ30/24 -> 74.090278 | AL34: =AVERAGE('2'!AL6:AL29) -> 10.640625 | AN34: =AVERAGE('2'!AN6:AN29) -> 10.640625 | AP34: =AVERAGE('2'!AP6:AP29) -> 0
C35: Alcalinidade (mg/L) | F35: Ferro (mg/L) | I35: Manganês (mg/L) | L35: Alumínio (mg/L) | U35: TÉCNICO | X35: Decantadores | AA35: Filtros | AJ35: CLORAÇÃO INTERMEDIÁRIA | AO35: PÓS CLORAÇÃO
B36: HORA | C36: Bruta | D36: Dec. | E36: Trat (R-3) | F36: Bruta | G36: Filt. | H36: Trat (R-3) | I36: Bruta | J36: Filt. | K36: Trat (R-3) | L36: Trat (R-3) | X36: Lavados | AA36: Lavados
B37: 0.33333333 | C37: 80.7 | D37: 58.5 | E37: 50.4 | F37: 1 | G37: 0.1 | H37: 0.1 | I37: 0.1 | J37: 0.06 | K37: 0.03 | L37: 0.05 | U37: ='2'!V12 -> 0 | X37: HORAS OPERANDO | Z37: =COUNTA('2'!Z6:Z29) -> 24 | AJ37: CARRETA | AL37: CILINDROS | AO37: CARRETA | AQ37: CILINDROS
B38: 0.66666667 | AJ38: CONSUMO | AK38: =SUM('2'!AF30+'2'!AH30) -> 0 | AL38: CONSUMO | AM38: =SUM('2'!AL30+'2'!AN30) -> 510.75 | AO38: CONSUMO | AP38: ='2'!AJ30 -> 1778.1667 | AQ38: CONSUMO | AR38: ='2'!AP30 -> 0
A39: Nº amostras de água TRATADA | C39: Nº amostras de água FILTRADA | E39: Nº amostras de água tratada/filtrada FORA DO PADRÃO | J39: Nº amostras de água tratada/filtrada no PADRÃO | O39: Nº de amostras com turbidez menor ou igual a 0,5 NTU | R39: ÁGUA FILTRADA | S39: Nº de amostras com turbidez menor ou igual a 1,0 NTU | AJ39: DOSAGEM | AK39: =('2'!AK38/'2'!Y30)*1000 -> 0 | AL39: DOSAGEM | AM39: =('2'!AM38/'2'!Y30)*1000 -> 2.1110152 | AO39: DOSAGEM | AP39: =('2'!AP38/'2'!Y30)*1000 -> 7.3494604 | AQ39: DOSAGEM | AR39: =('2'!AR38/'2'!Y30)*1000 -> 0
A40: COR | B40: TURBIDEZ | C40: TURBIDEZ | E40: COR | G40: TURBIDEZ | J40: COR | L40: TURBIDEZ | X40: ESTOQUE DE COAGULANTE | AJ40: Consumo Total | AL40: =SUM('2'!AK38,'2'!AM38) -> 510.75 | AO40: Consumo Total | AQ40: =SUM('2'!AP38,'2'!AR38) -> 1778.1667
A41: =COUNTA('2'!E7:E18) -> 12 | B41: =COUNTA('2'!I7:I18) -> 12 | C41: =COUNTA('2'!J7:J18) -> 12 | D41: =COUNTA('2'!K7:K18) -> 12 | E41: =COUNTIF('2'!E7:E18,">15") -> 0 | G41: =COUNTIF('2'!J7:J18,">1") -> 0 | J41: ='2'!A41-'2'!E41 -> 12 | L41: ='2'!C41-'2'!G41 -> 12 | O41: =COUNTIF('2'!J7:J18,"<=0,5") -> 12 | S41: =COUNTIF('2'!J7:J18,"<=1,0") -> 12 | AJ41: Dosagem Final | AL41: =SUM(('2'!AK38+'2'!AM38)/'2'!Y30)*1000 -> 2.1110152 | AO41: Dosagem Final | AQ41: =SUM(('2'!AP38+'2'!AR38)/'2'!Y30)*1000 -> 7.3494604
O42: ÁGUA FILTRATADA | X42: SULFATO DE ALUMÍNIO
H43: Nº de amostras água tratada com turbidez <= 5,0 NTU | L43: Nº de amostras água tratada para aluminio | Q43: Nº de amostras com turbidez entre 0,5 e 1,0 NTU | X43: TINA 01 | Z43: TINA 02 | AB43: TINA 03 | AD43: TANQUE
X44: ALTURA | Z44: ALTURA | AB44: ALTURA | AF44: Volume total (L) | AG44: =SUM('2'!Y45,'2'!AA45,'2'!AC45,'2'!AE45) -> 0 | AI44: CONSUMO DE SULFATO DE ALUMÍNIO ÀS 24:00hs
H45: =COUNTIF('2'!I7:I18,"<=5,0") -> 12 | L45: =COUNTA('2'!L37) -> 1 | Q45: ='2'!S41-'2'!O41 -> 0 | X45: VOLUME | Y45: ='2'!Y44*275.3 -> 0 | Z45: VOLUME | AA45: =262.4*'2'!AA44 -> 0 | AB45: VOLUME | AC45: ='2'!AC44*277.7 -> 0 | AD45: VOLUME | AI45: TINA 01 | AK45: TINA 02 | AM45: TINA 03
X46: Densidade | Y46: ='2'!AS6 -> 1.33 | Z46: Densidade | AA46: ='2'!Y46 -> 1.33 | AB46: Densidade | AC46: ='2'!Y46 -> 1.33 | AD46: Densidade | AF46: Peso Total (Kg) | AG46: =SUM('2'!Y47,'2'!AA47,'2'!AC47,'2'!AE47) -> 0 | AI46: ALTURA | AK46: ALTURA | AM46: ALTURA
O47: ÁGUA TRATADA - CLORO RESIDUAL | X47: Peso(Kg) | Y47: ='2'!Y45*'2'!Y46 -> 0 | Z47: Peso(Kg) | AA47: ='2'!AA45*'2'!AA46 -> 0 | AB47: Peso(Kg) | AC47: ='2'!AC45*'2'!AC46 -> 0 | AD47: Peso(Kg) | AI47: VOLUME | AJ47: ='2'!AJ46*275.3 -> 0 | AK47: VOLUME | AL47: =262.4*'2'!AL46 -> 0 | AM47: VOLUME | AN47: ='2'!AN46*277.7 -> 0
AI48: Densidade | AJ48: ='2'!Y46 -> 1.33 | AK48: Densidade | AL48: ='2'!AJ48 -> 1.33 | AM48: Densidade | AN48: ='2'!AJ48 -> 1.33
O49: Nº de amostras de água tratada para cloro residual | R49: Nº de amostras de água tratada dentro dos padrões de cloro residual | AI49: Peso(Kg) | AJ49: ='2'!AJ47*'2'!AJ48 -> 0 | AK49: Peso(Kg) | AL49: ='2'!AL47*'2'!AL48 -> 0 | AM49: Peso(Kg) | AN49: ='2'!AN47*'2'!AN48 -> 0
X50: PAC - 18
O51: =COUNTA('2'!O7:O18) -> 12 | P51: =COUNTA('2'!W17:W28) -> 0 | R51: =COUNTIF('2'!O7:O18,">=0,5") -> 12 | X51: TINA 01 | Z51: TINA 02 | AB51: TINA 03 | AD51: TANQUE | AI51: CONSUMO DE PAC ÀS 24:00hs
X52: ALTURA | Z52: ALTURA | AB52: ALTURA | AF52: Volume total (L) | AG52: =SUM('2'!Y53,'2'!AA53,'2'!AC53,'2'!AE53) -> 0 | AI52: TINA 01 | AK52: TINA 02 | AM52: TINA 03
O53: ÁGUA TRATADA - PH | X53: VOLUME | Y53: ='2'!Y52*275.3 -> 0 | Z53: VOLUME | AA53: =262.4*'2'!AA52 -> 0 | AB53: VOLUME | AC53: ='2'!AC52*277.7 -> 0 | AD53: VOLUME | AI53: ALTURA | AJ53: 0 | AK53: ALTURA | AM53: ALTURA
X54: Densidade | Y54: ='2'!AS7 -> 1.377 | Z54: Densidade | AA54: ='2'!Y54 -> 1.377 | AB54: Densidade | AC54: ='2'!Y54 -> 1.377 | AD54: Densidade | AF54: Peso Total (Kg) | AG54: =SUM('2'!Y55,'2'!AA55,'2'!AC55,'2'!AE55) -> 0 | AI54: VOLUME | AJ54: ='2'!AJ53*275.3 -> 0 | AK54: VOLUME | AL54: =262.4*'2'!AL53 -> 0 | AM54: VOLUME | AN54: ='2'!AN53*277.7 -> 0
O55: Nº de amostras de água tratada para PH | R55: Nº de amostras de água tratada dentro dos padrões de PH | X55: Peso(Kg) | Y55: ='2'!Y53*'2'!Y54 -> 0 | Z55: Peso(Kg) | AA55: ='2'!AA53*'2'!AA54 -> 0 | AB55: Peso(Kg) | AD55: Peso(Kg) | AI55: Densidade | AJ55: ='2'!Y54 -> 1.377 | AK55: Densidade | AL55: ='2'!AJ55 -> 1.377 | AM55: Densidade | AN55: ='2'!AJ55 -> 1.377
AI56: Peso(Kg) | AJ56: ='2'!AJ54*'2'!AJ55 -> 0 | AK56: Peso(Kg) | AL56: ='2'!AL54*'2'!AL55 -> 0 | AM56: Peso(Kg) | AN56: ='2'!AN54*'2'!AN55 -> 0
O57: =COUNTA('2'!N7:N18) -> 12 | R57: =COUNTIF('2'!N7:N18,">=6") -> 12
X58: ESTOQUE DE CLORO
AI59: CONTROLE DIÁRIO DO CONSUMO DE COAGULANTE
X60: Carretas com Cloro | AB60: Cilindros com Cloro | AI60: CLORETO DE POLIALUMÍNIO | AN60: SULFATO DE ALUMÍNIO
AI61: CONSUMO REAL | AL61: ='2'!AJ56+'2'!AL56+'2'!AN56 -> 0 | AN61: CONSUMO REAL | AQ61: ='2'!AJ49+'2'!AL49+'2'!AN49 -> 0
X62: Recebido | AB62: Recebido | AI62: CONSUMO TEÓRICO | AL62: ='2'!AA33 -> 0 | AN62: CONSUMO TEÓRICO | AQ62: ='2'!AA32 -> 30504.88
X63: Peso(kg) | Y63: 0 | AB63: Peso(kg) | AI63: DIFERENÇA | AL63: ='2'!AL61-'2'!AL62 -> 0 | AN63: DIFERENÇA | AQ63: ='2'!AQ61-'2'!AQ62 -> -30504.88
X65: Saldo anterior (kg) | Y65: ='1'!$Y$68 -> -2360.8 | AB65: Saldo anterior (kg) | AC65: ='1'!$AC$68 -> 0
X66: Consumido | AB66: Consumido
X67: Peso(kg) | Y67: =SUM('2'!AK38,'2'!AP38) -> 1778.1667 | AB67: Peso(kg) | AC67: =SUM('2'!AM38,'2'!AR38) -> 510.75
X68: Saldo(kg) | Y68: =SUM('2'!Y63,'2'!Y65)-'2'!Y67 -> -4138.9667 | AB68: Saldo(kg) | AC68: =SUM('2'!AC63,'2'!AC65)-'2'!AC67 -> -510.75

Sheet 3
D2: CONTROLE DE ANÁLISE FÍSICO - QUÍMICAS \ ETA CASTELO BRANCO | AB2: CONTROLE DE PRODUTOS QUÍMICOS APLICADOS \ ETA CASTELO BRANCO
A4: HORA | B4: COR (Uc) | F4: TURBIDEZ (Ut) | K4: Ph | O4: CLORO RESIDUAL (mg/L) | R4: DOSAGEM DO COAGULANTE | T4: VAZÃO DA ETA | U4: TIPO DE COAGULANTE | V4: TÉCNICO | X4: Hora | Y4: Vazão ETA (l/s) | Z4: Vazão Coagulante (l/h) | AA4: Código | AB4: Dosagem (mg/l) | AC4: Vazão Polímero (l/h) | AD4: Dosagem (mg/l) | AE4: Pré 1 (Lib/dia) | AF4: Pré 1 (Kg/h) | AG4: Pré 2 (Lib/dia) | AH4: Pré 2 (Kg/h) | AI4: Pós (Lib/dia) | AJ4: Pós (Kg/h) | AK4: Pré 1 (Lib/dia) cilindros | AL4: Pré 1 (Kg/h) cilindros | AM4: Pré 2 (Lib/dia) cilindros | AN4: Pré 2 (Kg/h) cilindros | AO4: Pós (Lib/dia) cilindros | AP4: Pós (Kg/h) cilindros | AQ4: COAGULANTE | AU4: Tempo de Utilização (h)
AQ5: Codigo | AR5: Nome | AS5: d (g/ml) | AT5: C (%)
B6: Bruta | C6: DEC_1 | D6: DEC_2 | E6: TRAT | F6: Bruta | G6: DEC_1 | H6: DEC_2 | I6: TRAT | J6: FILT | K6: Bruta | L6: DEC_1 | M6: DEC_2 | N6: TRAT | O6: TRAT | P6: DEC_1 | Q6: DEC_2 | R6: L/h | S6: mg/l | T6: L/s | X6: 0.041666667 | Y6: 2773 | Z6: 940 | AA6: 1 | AB6: =IF('3'!AA6=1,(('3'!Z6*'3'!$AS$6*'3'!$AT$6)/('3'!Y6*0.0036)),IF('3'!AA6=2,(('3'!Z6*'3'!$AS$7*'3'!$AT$7)/('3'!Y6*0.0036)))) -> 62.617702 | AD6: =(('3'!AC6*'3'!$O$9*1000000))/('3'!Y6*3600) -> 0 | AF6: =('3'!AE6/24)*0.454 -> 0 | AH6: =('3'!AG6/24)*0.454 -> 0 | AI6: 5000 | AJ6: =('3'!AI6/24)*0.454 -> 94.583333 | AL6: =('3'!AK6/24)*0.454 -> 0 | AN6: =('3'!AM6/24)*0.454 -> 0 | AP6: =('3'!AO6/24)*0.454 -> 0 | AQ6: 1 | AR6: S.A.L | AS6: 1.33 | AT6: 0.5 | AU6: 0
A7: 0 | B7: 70 | C7: 12.5 | D7: 12.5 | E7: 2.5 | F7: 8.4 | G7: 1.3 | H7: 1.5 | I7: 0.3 | J7: 0.4 | K7: 7.3 | L7: 6.7 | M7: 6.7 | N7: 6.4 | O7: 2.7 | R7: ='2'!$Z$29 -> 940 | S7: ='2'!$AB$29 -> 63.603989 | T7: ='2'!$Y$29 -> 2730 | U7: =IF('3'!AA6=1,'3'!AR6,'3'!AR7) -> S.A.L | V7: =ESCALA!$C$4 -> 0 | X7: 0.083333333 | Y7: 2727 | Z7: 940 | AA7: 1 | AB7: =IF('3'!AA7=1,(('3'!Z7*'3'!$AS$6*'3'!$AT$6)/('3'!Y7*0.0036)),IF('3'!AA7=2,(('3'!Z7*'3'!$AS$7*'3'!$AT$7)/('3'!Y7*0.0036)))) -> 63.67396 | AD7: =(('3'!AC7*'3'!$O$9*1000000))/('3'!Y7*3600) -> 0 | AF7: =('3'!AE7/24)*0.454 -> 0 | AH7: =('3'!AG7/24)*0.454 -> 0 | AI7: 5000 | AJ7: =('3'!AI7/24)*0.454 -> 94.583333 | AL7: =('3'!AK7/24)*0.454 -> 0 | AN7: =('3'!AM7/24)*0.454 -> 0 | AP7: =('3'!AO7/24)*0.454 -> 0 | AQ7: 2 | AR7: PAC 18 | AS7: 1.377 | AT7: 1 | AU7: 24
A8: 0.083333333 | B8: 70 | C8: 12.5 | D8: 12.5 | E8: 2.5 | F8: 8.2 | G8: 1.3 | H8: 1.5 | I8: 0.3 | J8: 0.4 | K8: 7.3 | L8: 6.7 | M8: 6.7 | N8: 6.4 | O8: 2.7 | R8: ='3'!Z7 -> 940 | S8: ='3'!AB7 -> 63.67396 | T8: ='3'!Y7 -> 2727 | U8: =IF('3'!AA7=1,'3'!AR6,'3'!AR7) -> S.A.L | X8: 0.125 | Y8: 2727 | Z8: 940 | AA8: 1 | AB8: =IF('3'!AA8=1,(('3'!Z8*'3'!$AS$6*'3'!$AT$6)/('3'!Y8*0.0036)),IF('3'!AA8=2,(('3'!Z8*'3'!$AS$7*'3'!$AT$7)/('3'!Y8*0.0036)))) -> 63.67396 | AD8: =(('3'!AC8*'3'!$O$9*1000000))/('3'!Y8*3600) -> 0 | AF8: =('3'!AE8/24)*0.454 -> 0 | AH8: =('3'!AG8/24)*0.454 -> 0 | AI8: 5000 | AJ8: =('3'!AI8/24)*0.454 -> 94.583333 | AL8: =('3'!AK8/24)*0.454 -> 0 | AN8: =('3'!AM8/24)*0.454 -> 0 | AP8: =('3'!AO8/24)*0.454 -> 0 | AQ8: Polímero Catiônico
A9: 0.16666667 | B9: 70 | C9: 12.5 | D9: 12.5 | E9: 2.5 | F9: 8.1 | G9: 1.2 | H9: 1.6 | I9: 0.4 | J9: 0.3 | K9: 7.3 | L9: 6.7 | M9: 6.7 | N9: 6.4 | O9: 2.8 | R9: ='3'!Z9 -> 940 | S9: ='3'!AB9 -> 63.534171 | T9: ='3'!Y9 -> 2733 | U9: =IF('3'!AA9=1,'3'!AR6,'3'!AR7) -> S.A.L | X9: 0.16666667 | Y9: 2733 | Z9: 940 | AA9: 1 | AB9: =IF('3'!AA9=1,(('3'!Z9*'3'!$AS$6*'3'!$AT$6)/('3'!Y9*0.0036)),IF('3'!AA9=2,(('3'!Z9*'3'!$AS$7*'3'!$AT$7)/('3'!Y9*0.0036)))) -> 63.534171 | AD9: =(('3'!AC9*'3'!$O$9*1000000))/('3'!Y9*3600) -> 0 | AF9: =('3'!AE9/24)*0.454 -> 0 | AH9: =('3'!AG9/24)*0.454 -> 0 | AI9: 5000 | AJ9: =('3'!AI9/24)*0.454 -> 94.583333 | AL9: =('3'!AK9/24)*0.454 -> 0 | AN9: =('3'!AM9/24)*0.454 -> 0 | AP9: =('3'!AO9/24)*0.454 -> 0 | AQ9: Nome | AT9: C (%)
A10: 0.25 | B10: 70 | C10: 12.5 | D10: 12.5 | E10: 2.5 | F10: 8 | G10: 1.2 | H10: 1.6 | I10: 0.4 | J10: 0.3 | K10: 7.3 | L10: 6.7 | M10: 6.7 | N10: 6.4 | O10: 2.8 | R10: ='3'!Z11 -> 940 | S10: ='3'!AB11 -> 64.406116 | T10: ='3'!Y11 -> 2696 | U10: =IF('3'!AA11=1,'3'!AR6,'3'!AR7) -> S.A.L | X10: 0.20833333 | Y10: 2767 | Z10: 940 | AA10: 1 | AB10: =IF('3'!AA10=1,(('3'!Z10*'3'!$AS$6*'3'!$AT$6)/('3'!Y10*0.0036)),IF('3'!AA10=2,(('3'!Z10*'3'!$AS$7*'3'!$AT$7)/('3'!Y10*0.0036)))) -> 62.753484 | AD10: =(('3'!AC10*'3'!$O$9*1000000))/('3'!Y10*3600) -> 0 | AF10: =('3'!AE10/24)*0.454 -> 0 | AH10: =('3'!AG10/24)*0.454 -> 0 | AI10: 5000 | AJ10: =('3'!AI10/24)*0.454 -> 94.583333 | AL10: =('3'!AK10/24)*0.454 -> 0 | AN10: =('3'!AM10/24)*0.454 -> 0 | AP10: =('3'!AO10/24)*0.454 -> 0 | AQ10: Aguapol 200 | AT10: 0.002
A11: 0.33333333 | B11: 60 | C11: 12.5 | D11: 12.5 | E11: 2.5 | F11: 7.7 | G11: 1.6 | H11: 1.6 | I11: 0.4 | J11: 0.5 | K11: 7.3 | L11: 6.7 | M11: 6.7 | N11: 6.4 | O11: 2.8 | R11: ='3'!Z13 -> 940 | S11: ='3'!AB13 -> 62.347895 | T11: ='3'!Y13 -> 2785 | U11: =IF('3'!AA13=1,'3'!AR6,'3'!AR7) -> S.A.L | X11: 0.25 | Y11: 2696 | Z11: 940 | AA11: 1 | AB11: =IF('3'!AA11=1,(('3'!Z11*'3'!$AS$6*'3'!$AT$6)/('3'!Y11*0.0036)),IF('3'!AA11=2,(('3'!Z11*'3'!$AS$7*'3'!$AT$7)/('3'!Y11*0.0036)))) -> 64.406116 | AD11: =(('3'!AC11*'3'!$O$9*1000000))/('3'!Y11*3600) -> 0 | AF11: =('3'!AE11/24)*0.454 -> 0 | AH11: =('3'!AG11/24)*0.454 -> 0 | AI11: 5000 | AJ11: =('3'!AI11/24)*0.454 -> 94.583333 | AL11: =('3'!AK11/24)*0.454 -> 0 | AN11: =('3'!AM11/24)*0.454 -> 0 | AP11: =('3'!AO11/24)*0.454 -> 0
A12: 0.41666667 | B12: 60 | C12: 12.5 | D12: 12.5 | E12: 2.5 | F12: 7.8 | G12: 1.6 | H12: 1.9 | I12: 0.4 | J12: 0.5 | K12: 7.3 | L12: 6.7 | M12: 6.7 | N12: 6.4 | O12: 2.8 | R12: ='3'!Z15 -> 940 | S12: ='3'!AB15 -> 62.258476 | T12: ='3'!Y15 -> 2789 | U12: =IF('3'!AA15=1,'3'!AR6,'3'!AR7) -> S.A.L | V12: =ESCALA!$B$5 -> 0 | X12: 0.29166667 | Y12: 2754 | Z12: 940 | AA12: 1 | AB12: =IF('3'!AA12=1,(('3'!Z12*'3'!$AS$6*'3'!$AT$6)/('3'!Y12*0.0036)),IF('3'!AA12=2,(('3'!Z12*'3'!$AS$7*'3'!$AT$7)/('3'!Y12*0.0036)))) -> 63.049705 | AD12: =(('3'!AC12*'3'!$O$9*1000000))/('3'!Y12*3600) -> 0 | AF12: =('3'!AE12/24)*0.454 -> 0 | AH12: =('3'!AG12/24)*0.454 -> 0 | AI12: 5000 | AJ12: =('3'!AI12/24)*0.454 -> 94.583333 | AL12: =('3'!AK12/24)*0.454 -> 0 | AN12: =('3'!AM12/24)*0.454 -> 0 | AP12: =('3'!AO12/24)*0.454 -> 0
A13: 0.5 | B13: 60 | C13: 12.5 | D13: 12.5 | E13: 2.5 | F13: 8.1 | G13: 1.6 | H13: 1.9 | I13: 0.5 | J13: 0.5 | K13: 7.3 | L13: 6.7 | M13: 6.7 | N13: 6.4 | O13: 2.8 | R13: ='3'!Z17 -> 940 | S13: ='3'!AB17 -> 61.859241 | T13: ='3'!Y17 -> 2807 | U13: =IF('3'!AA17=1,'3'!AR6,'3'!AR7) -> S.A.L | X13: 0.33333333 | Y13: 2785 | Z13: 940 | AA13: 1 | AB13: =IF('3'!AA13=1,(('3'!Z13*'3'!$AS$6*'3'!$AT$6)/('3'!Y13*0.0036)),IF('3'!AA13=2,(('3'!Z13*'3'!$AS$7*'3'!$AT$7)/('3'!Y13*0.0036)))) -> 62.347895 | AD13: =(('3'!AC13*'3'!$O$9*1000000))/('3'!Y13*3600) -> 0 | AF13: =('3'!AE13/24)*0.454 -> 0 | AH13: =('3'!AG13/24)*0.454 -> 0 | AI13: 5000 | AJ13: =('3'!AI13/24)*0.454 -> 94.583333 | AL13: =('3'!AK13/24)*0.454 -> 0 | AN13: =('3'!AM13/24)*0.454 -> 0 | AP13: =('3'!AO13/24)*0.454 -> 0
A14: 0.58333333 | B14: 60 | C14: 12.5 | D14: 12.5 | E14: 2.5 | F14: 8 | G14: 8 | H14: 1.7 | I14: 0.5 | J14: 0.6 | K14: 7.3 | L14: 6.7 | M14: 6.7 | N14: 6.4 | O14: 3 | R14: ='3'!Z19 -> 940 | S14: ='3'!AB19 -> 63.279478 | T14: ='3'!Y19 -> 2744 | U14: =IF('3'!AA19=1,'3'!AR6,'3'!AR7) -> S.A.L | X14: 0.375 | Y14: 2814 | Z14: 940 | AA14: 1 | AB14: =IF('3'!AA14=1,(('3'!Z14*'3'!$AS$6*'3'!$AT$6)/('3'!Y14*0.0036)),IF('3'!AA14=2,(('3'!Z14*'3'!$AS$7*'3'!$AT$7)/('3'!Y14*0.0036)))) -> 61.705362 | AD14: =(('3'!AC14*'3'!$O$9*1000000))/('3'!Y14*3600) -> 0 | AF14: =('3'!AE14/24)*0.454 -> 0 | AH14: =('3'!AG14/24)*0.454 -> 0 | AI14: 5000 | AJ14: =('3'!AI14/24)*0.454 -> 94.583333 | AL14: =('3'!AK14/24)*0.454 -> 0 | AN14: =('3'!AM14/24)*0.454 -> 0 | AP14: =('3'!AO14/24)*0.454 -> 0
A15: 0.66666667 | B15: 60 | C15: 12.5 | D15: 12.5 | E15: 2.5 | F15: 8.2 | G15: 1.7 | H15: 1.9 | I15: 0.5 | J15: 0.6 | K15: 7.3 | L15: 6.7 | M15: 6.7 | N15: 6.4 | O15: 3 | R15: ='3'!Z21 -> 940 | S15: ='3'!AB21 -> 60.375135 | T15: ='3'!Y21 -> 2876 | U15: =IF('3'!AA21=1,'3'!AR6,'3'!AR7) -> S.A.L | X15: 0.41666667 | Y15: 2789 | Z15: 940 | AA15: 1 | AB15: =IF('3'!AA15=1,(('3'!Z15*'3'!$AS$6*'3'!$AT$6)/('3'!Y15*0.0036)),IF('3'!AA15=2,(('3'!Z15*'3'!$AS$7*'3'!$AT$7)/('3'!Y15*0.0036)))) -> 62.258476 | AD15: =(('3'!AC15*'3'!$O$9*1000000))/('3'!Y15*3600) -> 0 | AF15: =('3'!AE15/24)*0.454 -> 0 | AH15: =('3'!AG15/24)*0.454 -> 0 | AI15: 5000 | AJ15: =('3'!AI15/24)*0.454 -> 94.583333 | AL15: =('3'!AK15/24)*0.454 -> 0 | AN15: =('3'!AM15/24)*0.454 -> 0 | AP15: =('3'!AO15/24)*0.454 -> 0
A16: 0.75 | B16: 60 | C16: 12.5 | D16: 12.5 | E16: 2.5 | F16: 8.4 | G16: 1.7 | H16: 1.8 | I16: 0.5 | J16: 0.6 | K16: 7.3 | L16: 6.7 | M16: 6.7 | N16: 6.4 | O16: 3.3 | R16: ='3'!Z23 -> 940 | S16: ='3'!AB23 -> 61.39989 | T16: ='3'!Y23 -> 2828 | U16: =IF('3'!AA23=1,'3'!AR6,'3'!AR7) -> S.A.L | X16: 0.45833333 | Y16: 2791 | Z16: 940 | AA16: 1 | AB16: =IF('3'!AA16=1,(('3'!Z16*'3'!$AS$6*'3'!$AT$6)/('3'!Y16*0.0036)),IF('3'!AA16=2,(('3'!Z16*'3'!$AS$7*'3'!$AT$7)/('3'!Y16*0.0036)))) -> 62.213862 | AD16: =(('3'!AC16*'3'!$O$9*1000000))/('3'!Y16*3600) -> 0 | AF16: =('3'!AE16/24)*0.454 -> 0 | AH16: =('3'!AG16/24)*0.454 -> 0 | AI16: 5000 | AJ16: =('3'!AI16/24)*0.454 -> 94.583333 | AL16: =('3'!AK16/24)*0.454 -> 0 | AN16: =('3'!AM16/24)*0.454 -> 0 | AP16: =('3'!AO16/24)*0.454 -> 0
A17: 0.83333333 | B17: 50 | C17: 10 | D17: 12.5 | E17: 2.5 | F17: 8.4 | G17: 1.4 | H17: 2 | I17: 0.5 | J17: 0.4 | K17: 7.3 | L17: 6.7 | M17: 6.7 | N17: 6.4 | O17: 3.7 | R17: ='3'!Z25 -> 940 | S17: ='3'!AB25 -> 61.269897 | T17: ='3'!Y25 -> 2834 | U17: =IF('3'!AA25=1,'3'!AR6,'3'!AR7) -> S.A.L | V17: =ESCALA!$C$5 -> 0 | X17: 0.5 | Y17: 2807 | Z17: 940 | AA17: 1 | AB17: =IF('3'!AA17=1,(('3'!Z17*'3'!$AS$6*'3'!$AT$6)/('3'!Y17*0.0036)),IF('3'!AA17=2,(('3'!Z17*'3'!$AS$7*'3'!$AT$7)/('3'!Y17*0.0036)))) -> 61.859241 | AD17: =(('3'!AC17*'3'!$O$9*1000000))/('3'!Y17*3600) -> 0 | AF17: =('3'!AE17/24)*0.454 -> 0 | AH17: =('3'!AG17/24)*0.454 -> 0 | AI17: 5000 | AJ17: =('3'!AI17/24)*0.454 -> 94.583333 | AL17: =('3'!AK17/24)*0.454 -> 0 | AN17: =('3'!AM17/24)*0.454 -> 0 | AP17: =('3'!AO17/24)*0.454 -> 0
A18: 0.91666667 | B18: 50 | C18: 10 | D18: 12.5 | E18: 2.5 | F18: 8.4 | G18: 1.4 | H18: 2 | I18: 0.5 | J18: 0.4 | K18: 7.3 | L18: 6.7 | M18: 6.7 | N18: 6.4 | O18: 3.7 | R18: ='3'!Z27 -> 940 | S18: ='3'!AB27 -> 61.749249 | T18: ='3'!Y27 -> 2812 | U18: =IF('3'!AA27=1,'3'!AR6,'3'!AR7) -> S.A.L | X18: 0.54166667 | Y18: 2878 | Z18: 940 | AA18: 1 | AB18: =IF('3'!AA18=1,(('3'!Z18*'3'!$AS$6*'3'!$AT$6)/('3'!Y18*0.0036)),IF('3'!AA18=2,(('3'!Z18*'3'!$AS$7*'3'!$AT$7)/('3'!Y18*0.0036)))) -> 60.333179 | AD18: =(('3'!AC18*'3'!$O$9*1000000))/('3'!Y18*3600) -> 0 | AF18: =('3'!AE18/24)*0.454 -> 0 | AH18: =('3'!AG18/24)*0.454 -> 0 | AI18: 5000 | AJ18: =('3'!AI18/24)*0.454 -> 94.583333 | AL18: =('3'!AK18/24)*0.454 -> 0 | AN18: =('3'!AM18/24)*0.454 -> 0 | AP18: =('3'!AO18/24)*0.454 -> 0
A19: Média | B19: {=IF('3'!B7:B18>0.01,AVERAGE('3'!B7:B18),"")} -> 61.666667 | C19: {=IF('3'!C7:C18>0.01,AVERAGE('3'!C7:C18),"")} -> 12.083333 | D19: {=IF('3'!D7:D18>0.01,AVERAGE('3'!D7:D18),"")} -> 12.5 | E19: {=IF('3'!E7:E18>0.01,AVERAGE('3'!E7:E18),"")} -> 2.5 | F19: {=IF('3'!F7:F18>0.01,AVERAGE('3'!F7:F18),"")} -> 8.1416667 | G19: {=IF('3'!G7:G18>0.01,AVERAGE('3'!G7:G18),"")} -> 2 | H19: {=IF('3'!H7:H18>0.01,AVERAGE('3'!H7:H18),"")} -> 1.75 | I19: {=IF('3'!I7:I18>0.01,AVERAGE('3'!I7:I18),"")} -> 0.43333333 | ... S19: {=IF('3'!S7:S18>0.01,AVERAGE('3'!S7:S18),"")} -> 62.479791 | X19: 0.58333333 | Y19: 2744 | Z19: 940 | AA19: 1 | AB19: =IF('3'!AA19=1,(('3'!Z19*'3'!$AS$6*'3'!$AT$6)/('3'!Y19*0.0036)),IF('3'!AA19=2,(('3'!Z19*'3'!$AS$7*'3'!$AT$7)/('3'!Y19*0.0036)))) -> 63.279478 | AD19: =(('3'!AC19*'3'!$O$9*1000000))/('3'!Y19*3600) -> 0 | AF19: =('3'!AE19/24)*0.454 -> 0 | AH19: =('3'!AG19/24)*0.454 -> 0 | AI19: 5000 | AJ19: =('3'!AI19/24)*0.454 -> 94.583333 | AL19: =('3'!AK19/24)*0.454 -> 0 | AN19: =('3'!AM19/24)*0.454 -> 0 | AP19: =('3'!AO19/24)*0.454 -> 0
A20: Máximo | B20: =MAX('3'!B7:B18) -> 70 | C20: =MAX('3'!C7:C18) -> 12.5 | D20: =MAX('3'!D7:D18) -> 12.5 | E20: =MAX('3'!E7:E18) -> 2.5 | F20: =MAX('3'!F7:F18) -> 8.4 | G20: =MAX('3'!G7:G18) -> 8 | H20: =MAX('3'!H7:H18) -> 2 | I20: =MAX('3'!I7:I18) -> 0.5 | ... S20: =MAX('3'!S7:S18) -> 64.406116 | X20: 0.625 | Y20: 2843 | Z20: 940 | AA20: 1 | AB20: =IF('3'!AA20=1,(('3'!Z20*'3'!$AS$6*'3'!$AT$6)/('3'!Y20*0.0036)),IF('3'!AA20=2,(('3'!Z20*'3'!$AS$7*'3'!$AT$7)/('3'!Y20*0.0036)))) -> 61.075937 | AD20: =(('3'!AC20*'3'!$O$9*1000000))/('3'!Y20*3600) -> 0 | AF20: =('3'!AE20/24)*0.454 -> 0 | AH20: =('3'!AG20/24)*0.454 -> 0 | AI20: 5000 | AJ20: =('3'!AI20/24)*0.454 -> 94.583333 | AL20: =('3'!AK20/24)*0.454 -> 0 | AN20: =('3'!AM20/24)*0.454 -> 0 | AP20: =('3'!AO20/24)*0.454 -> 0
A21: Mínimo | B21: =MIN('3'!B7:B18) -> 50 | C21: =MIN('3'!C7:C18) -> 10 | D21: =MIN('3'!D7:D18) -> 12.5 | E21: =MIN('3'!E7:E18) -> 2.5 | F21: =MIN('3'!F7:F18) -> 7.7 | G21: =MIN('3'!G7:G18) -> 1.2 | H21: =MIN('3'!H7:H18) -> 1.5 | I21: =MIN('3'!I7:I18) -> 0.3 | ... S21: =MIN('3'!S7:S18) -> 60.375135 | X21: 0.66666667 | Y21: 2876 | Z21: 940 | AA21: 1 | AB21: =IF('3'!AA21=1,(('3'!Z21*'3'!$AS$6*'3'!$AT$6)/('3'!Y21*0.0036)),IF('3'!AA21=2,(('3'!Z21*'3'!$AS$7*'3'!$AT$7)/('3'!Y21*0.0036)))) -> 60.375135 | AD21: =(('3'!AC21*'3'!$O$9*1000000))/('3'!Y21*3600) -> 0 | AF21: =('3'!AE21/24)*0.454 -> 0 | AH21: =('3'!AG21/24)*0.454 -> 0 | AI21: 5000 | AJ21: =('3'!AI21/24)*0.454 -> 94.583333 | AL21: =('3'!AK21/24)*0.454 -> 0 | AN21: =('3'!AM21/24)*0.454 -> 0 | AP21: =('3'!AO21/24)*0.454 -> 0
R22: Total | X22: 0.70833333 | Y22: 2777 | Z22: 940 | AA22: 1 | AB22: =IF('3'!AA22=1,(('3'!Z22*'3'!$AS$6*'3'!$AT$6)/('3'!Y22*0.0036)),IF('3'!AA22=2,(('3'!Z22*'3'!$AS$7*'3'!$AT$7)/('3'!Y22*0.0036)))) -> 62.527508 | AD22: =(('3'!AC22*'3'!$O$9*1000000))/('3'!Y22*3600) -> 0 | AF22: =('3'!AE22/24)*0.454 -> 0 | AH22: =('3'!AG22/24)*0.454 -> 0 | AI22: 5000 | AJ22: =('3'!AI22/24)*0.454 -> 94.583333 | AL22: =('3'!AK22/24)*0.454 -> 0 | AN22: =('3'!AM22/24)*0.454 -> 0 | AP22: =('3'!AO22/24)*0.454 -> 0
A23: TURBIDEZ DOS FILTROS DA 1ª E 2ª ETAPAS | R23: 440 | S23: Litros | X23: 0.75 | Y23: 2828 | Z23: 940 | AA23: 1 | AB23: =IF('3'!AA23=1,(('3'!Z23*'3'!$AS$6*'3'!$AT$6)/('3'!Y23*0.0036)),IF('3'!AA23=2,(('3'!Z23*'3'!$AS$7*'3'!$AT$7)/('3'!Y23*0.0036)))) -> 61.39989 | AD23: =(('3'!AC23*'3'!$O$9*1000000))/('3'!Y23*3600) -> 0 | AF23: =('3'!AE23/24)*0.454 -> 0 | AH23: =('3'!AG23/24)*0.454 -> 0 | AI23: 5000 | AJ23: =('3'!AI23/24)*0.454 -> 94.583333 | AL23: =('3'!AK23/24)*0.454 -> 0 | AN23: =('3'!AM23/24)*0.454 -> 0 | AP23: =('3'!AO23/24)*0.454 -> 0
A24: HORA | B24: 1 | C24: 2 | D24: 3 | E24: 4 | F24: 5 | G24: 6 | H24: 7 | I24: 8 | J24: 9 | K24: 10 | L24: 11 | M24: 12 | N24: 13 | O24: 14 | P24: 15 | Q24: 16 | R24: 0 | S24: Kilos | X24: 0.79166667 | Y24: 2847 | Z24: 940 | AA24: 1 | AB24: =IF('3'!AA24=1,(('3'!Z24*'3'!$AS$6*'3'!$AT$6)/('3'!Y24*0.0036)),IF('3'!AA24=2,(('3'!Z24*'3'!$AS$7*'3'!$AT$7)/('3'!Y24*0.0036)))) -> 60.990126 | AD24: =(('3'!AC24*'3'!$O$9*1000000))/('3'!Y24*3600) -> 0 | AF24: =('3'!AE24/24)*0.454 -> 0 | AH24: =('3'!AG24/24)*0.454 -> 0 | AI24: 5000 | AJ24: =('3'!AI24/24)*0.454 -> 94.583333 | AL24: =('3'!AK24/24)*0.454 -> 0 | AN24: =('3'!AM24/24)*0.454 -> 0 | AP24: =('3'!AO24/24)*0.454 -> 0
A25: 0.41666667 | B25: * | C25: 0.42 | D25: 0.44 | E25: 0.46 | F25: 0.52 | G25: 0.49 | H25: 0.45 | I25: 0.4 | J25: * | K25: 0.43 | L25: 0.39 | M25: 0.47 | N25: 0.42 | O25: 0.43 | P25: 0.39 | Q25: * | R25: =#DIV/0! -> #DIV/0! | T25: DATA | U25: =ESCALA!$A$5 -> 43893 | X25: 0.83333333 | Y25: 2834 | Z25: 940 | AA25: 1 | AB25: =IF('3'!AA25=1,(('3'!Z25*'3'!$AS$6*'3'!$AT$6)/('3'!Y25*0.0036)),IF('3'!AA25=2,(('3'!Z25*'3'!$AS$7*'3'!$AT$7)/('3'!Y25*0.0036)))) -> 61.269897 | AD25: =(('3'!AC25*'3'!$O$9*1000000))/('3'!Y25*3600) -> 0 | AF25: =('3'!AE25/24)*0.454 -> 0 | AH25: =('3'!AG25/24)*0.454 -> 0 | AI25: 5000 | AJ25: =('3'!AI25/24)*0.454 -> 94.583333 | AL25: =('3'!AK25/24)*0.454 -> 0 | AN25: =('3'!AM25/24)*0.454 -> 0 | AP25: =('3'!AO25/24)*0.454 -> 0
A26: 0.66666667 | R26: =#DIV/0! -> #DIV/0! | X26: 0.875 | Y26: 2802 | Z26: 940 | AA26: 1 | AB26: =IF('3'!AA26=1,(('3'!Z26*'3'!$AS$6*'3'!$AT$6)/('3'!Y26*0.0036)),IF('3'!AA26=2,(('3'!Z26*'3'!$AS$7*'3'!$AT$7)/('3'!Y26*0.0036)))) -> 61.969625 | AD26: =(('3'!AC26*'3'!$O$9*1000000))/('3'!Y26*3600) -> 0 | AF26: =('3'!AE26/24)*0.454 -> 0 | AH26: =('3'!AG26/24)*0.454 -> 0 | AI26: 5000 | AJ26: =('3'!AI26/24)*0.454 -> 94.583333 | AL26: =('3'!AK26/24)*0.454 -> 0 | AN26: =('3'!AM26/24)*0.454 -> 0 | AP26: =('3'!AO26/24)*0.454 -> 0
A27: Média | B27: =#DIV/0! -> #DIV/0! | C27: =#DIV/0! -> #DIV/0! | D27: =#DIV/0! -> #DIV/0! | E27: =#DIV/0! -> #DIV/0! | F27: =#DIV/0! -> #DIV/0! | G27: =#DIV/0! -> #DIV/0! | H27: =#DIV/0! -> #DIV/0! | I27: =#DIV/0! -> #DIV/0! | ... Q27: =#DIV/0! -> #DIV/0! | X27: 0.91666667 | Y27: 2812 | Z27: 940 | AA27: 1 | AB27: =IF('3'!AA27=1,(('3'!Z27*'3'!$AS$6*'3'!$AT$6)/('3'!Y27*0.0036)),IF('3'!AA27=2,(('3'!Z27*'3'!$AS$7*'3'!$AT$7)/('3'!Y27*0.0036)))) -> 61.749249 | AD27: =(('3'!AC27*'3'!$O$9*1000000))/('3'!Y27*3600) -> 0 | AF27: =('3'!AE27/24)*0.454 -> 0 | AH27: =('3'!AG27/24)*0.454 -> 0 | AI27: 5000 | AJ27: =('3'!AI27/24)*0.454 -> 94.583333 | AL27: =('3'!AK27/24)*0.454 -> 0 | AN27: =('3'!AM27/24)*0.454 -> 0 | AP27: =('3'!AO27/24)*0.454 -> 0
A28: OBSERVAÇÕES | X28: 0.95833333 | Y28: 2814 | Z28: 940 | AA28: 1 | AB28: =IF('3'!AA28=1,(('3'!Z28*'3'!$AS$6*'3'!$AT$6)/('3'!Y28*0.0036)),IF('3'!AA28=2,(('3'!Z28*'3'!$AS$7*'3'!$AT$7)/('3'!Y28*0.0036)))) -> 61.705362 | AD28: =(('3'!AC28*'3'!$O$9*1000000))/('3'!Y28*3600) -> 0 | AF28: =('3'!AE28/24)*0.454 -> 0 | AH28: =('3'!AG28/24)*0.454 -> 0 | AI28: 5000 | AJ28: =('3'!AI28/24)*0.454 -> 94.583333 | AL28: =('3'!AK28/24)*0.454 -> 0 | AN28: =('3'!AM28/24)*0.454 -> 0 | AP28: =('3'!AO28/24)*0.454 -> 0
X29: 1 | Y29: 2786 | Z29: 940 | AA29: 1 | AB29: =IF('3'!AA29=1,(('3'!Z29*'3'!$AS$6*'3'!$AT$6)/('3'!Y29*0.0036)),IF('3'!AA29=2,(('3'!Z29*'3'!$AS$7*'3'!$AT$7)/('3'!Y29*0.0036)))) -> 62.325516 | AD29: =(('3'!AC29*'3'!$O$9*1000000))/('3'!Y29*3600) -> 0 | AF29: =('3'!AE29/24)*0.454 -> 0 | AH29: =('3'!AG29/24)*0.454 -> 0 | AI29: 5000 | AJ29: =('3'!AI29/24)*0.454 -> 94.583333 | AL29: =('3'!AK29/24)*0.454 -> 0 | AN29: =('3'!AM29/24)*0.454 -> 0 | AP29: =('3'!AO29/24)*0.454 -> 0
X30: Total | Y30: =SUM('3'!Y6:Y29)*3.6 -> 241214.4 | Z30: =SUM('3'!Z6:Z29) -> 22560 | AF30: =SUM('3'!AF6:AF29) -> 0 | AH30: =SUM('3'!AH6:AH29) -> 0 | AJ30: =SUM('3'!AJ6:AJ29) -> 2270 | AL30: =SUM('3'!AL6:AL29) -> 0 | AN30: =SUM('3'!AN6:AN29) -> 0 | AP30: =SUM('3'!AP6:AP29) -> 0
X32: S.A.L (l) - (kg) | Z32: =SUMIF('3'!AA6:AA29,"=1",'3'!Z6:Z29) -> 22560 | AA32: ='3'!Z32*'3'!AS6 -> 30004.8 | AB32: =SUMIF('3'!$AA$6:$AA$29,"=1",'3'!$AB$6:$AB$29)/COUNTIF('3'!$AA$6:$AA$29,"=1") -> 62.212285 | AC32: =SUMIF('3'!AA6:AA29,"=1",'3'!AC6:AC29) -> 0
X33: PAC 18 (l) - (kg) | Z33: =SUMIF('3'!AA6:AA29,"=2",'3'!Z6:Z29) -> 0 | AA33: ='3'!Z33*'3'!AS7 -> 0 | AB33: =SUMIF('3'!$AA$6:$AA$29,"=2",'3'!$AB$6:$AB$29)/COUNTIF('3'!$AA$6:$AA$29,"=2") -> #DIV/0! | AC33: =SUMIF('3'!AA6:AA29,"=2",'3'!AC6:AC29) -> 0
X34: Média | Y34: =AVERAGE('3'!Y6:Y29) -> 2791.8333 | Z34: =AVERAGE('3'!Z6:Z29) -> 940 | AC34: =SUM('3'!AC6:AC29)/COUNTIF('3'!AC6:AC29,"<>0") -> 0 | AD34: =SUM('3'!AD6:AD29)/COUNTIF('3'!AD6:AD29,"<>0") -> #DIV/0! | AF34: =AVERAGE('3'!AF6:AF29) -> 0 | AH34: =AVERAGE('3'!AH6:AH29) -> 0 | AJ34: ='3'!AJ30/24 -> 94.583333 | AL34: =AVERAGE('3'!AL6:AL29) -> 0 | AN34: =AVERAGE('3'!AN6:AN29) -> 0 | AP34: =AVERAGE('3'!AP6:AP29) -> 0
C35: Alcalinidade (mg/L) | F35: Ferro (mg/L) | I35: Manganês (mg/L) | L35: Alumínio (mg/L) | U35: TÉCNICO | X35: Decantadores | AA35: Filtros | AJ35: CLORAÇÃO INTERMEDIÁRIA | AO35: PÓS CLORAÇÃO
B36: HORA | C36: Bruta | D36: Dec. | E36: Trat (R-3) | F36: Bruta | G36: Filt. | H36: Trat (R-3) | I36: Bruta | J36: Filt. | K36: Trat (R-3) | L36: Trat (R-3) | X36: Lavados | AA36: Lavados | AB36: 7
B37: 0.33333333 | C37: 84.3 | D37: 54.2 | E37: 48.2 | I37: 0.1 | J37: 0.06 | K37: 0.03 | L37: 0.05 | U37: ='3'!V12 -> 0 | X37: HORAS OPERANDO | Z37: =COUNTA('3'!Z6:Z29) -> 24 | AJ37: CARRETA | AL37: CILINDROS | AO37: CARRETA | AQ37: CILINDROS
B38: 0.66666667 | AJ38: CONSUMO | AK38: =SUM('3'!AF30+'3'!AH30) -> 0 | AL38: CONSUMO | AM38: =SUM('3'!AL30+'3'!AN30) -> 0 | AO38: CONSUMO | AP38: ='3'!AJ30 -> 2270 | AQ38: CONSUMO | AR38: ='3'!AP30 -> 0
A39: Nº amostras de água TRATADA | C39: Nº amostras de água FILTRADA | E39: Nº amostras de água tratada/filtrada FORA DO PADRÃO | J39: Nº amostras de água tratada/filtrada no PADRÃO | O39: Nº de amostras com turbidez menor ou igual a 0,5 NTU | R39: ÁGUA FILTRADA | S39: Nº de amostras com turbidez menor ou igual a 1,0 NTU | AJ39: DOSAGEM | AK39: =('3'!AK38/'3'!Y30)*1000 -> 0 | AL39: DOSAGEM | AM39: =('3'!AM38/'3'!Y28)*1000 -> 0 | AO39: DOSAGEM | AP39: =('3'!AP38/'3'!Y28)*1000 -> 806.68088 | AQ39: DOSAGEM | AR39: =('3'!AR38/'3'!Y28)*1000 -> 0
A40: COR | B40: TURBIDEZ | C40: TURBIDEZ | E40: COR | G40: TURBIDEZ | J40: COR | L40: TURBIDEZ | X40: ESTOQUE DE COAGULANTE | AJ40: Consumo Total | AL40: =SUM('3'!AK38,'3'!AM38) -> 0 | AO40: Consumo Total | AQ40: =SUM('3'!AP38,'3'!AR38) -> 2270
A41: =COUNTA('3'!E7:E18) -> 12 | B41: =COUNTA('3'!I7:I18) -> 12 | C41: =COUNTA('3'!J7:J18) -> 12 | D41: =COUNTA('3'!K7:K18) -> 12 | E41: =COUNTIF('3'!E7:E18,">15") -> 0 | G41: =COUNTIF('3'!J7:J18,">1") -> 0 | J41: ='3'!A41-'3'!E41 -> 12 | L41: ='3'!C41-'3'!G41 -> 12 | O41: =COUNTIF('3'!J7:J18,"<=0,5") -> 9 | S41: =COUNTIF('3'!J7:J18,"<=1,0") -> 12 | AJ41: Dosagem Final | AL41: =SUM(('3'!AK38+'3'!AM38)/'3'!Y28)*1000 -> 0 | AO41: Dosagem Final | AQ41: =SUM(('3'!AP38+'3'!AR38)/'3'!Y30)*1000 -> 9.4107151
O42: ÁGUA FILTRATADA | X42: SULFATO DE ALUMÍNIO
H43: Nº de amostras água tratada com turbidez <= 5,0 NTU | L43: Nº de amostras água tratada para aluminio | Q43: Nº de amostras com turbidez entre 0,5 e 1,0 NTU | X43: TINA 01 | Z43: TINA 02 | AB43: TINA 03 | AD43: TANQUE
X44: ALTURA | Y44: 86 | Z44: ALTURA | AB44: ALTURA | AC44: 141 | AF44: Volume total (L) | AG44: =SUM('3'!Y45,'3'!AA45,'3'!AC45,'3'!AE45) -> 214831.5 | AI44: CONSUMO DE SULFATO DE ALUMÍNIO ÀS 24:00hs
H45: =COUNTIF('3'!I7:I18,"<=5,0") -> 12 | L45: =COUNTA('3'!L37) -> 1 | Q45: ='3'!S41-'3'!O41 -> 3 | X45: VOLUME | Y45: ='3'!Y44*275.3 -> 23675.8 | Z45: VOLUME | AA45: =262.4*'3'!AA44 -> 0 | AB45: VOLUME | AC45: ='3'!AC44*277.7 -> 39155.7 | AD45: VOLUME | AE45: 152000 | AI45: TINA 01 | AK45: TINA 02 | AM45: TINA 03
X46: Densidade | Y46: ='3'!AS6 -> 1.33 | Z46: Densidade | AA46: ='3'!Y46 -> 1.33 | AB46: Densidade | AC46: ='3'!Y46 -> 1.33 | AD46: Densidade | AE46: ='3'!Y46 -> 1.33 | AF46: Peso Total (Kg) | AG46: =SUM('3'!Y47,'3'!AA47,'3'!AC47,'3'!AE47) -> 285725.9 | AI46: ALTURA | AJ46: 28 | AK46: ALTURA | AM46: ALTURA | AN46: 49
O47: ÁGUA TRATADA - CLORO RESIDUAL | X47: Peso(Kg) | Y47: ='3'!Y45*'3'!Y46 -> 31488.814 | Z47: Peso(Kg) | AA47: ='3'!AA45*'3'!AA46 -> 0 | AB47: Peso(Kg) | AC47: ='3'!AC45*'3'!AC46 -> 52077.081 | AD47: Peso(Kg) | AE47: ='3'!AE45*'3'!AE46 -> 202160 | AI47: VOLUME | AJ47: ='3'!AJ46*275.3 -> 7708.4 | AK47: VOLUME | AL47: =262.4*'3'!AL46 -> 0 | AM47: VOLUME | AN47: ='3'!AN46*277.7 -> 13607.3
AI48: Densidade | AJ48: ='3'!Y46 -> 1.33 | AK48: Densidade | AL48: ='3'!AJ48 -> 1.33 | AM48: Densidade | AN48: ='3'!AJ48 -> 1.33
O49: Nº de amostras de água tratada para cloro residual | R49: Nº de amostras de água tratada dentro dos padrões de cloro residual | AI49: Peso(Kg) | AJ49: ='3'!AJ47*'3'!AJ48 -> 10252.172 | AK49: Peso(Kg) | AL49: ='3'!AL47*'3'!AL48 -> 0 | AM49: Peso(Kg) | AN49: ='3'!AN47*'3'!AN48 -> 18097.709
X50: PAC - 18
O51: =COUNTA('3'!O7:O18) -> 12 | P51: =COUNTA('3'!W17:W28) -> 0 | R51: =COUNTIF('3'!O7:O18,">=0,5") -> 12 | X51: TINA 01 | Z51: TINA 02 | AB51: TINA 03 | AD51: TANQUE | AI51: CONSUMO DE PAC ÀS 24:00hs
X52: ALTURA | Z52: ALTURA | AB52: ALTURA | AF52: Volume total (L) | AG52: =SUM('3'!Y53,'3'!AA53,'3'!AC53,'3'!AE53) -> 0 | AI52: TINA 01 | AK52: TINA 02 | AM52: TINA 03
O53: ÁGUA TRATADA - PH | X53: VOLUME | Y53: ='3'!Y52*275.3 -> 0 | Z53: VOLUME | AA53: =262.4*'3'!AA52 -> 0 | AB53: VOLUME | AC53: ='3'!AC52*277.7 -> 0 | AD53: VOLUME | AI53: ALTURA | AK53: ALTURA | AM53: ALTURA | AQ53: Volume total (L) | AR53: ='3'!AJ54+'3'!AL54+'3'!AN54+'3'!AP54 -> 0
X54: Densidade | Y54: ='3'!AS7 -> 1.377 | Z54: Densidade | AA54: ='3'!Y54 -> 1.377 | AB54: Densidade | AC54: ='3'!Y54 -> 1.377 | AD54: Densidade | AE54: ='3'!Y54 -> 1.377 | AF54: Peso Total (Kg) | AG54: =SUM('3'!Y55,'3'!AA55,'3'!AC55,'3'!AE55) -> 0 | AI54: VOLUME | AJ54: ='3'!AJ53*275.3 -> 0 | AK54: VOLUME | AL54: =262.4*'3'!AL53 -> 0 | AM54: VOLUME | AN54: ='3'!AN53*277.7 -> 0 | AO54: VOLUME | AP54: 0
O55: Nº de amostras de água tratada para PH | R55: Nº de amostras de água tratada dentro dos padrões de PH | X55: Peso(Kg) | Y55: ='3'!Y53*'3'!Y54 -> 0 | Z55: Peso(Kg) | AA55: ='3'!AA53*'3'!AA54 -> 0 | AB55: Peso(Kg) | AC55: ='3'!AC53*'3'!AC54 -> 0 | AD55: Peso(Kg) | AE55: ='3'!AE53*'3'!AE54 -> 0 | AI55: Densidade | AJ55: ='3'!Y54 -> 1.377 | AK55: Densidade | AL55: ='3'!AJ55 -> 1.377 | AM55: Densidade | AN55: ='3'!AJ55 -> 1.377 | AO55: Densidade | AP55: ='3'!AJ55 -> 1.377 | AQ55: Peso Total (Kg) | AR55: =SUM('3'!AJ56,'3'!AL56,'3'!AN56,'3'!AP56) -> 0
AI56: Peso(Kg) | AJ56: ='3'!AJ54*'3'!AJ55 -> 0 | AK56: Peso(Kg) | AL56: ='3'!AL54*'3'!AL55 -> 0 | AM56: Peso(Kg) | AN56: ='3'!AN54*'3'!AN55 -> 0 | AO56: Peso(Kg) | AP56: ='3'!AP54*'3'!AP55 -> 0
O57: =COUNTA('3'!N7:N18) -> 12 | R57: =COUNTIF('3'!N7:N18,">=6") -> 12
X58: ESTOQUE DE CLORO
AI59: CONTROLE DIÁRIO DO CONSUMO DE COAGULANTE
X60: Carretas com Cloro | AB60: Cilindros com Cloro | AI60: CLORETO DE POLIALUMÍNIO | AN60: SULFATO DE ALUMÍNIO
AI61: CONSUMO REAL | AL61: ='3'!AJ56+'3'!AL56+'3'!AN56 -> 0 | AN61: CONSUMO REAL | AQ61: ='3'!AJ49+'3'!AL49+'3'!AN49 -> 28349.881
X62: Recebido | AB62: Recebido | AI62: CONSUMO TEÓRICO | AL62: =AA33 -> 0 | AN62: CONSUMO TEÓRICO | AQ62: ='3'!AA32 -> 30004.8
X63: Peso(kg) | Y63: 0 | AB63: Peso(kg) | AI63: DIFERENÇA | AL63: ='3'!AL61-'3'!AL62 -> 0 | AN63: DIFERENÇA | AQ63: ='3'!AQ61-'3'!AQ62 -> -1654.919
X65: Saldo anterior (kg) | Y65: ='2'!$Y$68 -> -4138.9667 | AB65: Saldo anterior (kg) | AC65: ='2'!$AC$68 -> -510.75
X66: Consumido | AB66: Consumido
X67: Peso(kg) | Y67: =SUM('3'!AK38,'3'!AP38) -> 2270 | AB67: Peso(kg) | AC67: =SUM('3'!AM38,'3'!AR38) -> 0
X68: Saldo(kg) | Y68: =SUM('3'!Y63,'3'!Y65)-'3'!Y67 -> -6408.9667 | AB68: Saldo(kg) | AC68: =SUM('3'!AC63,'3'!AC65)-'3'!AC67 -> -510.75

Sheet 4
D2: CONTROLE DE ANÁLISE FÍSICO - QUÍMICAS \ ETA CASTELO BRANCO | AB2: CONTROLE DE PRODUTOS QUÍMICOS APLICADOS \ ETA CASTELO BRANCO
A4: HORA | B4: COR (Uc) | F4: TURBIDEZ (Ut) | K4: Ph | O4: CLORO RESIDUAL (mg/L) | R4: DOSAGEM DO COAGULANTE | T4: VAZÃO DA ETA | U4: TIPO DE COAGULANTE | V4: TÉCNICO | X4: Hora | Y4: Vazão ETA (l/s) | Z4: Vazão Coagulante (l/h) | AA4: Código | AB4: Dosagem (mg/l) | AC4: Vazão Polímero (l/h) | AD4: Dosagem (mg/l) | AE4: Pré 1 (Lib/dia) | AF4: Pré 1 (Kg/h) | AG4: Pré 2 (Lib/dia) | AH4: Pré 2 (Kg/h) | AI4: Pós (Lib/dia) | AJ4: Pós (Kg/h) | AK4: Pré 1 (Lib/dia) cilindros | AL4: Pré 1 (Kg/h) cilindros | AM4: Pré 2 (Lib/dia) cilindros | AN4: Pré 2 (Kg/h) cilindros | AO4: Pós (Lib/dia) cilindros | AP4: Pós (Kg/h) cilindros | AQ4: COAGULANTE | AU4: Tempo de Utilização (h)
AQ5: Codigo | AR5: Nome | AS5: d (g/ml) | AT5: C (%)
B6: Bruta | C6: DEC_1 | D6: DEC_2 | E6: TRAT | F6: Bruta | G6: DEC_1 | H6: DEC_2 | I6: TRAT | J6: FILT | K6: Bruta | L6: DEC_1 | M6: DEC_2 | N6: TRAT | O6: TRAT | P6: DEC_1 | Q6: DEC_2 | R6: L/h | S6: mg/l | T6: L/s | X6: 0.041666667 | Y6: 2798 | Z6: 940 | AA6: 1 | AB6: =IF('4'!AA6=1,(('4'!Z6*'4'!$AS$6*'4'!$AT$6)/('4'!Y6*0.0036)),IF('4'!AA6=2,(('4'!Z6*'4'!$AS$7*'4'!$AT$7)/('4'!Y6*0.0036)))) -> 62.058216 | AD6: =(('4'!AC6*'4'!$Q$10*1000000))/('4'!Y6*3600) -> 0 | AF6: =('4'!AE6/24)*0.454 -> 0 | AH6: =('4'!AG6/24)*0.454 -> 0 | AI6: 5000 | AJ6: =('4'!AI6/24)*0.454 -> 94.583333 | AL6: =('4'!AK6/24)*0.454 -> 0 | AN6: =('4'!AM6/24)*0.454 -> 0 | AP6: =('4'!AO6/24)*0.454 -> 0 | AQ6: 1 | AR6: S.A.L | AS6: 1.33 | AT6: 0.5 | AU6: 0
A7: 0 | B7: 50 | C7: 10 | D7: 12.5 | E7: 2.5 | F7: 8.4 | G7: 1.4 | H7: 1.9 | I7: 0.5 | J7: 0.4 | K7: 7.3 | L7: 6.7 | M7: 6.7 | N7: 6.4 | O7: 3.7 | R7: ='3'!$Z$29 -> 940 | S7: ='3'!$AB$29 -> 62.325516 | T7: ='3'!$Y$29 -> 2786 | U7: =IF('4'!AA6=1,'4'!AR6,'4'!AR7) -> S.A.L | V7: =ESCALA!$B$5 -> 0 | X7: 0.083333333 | Y7: 2803 | Z7: 940 | AA7: 1 | AB7: =IF('4'!AA7=1,(('4'!Z7*'4'!$AS$6*'4'!$AT$6)/('4'!Y7*0.0036)),IF('4'!AA7=2,(('4'!Z7*'4'!$AS$7*'4'!$AT$7)/('4'!Y7*0.0036)))) -> 61.947517 | AD7: =(('4'!AC7*'4'!$Q$10*1000000))/('4'!Y7*3600) -> 0 | AF7: =('4'!AE7/24)*0.454 -> 0 | AH7: =('4'!AG7/24)*0.454 -> 0 | AI7: 5000 | AJ7: =('4'!AI7/24)*0.454 -> 94.583333 | AL7: =('4'!AK7/24)*0.454 -> 0 | AN7: =('4'!AM7/24)*0.454 -> 0 | AP7: =('4'!AO7/24)*0.454 -> 0 | AQ7: 2 | AR7: PAC 18 | AS7: 1.377 | AT7: 1 | AU7: 24
A8: 0.083333333 | B8: 50 | C8: 10 | D8: 12.5 | E8: 2.5 | F8: 8.3 | G8: 1.4 | H8: 1.9 | I8: 0.5 | J8: 0.4 | K8: 7.3 | L8: 6.7 | M8: 6.7 | N8: 6.4 | O8: 3.7 | R8: ='4'!Z7 -> 940 | S8: ='4'!AB7 -> 61.947517 | T8: ='4'!Y7 -> 2803 | U8: =IF('4'!AA7=1,'4'!AR6,'4'!AR7) -> S.A.L | X8: 0.125 | Y8: 2757 | Z8: 940 | AA8: 1 | AB8: =IF('4'!AA8=1,(('4'!Z8*'4'!$AS$6*'4'!$AT$6)/('4'!Y8*0.0036)),IF('4'!AA8=2,(('4'!Z8*'4'!$AS$7*'4'!$AT$7)/('4'!Y8*0.0036)))) -> 62.981099 | AD8: =(('4'!AC8*'4'!$Q$10*1000000))/('4'!Y8*3600) -> 0 | AF8: =('4'!AE8/24)*0.454 -> 0 | AH8: =('4'!AG8/24)*0.454 -> 0 | AI8: 5000 | AJ8: =('4'!AI8/24)*0.454 -> 94.583333 | AL8: =('4'!AK8/24)*0.454 -> 0 | AN8: =('4'!AM8/24)*0.454 -> 0 | AP8: =('4'!AO8/24)*0.454 -> 0 | AQ8: Polímero Catiônico
A9: 0.16666667 | B9: 50 | C9: 10 | D9: 12.5 | E9: 2.5 | F9: 8.3 | G9: 1.3 | H9: 1.8 | I9: 0.5 | J9: 0.4 | K9: 7.3 | L9: 6.7 | M9: 6.7 | N9: 6.4 | O9: 3.6 | R9: ='4'!Z9 -> 940 | S9: ='4'!AB9 -> 62.730812 | T9: ='4'!Y9 -> 2768 | U9: =IF('4'!AA9=1,'4'!AR6,'4'!AR7) -> S.A.L | X9: 0.16666667 | Y9: 2768 | Z9: 940 | AA9: 1 | AB9: =IF('4'!AA9=1,(('4'!Z9*'4'!$AS$6*'4'!$AT$6)/('4'!Y9*0.0036)),IF('4'!AA9=2,(('4'!Z9*'4'!$AS$7*'4'!$AT$7)/('4'!Y9*0.0036)))) -> 62.730812 | AD9: =(('4'!AC9*'4'!$Q$10*1000000))/('4'!Y9*3600) -> 0 | AF9: =('4'!AE9/24)*0.454 -> 0 | AH9: =('4'!AG9/24)*0.454 -> 0 | AI9: 5000 | AJ9: =('4'!AI9/24)*0.454 -> 94.583333 | AL9: =('4'!AK9/24)*0.454 -> 0 | AN9: =('4'!AM9/24)*0.454 -> 0 | AP9: =('4'!AO9/24)*0.454 -> 0 | AQ9: Nome | AT9: C (%)
A10: 0.25 | B10: 50 | C10: 10 | D10: 12.5 | E10: 2.5 | F10: 8.3 | G10: 1.3 | H10: 1.8 | I10: 0.5 | J10: 0.4 | K10: 7.3 | L10: 6.7 | M10: 6.7 | N10: 6.4 | O10: 3.6 | R10: ='4'!Z11 -> 940 | S10: ='4'!AB11 -> 62.572573 | T10: ='4'!Y11 -> 2775 | U10: =IF('4'!AA11=1,'4'!AR6,'4'!AR7) -> S.A.L | X10: 0.20833333 | Y10: 2794 | Z10: 940 | AA10: 1 | AB10: =IF('4'!AA10=1,(('4'!Z10*'4'!$AS$6*'4'!$AT$6)/('4'!Y10*0.0036)),IF('4'!AA10=2,(('4'!Z10*'4'!$AS$7*'4'!$AT$7)/('4'!Y10*0.0036)))) -> 62.147061 | AD10: =(('4'!AC10*'4'!$Q$10*1000000))/('4'!Y10*3600) -> 0 | AF10: =('4'!AE10/24)*0.454 -> 0 | AH10: =('4'!AG10/24)*0.454 -> 0 | AI10: 5000 | AJ10: =('4'!AI10/24)*0.454 -> 94.583333 | AL10: =('4'!AK10/24)*0.454 -> 0 | AN10: =('4'!AM10/24)*0.454 -> 0 | AP10: =('4'!AO10/24)*0.454 -> 0 | AQ10: Aguapol 200 | AT10: 0.002
A11: 0.33333333 | B11: 50 | C11: 10 | D11: 12.5 | E11: 2.5 | F11: 8.3 | G11: 1.3 | H11: 1.6 | I11: 0.4 | J11: 0.4 | K11: 7.3 | L11: 6.7 | M11: 6.7 | N11: 6.4 | O11: 3.5 | R11: ='4'!Z13 -> 940 | S11: ='4'!AB13 -> 62.662897 | T11: ='4'!Y13 -> 2771 | U11: =IF('4'!AA13=1,'4'!AR6,'4'!AR7) -> S.A.L | X11: 0.25 | Y11: 2775 | Z11: 940 | AA11: 1 | AB11: =IF('4'!AA11=1,(('4'!Z11*'4'!$AS$6*'4'!$AT$6)/('4'!Y11*0.0036)),IF('4'!AA11=2,(('4'!Z11*'4'!$AS$7*'4'!$AT$7)/('4'!Y11*0.0036)))) -> 62.572573 | AD11: =(('4'!AC11*'4'!$Q$10*1000000))/('4'!Y11*3600) -> 0 | AF11: =('4'!AE11/24)*0.454 -> 0 | AH11: =('4'!AG11/24)*0.454 -> 0 | AI11: 5000 | AJ11: =('4'!AI11/24)*0.454 -> 94.583333 | AL11: =('4'!AK11/24)*0.454 -> 0 | AN11: =('4'!AM11/24)*0.454 -> 0 | AP11: =('4'!AO11/24)*0.454 -> 0
A12: 0.41666667 | B12: 50 | C12: 10 | D12: 12.5 | E12: 2.5 | F12: 8.4 | G12: 1.4 | H12: 1.7 | I12: 0.4 | J12: 0.4 | K12: 7.3 | L12: 6.7 | M12: 6.7 | N12: 6.4 | O12: 3.4 | R12: ='4'!Z15 -> 940 | S12: ='4'!AB15 -> 61.925424 | T12: ='4'!Y15 -> 2804 | U12: =IF('4'!AA15=1,'4'!AR6,'4'!AR7) -> S.A.L | V12: =ESCALA!$B$6 -> 0 | X12: 0.29166667 | Y12: 2791 | Z12: 940 | AA12: 1 | AB12: =IF('4'!AA12=1,(('4'!Z12*'4'!$AS$6*'4'!$AT$6)/('4'!Y12*0.0036)),IF('4'!AA12=2,(('4'!Z12*'4'!$AS$7*'4'!$AT$7)/('4'!Y12*0.0036)))) -> 62.213862 | AD12: =(('4'!AC12*'4'!$Q$10*1000000))/('4'!Y12*3600) -> 0 | AF12: =('4'!AE12/24)*0.454 -> 0 | AH12: =('4'!AG12/24)*0.454 -> 0 | AI12: 5000 | AJ12: =('4'!AI12/24)*0.454 -> 94.583333 | AL12: =('4'!AK12/24)*0.454 -> 0 | AN12: =('4'!AM12/24)*0.454 -> 0 | AP12: =('4'!AO12/24)*0.454 -> 0
A13: 0.5 | B13: 60 | C13: 10 | D13: 12.5 | E13: 2.5 | F13: 8.8 | G13: 1.5 | H13: 1.8 | I13: 0.4 | J13: 0.4 | K13: 7.3 | L13: 6.7 | M13: 6.7 | N13: 6.4 | O13: 3.5 | R13: ='4'!Z17 -> 940 | S13: ='4'!AB17 -> 62.102607 | T13: ='4'!Y17 -> 2796 | U13: =IF('4'!AA17=1,'4'!AR6,'4'!AR7) -> S.A.L | X13: 0.33333333 | Y13: 2771 | Z13: 940 | AA13: 1 | AB13: =IF('4'!AA13=1,(('4'!Z13*'4'!$AS$6*'4'!$AT$6)/('4'!Y13*0.0036)),IF('4'!AA13=2,(('4'!Z13*'4'!$AS$7*'4'!$AT$7)/('4'!Y13*0.0036)))) -> 62.662897 | AD13: =(('4'!AC13*'4'!$Q$10*1000000))/('4'!Y13*3600) -> 0 | AF13: =('4'!AE13/24)*0.454 -> 0 | AH13: =('4'!AG13/24)*0.454 -> 0 | AI13: 5000 | AJ13: =('4'!AI13/24)*0.454 -> 94.583333 | AL13: =('4'!AK13/24)*0.454 -> 0 | AN13: =('4'!AM13/24)*0.454 -> 0 | AP13: =('4'!AO13/24)*0.454 -> 0
A14: 0.58333333 | B14: 60 | C14: 10 | D14: 12.5 | E14: 2.5 | F14: 8.8 | G14: 1.4 | H14: 1.9 | I14: 0.4 | J14: 0.4 | K14: 7.3 | L14: 6.7 | M14: 6.7 | N14: 6.4 | O14: 3.5 | R14: ='4'!Z19 -> 940 | S14: ='4'!AB19 -> 59.121174 | T14: ='4'!Y19 -> 2937 | U14: =IF('4'!AA19=1,'4'!AR6,'4'!AR7) -> S.A.L | X14: 0.375 | Y14: 2811 | Z14: 940 | AA14: 1 | AB14: =IF('4'!AA14=1,(('4'!Z14*'4'!$AS$6*'4'!$AT$6)/('4'!Y14*0.0036)),IF('4'!AA14=2,(('4'!Z14*'4'!$AS$7*'4'!$AT$7)/('4'!Y14*0.0036)))) -> 61.771216 | AD14: =(('4'!AC14*'4'!$Q$10*1000000))/('4'!Y14*3600) -> 0 | AF14: =('4'!AE14/24)*0.454 -> 0 | AH14: =('4'!AG14/24)*0.454 -> 0 | AI14: 5000 | AJ14: =('4'!AI14/24)*0.454 -> 94.583333 | AL14: =('4'!AK14/24)*0.454 -> 0 | AN14: =('4'!AM14/24)*0.454 -> 0 | AP14: =('4'!AO14/24)*0.454 -> 0
A15: 0.66666667 | B15: 60 | C15: 10 | D15: 12.5 | E15: 2.5 | F15: 8.9 | G15: 1.4 | H15: 1.7 | I15: 0.4 | J15: 0.4 | K15: 7.3 | L15: 6.8 | M15: 6.8 | N15: 6.4 | O15: 3.5 | R15: ='4'!Z21 -> 940 | S15: ='4'!AB21 -> 60.904556 | T15: ='4'!Y21 -> 2851 | U15: =IF('4'!AA21=1,'4'!AR6,'4'!AR7) -> S.A.L | X15: 0.41666667 | Y15: 2804 | Z15: 940 | AA15: 1 | AB15: =IF('4'!AA15=1,(('4'!Z15*'4'!$AS$6*'4'!$AT$6)/('4'!Y15*0.0036)),IF('4'!AA15=2,(('4'!Z15*'4'!$AS$7*'4'!$AT$7)/('4'!Y15*0.0036)))) -> 61.925424 | AD15: =(('4'!AC15*'4'!$Q$10*1000000))/('4'!Y15*3600) -> 0 | AF15: =('4'!AE15/24)*0.454 -> 0 | AH15: =('4'!AG15/24)*0.454 -> 0 | AI15: 5000 | AJ15: =('4'!AI15/24)*0.454 -> 94.583333 | AL15: =('4'!AK15/24)*0.454 -> 0 | AN15: =('4'!AM15/24)*0.454 -> 0 | AP15: =('4'!AO15/24)*0.454 -> 0
A16: 0.75 | B16: 60 | C16: 10 | D16: 12.5 | E16: 2.5 | F16: 8.9 | G16: 1.4 | H16: 2 | I16: 0.4 | J16: 0.4 | K16: 7.3 | L16: 6.8 | M16: 6.8 | N16: 6.4 | O16: 3.5 | R16: ='4'!Z23 -> 940 | S16: ='4'!AB23 -> 61.140454 | T16: ='4'!Y23 -> 2840 | U16: =IF('4'!AA23=1,'4'!AR6,'4'!AR7) -> S.A.L | X16: 0.45833333 | Y16: 2812 | Z16: 940 | AA16: 1 | AB16: =IF('4'!AA16=1,(('4'!Z16*'4'!$AS$6*'4'!$AT$6)/('4'!Y16*0.0036)),IF('4'!AA16=2,(('4'!Z16*'4'!$AS$7*'4'!$AT$7)/('4'!Y16*0.0036)))) -> 61.749249 | AD16: =(('4'!AC16*'4'!$Q$10*1000000))/('4'!Y16*3600) -> 0 | AF16: =('4'!AE16/24)*0.454 -> 0 | AH16: =('4'!AG16/24)*0.454 -> 0 | AI16: 5000 | AJ16: =('4'!AI16/24)*0.454 -> 94.583333 | AL16: =('4'!AK16/24)*0.454 -> 0 | AN16: =('4'!AM16/24)*0.454 -> 0 | AP16: =('4'!AO16/24)*0.454 -> 0
A17: 0.83333333 | B17: 60 | C17: 10 | D17: 12.5 | E17: 2.5 | F17: 9.8 | G17: 1.5 | H17: 2 | I17: 0.4 | J17: 0.5 | K17: 7.3 | L17: 6.8 | M17: 6.8 | N17: 6.4 | O17: 3.5 | R17: ='4'!Z25 -> 940 | S17: ='4'!AB25 -> 62.685519 | T17: ='4'!Y25 -> 2770 | U17: =IF('4'!AA25=1,'4'!AR6,'4'!AR7) -> S.A.L | V17: =ESCALA!$C$6 -> 0 | X17: 0.5 | Y17: 2796 | Z17: 940 | AA17: 1 | AB17: =IF('4'!AA17=1,(('4'!Z17*'4'!$AS$6*'4'!$AT$6)/('4'!Y17*0.0036)),IF('4'!AA17=2,(('4'!Z17*'4'!$AS$7*'4'!$AT$7)/('4'!Y17*0.0036)))) -> 62.102607 | AD17: =(('4'!AC17*'4'!$Q$10*1000000))/('4'!Y17*3600) -> 0 | AF17: =('4'!AE17/24)*0.454 -> 0 | AH17: =('4'!AG17/24)*0.454 -> 0 | AI17: 5000 | AJ17: =('4'!AI17/24)*0.454 -> 94.583333 | AL17: =('4'!AK17/24)*0.454 -> 0 | AN17: =('4'!AM17/24)*0.454 -> 0 | AP17: =('4'!AO17/24)*0.454 -> 0
A18: 0.91666667 | B18: 60 | C18: 10 | D18: 12.5 | E18: 2.5 | F18: 10 | G18: 1.5 | H18: 1.9 | I18: 0.4 | J18: 0.5 | K18: 7.3 | L18: 6.8 | M18: 6.8 | N18: 6.4 | O18: 3.5 | R18: ='4'!Z27 -> 940 | S18: ='4'!AB27 -> 63.02682 | T18: ='4'!Y27 -> 2755 | U18: =IF('4'!AA27=1,'4'!AR6,'4'!AR7) -> S.A.L | X18: 0.54166667 | Y18: 2847 | Z18: 940 | AA18: 1 | AB18: =IF('4'!AA18=1,(('4'!Z18*'4'!$AS$6*'4'!$AT$6)/('4'!Y18*0.0036)),IF('4'!AA18=2,(('4'!Z18*'4'!$AS$7*'4'!$AT$7)/('4'!Y18*0.0036)))) -> 60.990126 | AD18: =(('4'!AC18*'4'!$Q$10*1000000))/('4'!Y18*3600) -> 0 | AF18: =('4'!AE18/24)*0.454 -> 0 | AH18: =('4'!AG18/24)*0.454 -> 0 | AI18: 5000 | AJ18: =('4'!AI18/24)*0.454 -> 94.583333 | AL18: =('4'!AK18/24)*0.454 -> 0 | AN18: =('4'!AM18/24)*0.454 -> 0 | AP18: =('4'!AO18/24)*0.454 -> 0
A19: Média | B19: {=IF('3'!B7:B18>0.01,AVERAGE('3'!B7:B18),"")} -> 61.666667 | C19: {=IF('3'!C7:C18>0.01,AVERAGE('3'!C7:C18),"")} -> 12.083333 | D19: {=IF('3'!D7:D18>0.01,AVERAGE('3'!D7:D18),"")} -> 12.5 | E19: {=IF('3'!E7:E18>0.01,AVERAGE('3'!E7:E18),"")} -> 2.5 | F19: {=IF('3'!F7:F18>0.01,AVERAGE('3'!F7:F18),"")} -> 8.1416667 | G19: {=IF('3'!G7:G18>0.01,AVERAGE('3'!G7:G18),"")} -> 2 | H19: {=IF('3'!H7:H18>0.01,AVERAGE('3'!H7:H18),"")} -> 1.75 | I19: {=IF('3'!I7:I18>0.01,AVERAGE('3'!I7:I18),"")} -> 0.43333333 | ... O19: {=IF('3'!O7:O18>0.01,AVERAGE('3'!O7:O18),"")} -> 3.0083333 | P19: {=IF('2'!P7:P18>0.01,AVERAGE('2'!P7:P18),"")} | Q19: {=IF('2'!Q7:Q18>0.01,AVERAGE('2'!Q7:Q18),"")} | R19: {=IF('4'!R7:R18>0.01,AVERAGE('4'!R7:R18),"")} -> 940 | S19: {=IF('4'!S7:S18>0.01,AVERAGE('4'!S7:S18),"")} -> 61.928822 | X19: 0.58333333 | Y19: 2937 | Z19: 940 | AA19: 1 | AB19: =IF('4'!AA19=1,(('4'!Z19*'4'!$AS$6*'4'!$AT$6)/('4'!Y19*0.0036)),IF('4'!AA19=2,(('4'!Z19*'4'!$AS$7*'4'!$AT$7)/('4'!Y19*0.0036)))) -> 59.121174 | AD19: =(('4'!AC19*'4'!$Q$10*1000000))/('4'!Y19*3600) -> 0 | AF19: =('4'!AE19/24)*0.454 -> 0 | AH19: =('4'!AG19/24)*0.454 -> 0 | AI19: 5000 | AJ19: =('4'!AI19/24)*0.454 -> 94.583333 | AL19: =('4'!AK19/24)*0.454 -> 0 | AN19: =('4'!AM19/24)*0.454 -> 0 | AP19: =('4'!AO19/24)*0.454 -> 0
A20: Máximo | B20: =MAX(B7:B18) -> 60 | C20: =MAX(C7:C18) -> 10 | D20: =MAX(D7:D18) -> 12.5 | E20: =MAX(E7:E18) -> 2.5 | F20: =MAX('5'!F7:F18) -> 11 | G20: =MAX('5'!G7:G18) -> 1.43 | H20: =MAX('5'!H7:H18) -> 2 | I20: =MAX('5'!I7:I18) -> 0.5 | J20: =MAX('5'!J7:J18) -> 0.5 | K20: =MAX('5'!K7:K18) -> 7.3 | L20: =MAX('5'!L7:L18) -> 6.7 | M20: =MAX('5'!M7:M18) -> 6.7 | N20: =MAX('5'!N7:N18) -> 6.4 | O20: =MAX('4'!O7:O18) -> 3.7 | P20: =MAX('5'!P7:P18) -> 0 | Q20: =MAX('5'!Q7:Q18) -> 0 | R20: =MAX('4'!R7:R18) -> 940 | S20: =MAX('4'!S7:S18) -> 63.02682 | X20: 0.625 | Y20: 2861 | Z20: 940 | AA20: 1 | AB20: =IF('4'!AA20=1,(('4'!Z20*'4'!$AS$6*'4'!$AT$6)/('4'!Y20*0.0036)),IF('4'!AA20=2,(('4'!Z20*'4'!$AS$7*'4'!$AT$7)/('4'!Y20*0.0036)))) -> 60.691677 | AD20: =(('4'!AC20*'4'!$Q$10*1000000))/('4'!Y20*3600) -> 0 | AF20: =('4'!AE20/24)*0.454 -> 0 | AH20: 0 | AI20: 5000 | AJ20: =('4'!AI20/24)*0.454 -> 94.583333 | AL20: =('4'!AK20/24)*0.454 -> 0 | AN20: =('4'!AM20/24)*0.454 -> 0 | AP20: =('4'!AO20/24)*0.454 -> 0
A21: Mínimo | B21: =MIN('4'!B7:B18) -> 50 | C21: =MIN('4'!C7:C18) -> 10 | D21: =MIN('4'!D7:D18) -> 12.5 | E21: =MIN('4'!E7:E18) -> 2.5 | F21: =MIN('4'!F7:F18) -> 8.3 | G21: =MIN('4'!G7:G18) -> 1.3 | H21: =MIN('4'!H7:H18) -> 1.6 | I21: =MIN('4'!I7:I18) -> 0.4 | ... S21: =MIN('4'!S7:S18) -> 59.121174 | X21: 0.66666667 | Y21: 2851 | Z21: 940 | AA21: 1 | AB21: =IF('4'!AA21=1,(('4'!Z21*'4'!$AS$6*'4'!$AT$6)/('4'!Y21*0.0036)),IF('4'!AA21=2,(('4'!Z21*'4'!$AS$7*'4'!$AT$7)/('4'!Y21*0.0036)))) -> 60.904556 | AD21: =(('4'!AC21*'4'!$Q$10*1000000))/('4'!Y21*3600) -> 0 | AF21: =('4'!AE21/24)*0.454 -> 0 | AH21: =('4'!AG21/24)*0.454 -> 0 | AI21: 5000 | AJ21: =('4'!AI21/24)*0.454 -> 94.583333 | AL21: =('4'!AK21/24)*0.454 -> 0 | AN21: =('4'!AM21/24)*0.454 -> 0 | AP21: =('4'!AO21/24)*0.454 -> 0
R22: Total | X22: 0.70833333 | Y22: 2840 | Z22: 940 | AA22: 1 | AB22: =IF('4'!AA22=1,(('4'!Z22*'4'!$AS$6*'4'!$AT$6)/('4'!Y22*0.0036)),IF('4'!AA22=2,(('4'!Z22*'4'!$AS$7*'4'!$AT$7)/('4'!Y22*0.0036)))) -> 61.140454 | AD22: =(('4'!AC22*'4'!$Q$10*1000000))/('4'!Y22*3600) -> 0 | AF22: =('4'!AE22/24)*0.454 -> 0 | AH22: =('4'!AG22/24)*0.454 -> 0 | AI22: 5000 | AJ22: =('4'!AI22/24)*0.454 -> 94.583333 | AL22: =('4'!AK22/24)*0.454 -> 0 | AN22: =('4'!AM22/24)*0.454 -> 0 | AP22: =('4'!AO22/24)*0.454 -> 0
A23: TURBIDEZ DOS FILTROS DA 1ª E 2ª ETAPAS | R23: 440 | S23: Litros | X23: 0.75 | Y23: 2840 | Z23: 940 | AA23: 1 | AB23: =IF('4'!AA23=1,(('4'!Z23*'4'!$AS$6*'4'!$AT$6)/('4'!Y23*0.0036)),IF('4'!AA23=2,(('4'!Z23*'4'!$AS$7*'4'!$AT$7)/('4'!Y23*0.0036)))) -> 61.140454 | AD23: =(('4'!AC23*'4'!$Q$10*1000000))/('4'!Y23*3600) -> 0 | AF23: =('4'!AE23/24)*0.454 -> 0 | AH23: =('4'!AG23/24)*0.454 -> 0 | AI23: 5000 | AJ23: =('4'!AI23/24)*0.454 -> 94.583333 | AL23: =('4'!AK23/24)*0.454 -> 0 | AN23: =('4'!AM23/24)*0.454 -> 0 | AP23: =('4'!AO23/24)*0.454 -> 0
A24: HORA | B24: 1 | C24: 2 | D24: 3 | E24: 4 | F24: 5 | G24: 6 | H24: 7 | I24: 8 | J24: 9 | K24: 10 | L24: 11 | M24: 12 | N24: 13 | O24: 14 | P24: 15 | Q24: 16 | R24: 0 | S24: Kilos | X24: 0.79166667 | Y24: 2773 | Z24: 940 | AA24: 1 | AB24: =IF('4'!AA24=1,(('4'!Z24*'4'!$AS$6*'4'!$AT$6)/('4'!Y24*0.0036)),IF('4'!AA24=2,(('4'!Z24*'4'!$AS$7*'4'!$AT$7)/('4'!Y24*0.0036)))) -> 62.617702 | AD24: =(('4'!AC24*'4'!$Q$10*1000000))/('4'!Y24*3600) -> 0 | AF24: =('4'!AE24/24)*0.454 -> 0 | AH24: =('4'!AG24/24)*0.454 -> 0 | AI24: 5000 | AJ24: =('4'!AI24/24)*0.454 -> 94.583333 | AL24: =('4'!AK24/24)*0.454 -> 0 | AN24: =('4'!AM24/24)*0.454 -> 0 | AP24: =('4'!AO24/24)*0.454 -> 0
A25: 0.41666667 | B25: 0.76 | C25: 0.43 | D25: 0.79 | E25: 0.41 | F25: 0.39 | G25: 0.4 | H25: 0.42 | I25: 0.45 | J25: 0.59 | K25: 0.43 | L25: 0.4 | M25: 0.44 | N25: 0.41 | O25: 0.41 | P25: 0.38 | Q25: 0.28 | R25: =#DIV/0! -> #DIV/0! | T25: DATA | U25: =ESCALA!$A$6 -> 43894 | X25: 0.83333333 | Y25: 2770 | Z25: 940 | AA25: 1 | AB25: =IF('4'!AA25=1,(('4'!Z25*'4'!$AS$6*'4'!$AT$6)/('4'!Y25*0.0036)),IF('4'!AA25=2,(('4'!Z25*'4'!$AS$7*'4'!$AT$7)/('4'!Y25*0.0036)))) -> 62.685519 | AD25: =(('4'!AC25*'4'!$Q$10*1000000))/('4'!Y25*3600) -> 0 | AF25: =('4'!AE25/24)*0.454 -> 0 | AH25: =('4'!AG25/24)*0.454 -> 0 | AI25: 5000 | AJ25: =('4'!AI25/24)*0.454 -> 94.583333 | AL25: =('4'!AK25/24)*0.454 -> 0 | AN25: =('4'!AM25/24)*0.454 -> 0 | AP25: =('4'!AO25/24)*0.454 -> 0
A26: 0.66666667 | R26: =#DIV/0! -> #DIV/0! | X26: 0.875 | Y26: 2804 | Z26: 940 | AA26: 1 | AB26: =IF('4'!AA26=1,(('4'!Z26*'4'!$AS$6*'4'!$AT$6)/('4'!Y26*0.0036)),IF('4'!AA26=2,(('4'!Z26*'4'!$AS$7*'4'!$AT$7)/('4'!Y26*0.0036)))) -> 61.925424 | AD26: =(('4'!AC26*'4'!$Q$10*1000000))/('4'!Y26*3600) -> 0 | AF26: =('4'!AE26/24)*0.454 -> 0 | AH26: =('4'!AG26/24)*0.454 -> 0 | AI26: 5000 | AJ26: =('4'!AI26/24)*0.454 -> 94.583333 | AL26: =('4'!AK26/24)*0.454 -> 0 | AN26: =('4'!AM26/24)*0.454 -> 0 | AP26: =('4'!AO26/24)*0.454 -> 0
A27: Média | B27: =#DIV/0! -> #DIV/0! | C27: =#DIV/0! -> #DIV/0! | D27: =#DIV/0! -> #DIV/0! | E27: =#DIV/0! -> #DIV/0! | F27: =#DIV/0! -> #DIV/0! | G27: =#DIV/0! -> #DIV/0! | H27: =#DIV/0! -> #DIV/0! | I27: =#DIV/0! -> #DIV/0! | ... Q27: =#DIV/0! -> #DIV/0! | X27: 0.91666667 | Y27: 2755 | Z27: 940 | AA27: 1 | AB27: =IF('4'!AA27=1,(('4'!Z27*'4'!$AS$6*'4'!$AT$6)/('4'!Y27*0.0036)),IF('4'!AA27=2,(('4'!Z27*'4'!$AS$7*'4'!$AT$7)/('4'!Y27*0.0036)))) -> 63.02682 | AD27: =(('4'!AC27*'4'!$Q$10*1000000))/('4'!Y27*3600) -> 0 | AF27: =('4'!AE27/24)*0.454 -> 0 | AH27: =('4'!AG27/24)*0.454 -> 0 | AI27: 5000 | AJ27: =('4'!AI27/24)*0.454 -> 94.583333 | AL27: =('4'!AK27/24)*0.454 -> 0 | AN27: =('4'!AM27/24)*0.454 -> 0 | AP27: =('4'!AO27/24)*0.454 -> 0
A28: OBSERVAÇÕES | X28: 0.95833333 | Y28: 2800 | Z28: 940 | AA28: 1 | AB28: =IF('4'!AA28=1,(('4'!Z28*'4'!$AS$6*'4'!$AT$6)/('4'!Y28*0.0036)),IF('4'!AA28=2,(('4'!Z28*'4'!$AS$7*'4'!$AT$7)/('4'!Y28*0.0036)))) -> 62.013889 | AD28: =(('4'!AC28*'4'!$Q$10*1000000))/('4'!Y28*3600) -> 0 | AF28: =('4'!AE28/24)*0.454 -> 0 | AH28: =('4'!AG28/24)*0.454 -> 0 | AI28: 5000 | AJ28: =('4'!AI28/24)*0.454 -> 94.583333 | AL28: =('4'!AK28/24)*0.454 -> 0 | AN28: =('4'!AM28/24)*0.454 -> 0 | AP28: =('4'!AO28/24)*0.454 -> 0
X29: 1 | Y29: 2759 | Z29: 940 | AA29: 1 | AB29: =IF('4'!AA29=1,(('4'!Z29*'4'!$AS$6*'4'!$AT$6)/('4'!Y29*0.0036)),IF('4'!AA29=2,(('4'!Z29*'4'!$AS$7*'4'!$AT$7)/('4'!Y29*0.0036)))) -> 62.935444 | AD29: =(('4'!AC29*'4'!$Q$10*1000000))/('4'!Y29*3600) -> 0 | AF29: =('4'!AE29/24)*0.454 -> 0 | AH29: =('4'!AG29/24)*0.454 -> 0 | AI29: 5000 | AJ29: =('4'!AI29/24)*0.454 -> 94.583333 | AL29: =('4'!AK29/24)*0.454 -> 0 | AN29: =('4'!AM29/24)*0.454 -> 0 | AP29: =('4'!AO29/24)*0.454 -> 0
X30: Total | Y30: =SUM('4'!Y6:Y29)*3.6 -> 242341.2 | Z30: =SUM('4'!Z6:Z29) -> 22560 | AF30: =SUM('4'!AF6:AF29) -> 0 | AH30: =SUM('4'!AH6:AH29) -> 0 | AJ30: =SUM('4'!AJ6:AJ29) -> 2270 | AL30: =SUM('4'!AL6:AL29) -> 0 | AN30: =SUM('4'!AN6:AN29) -> 0 | AP30: =SUM('4'!AP6:AP29) -> 0
X32: S.A.L (l) - (kg) | Z32: =SUMIF('4'!AA6:AA29,"=1",'4'!Z6:Z29) -> 22560 | AA32: ='4'!Z32*'4'!AS6 -> 30004.8 | AB32: =SUMIF('4'!$AA$6:$AA$29,"=1",'4'!$AB$6:$AB$29)/COUNTIF('4'!$AA$6:$AA$29,"=1") -> 61.918991 | AC32: =SUMIF('4'!AA6:AA29,"=1",'4'!AC6:AC29) -> 0
X33: PAC 18 (l) - (kg) | Z33: =SUMIF('4'!AA6:AA29,"=2",'4'!Z6:Z29) -> 0 | AA33: ='4'!Z33*'4'!AS7 -> 0 | AB33: =SUMIF('4'!$AA$6:$AA$29,"=2",'4'!$AB$6:$AB$29)/COUNTIF('4'!$AA$6:$AA$29,"=2") -> #DIV/0! | AC33: =SUMIF('4'!AA6:AA29,"=2",'4'!AC6:AC29) -> 0
X34: Média | Y34: =AVERAGE('4'!Y6:Y29) -> 2804.875 | Z34: =AVERAGE('4'!Z6:Z29) -> 940 | AC34: =SUM('4'!AC6:AC29)/COUNTIF('4'!AC6:AC29,"<>0") -> 0 | AD34: =SUM('4'!AD6:AD29)/COUNTIF('4'!AD6:AD29,"<>0") -> #DIV/0! | AF34: =AVERAGE('4'!AF6:AF29) -> 0 | AH34: =AVERAGE('4'!AH6:AH29) -> 0 | AJ34: ='4'!AJ30/24 -> 94.583333 | AL34: =AVERAGE('4'!AL6:AL29) -> 0 | AN34: =AVERAGE('4'!AN6:AN29) -> 0 | AP34: =AVERAGE('4'!AP6:AP29) -> 0
C35: Alcalinidade (mg/L) | F35: Ferro (mg/L) | I35: Manganês (mg/L) | L35: Alumínio (mg/L) | U35: TÉCNICO | X35: Decantadores | AA35: Filtros | AJ35: CLORAÇÃO INTERMEDIÁRIA | AO35: PÓS CLORAÇÃO
B36: HORA | C36: Bruta | D36: Dec. | E36: Trat (R-3) | F36: Bruta | G36: Filt. | H36: Trat (R-3) | I36: Bruta | J36: Filt. | K36: Trat (R-3) | L36: Trat (R-3) | X36: Lavados | AA36: Lavados
B37: 0.33333333 | C37: 80.6 | D37: 55.4 | E37: 35 | F37: 0.6 | G37: 0 | H37: 0 | I37: 0.1 | J37: 0.08 | K37: 0.03 | L37: 0 | U37: ='4'!V12 -> 0 | X37: HORAS OPERANDO | Z37: =COUNTA('4'!Z6:Z29) -> 24 | AJ37: CARRETA | AL37: CILINDROS | AO37: CARRETA | AQ37: CILINDROS
B38: 0.66666667 | AJ38: CONSUMO | AK38: =SUM('4'!AF30+'4'!AH30)*1.0561 -> 0 | AL38: CONSUMO | AM38: =SUM('4'!AL30+'4'!AN30)*1.0561 -> 0 | AO38: CONSUMO | AP38: ='4'!AJ30*1.0561 -> 2397.347 | AQ38: CONSUMO | AR38: ='4'!AP30*1.0561 -> 0
A39: Nº amostras de água TRATADA | C39: Nº amostras de água FILTRADA | E39: Nº amostras de água tratada/filtrada FORA DO PADRÃO | J39: Nº amostras de água tratada/filtrada no PADRÃO | O39: Nº de amostras com turbidez menor ou igual a 0,5 NTU | R39: ÁGUA FILTRADA | S39: Nº de amostras com turbidez menor ou igual a 1,0 NTU | AJ39: DOSAGEM | AK39: =('4'!AK38/'4'!Y30)*1000 -> 0 | AL39: DOSAGEM | AM39: =('4'!AM38/'4'!Y30)*1000 -> 0 | AO39: DOSAGEM | AP39: =('4'!AP38/'4'!Y30)*1000 -> 9.892445 | AQ39: DOSAGEM | AR39: =('4'!AR38/'4'!Y30)*1000 -> 0
A40: COR | B40: TURBIDEZ | C40: TURBIDEZ | E40: COR | G40: TURBIDEZ | J40: COR | L40: TURBIDEZ | X40: ESTOQUE DE COAGULANTE | AJ40: Consumo Total | AL40: =SUM('4'!AK38,'4'!AM38) -> 0 | AO40: Consumo Total | AQ40: =SUM('4'!AP38,'4'!AR38) -> 2397.347
A41: =COUNTA('4'!E7:E18) -> 12 | B41: =COUNTA('4'!I7:I18) -> 12 | C41: =COUNTA('4'!J7:J18) -> 12 | D41: =COUNTA('4'!K7:K18) -> 12 | E41: =COUNTIF('4'!E7:E18,">15") -> 0 | G41: =COUNTIF('4'!J7:J18,">1") -> 0 | J41: ='4'!A41-'4'!E41 -> 12 | L41: ='4'!C41-'4'!G41 -> 12 | O41: =COUNTIF('4'!J7:J18,"<=0,5") -> 12 | S41: =COUNTIF('4'!J7:J18,"<=1,0") -> 12 | AJ41: Dosagem Final | AL41: =SUM(('4'!AK38+'4'!AM38)/'4'!Y30)*1000 -> 0 | AO41: Dosagem Final | AQ41: =SUM(('4'!AP38+'4'!AR38)/'4'!Y30)*1000 -> 9.892445
O42: ÁGUA FILTRATADA | X42: SULFATO DE ALUMÍNIO
H43: Nº de amostras água tratada com turbidez <= 5,0 NTU | L43: Nº de amostras água tratada para aluminio | Q43: Nº de amostras com turbidez entre 0,5 e 1,0 NTU | X43: TINA 01 | Z43: TINA 02 | AB43: TINA 03 | AD43: TANQUE
X44: ALTURA | Y44: 87 | Z44: ALTURA | AB44: ALTURA | AC44: 137 | AF44: Volume total (L) | AG44: =SUM(Y45,AA45,AC45,AE45) -> 220996 | AI44: CONSUMO DE SULFATO DE ALUMÍNIO ÀS 24:00hs
H45: =COUNTIF('4'!I7:I18,"<=5,0") -> 12 | L45: =COUNTA('4'!L37) -> 1 | Q45: ='4'!S41-'4'!O41 -> 0 | X45: VOLUME | Y45: ='4'!Y44*275.3 -> 23951.1 | Z45: VOLUME | AA45: =262.4*'4'!AA44 -> 0 | AB45: VOLUME | AC45: ='4'!AC44*277.7 -> 38044.9 | AD45: VOLUME | AE45: 159000 | AI45: TINA 01 | AK45: TINA 02 | AM45: TINA 03
X46: Densidade | Y46: ='4'!AS6 -> 1.33 | Z46: Densidade | AA46: ='4'!Y46 -> 1.33 | AB46: Densidade | AC46: ='4'!Y46 -> 1.33 | AD46: Densidade | AE46: ='4'!Y46 -> 1.33 | AF46: Peso Total (Kg) | AG46: =SUM('4'!Y47,'4'!AA47,'4'!AC47,'4'!AE47) -> 293924.68 | AI46: ALTURA | AK46: ALTURA | AM46: ALTURA
O47: ÁGUA TRATADA - CLORO RESIDUAL | X47: Peso(Kg) | Y47: ='4'!Y45*'4'!Y46 -> 31854.963 | Z47: Peso(Kg) | AA47: ='4'!AA45*'4'!AA46 -> 0 | AB47: Peso(Kg) | AC47: ='4'!AC45*'4'!AC46 -> 50599.717 | AD47: Peso(Kg) | AE47: ='4'!AE45*'4'!AE46 -> 211470 | AI47: VOLUME | AJ47: ='4'!AJ46*275.3 -> 0 | AK47: VOLUME | AL47: =262.4*'4'!AL46 -> 0 | AM47: VOLUME | AN47: ='4'!AN46*277.7 -> 0
AD48: 0 | AI48: Densidade | AJ48: ='4'!Y46 -> 1.33 | AK48: Densidade | AL48: ='4'!AJ48 -> 1.33 | AM48: Densidade | AN48: ='4'!AJ48 -> 1.33
O49: Nº de amostras de água tratada para cloro residual | R49: Nº de amostras de água tratada dentro dos padrões de cloro residual | AI49: Peso(Kg) | AJ49: ='4'!AJ47*'4'!AJ48 -> 0 | AK49: Peso(Kg) | AL49: ='4'!AL47*'4'!AL48 -> 0 | AM49: Peso(Kg) | AN49: ='4'!AN47*'4'!AN48 -> 0
X50: PAC - 18
O51: =COUNTA('4'!O7:O18) -> 12 | P51: =COUNTA('4'!W17:W28) -> 0 | R51: =COUNTIF('4'!O7:O18,">=0,5") -> 12 | X51: TINA 01 | Z51: TINA 02 | AB51: TINA 03 | AD51: TANQUE | AI51: CONSUMO DE PAC ÀS 24:00hs
X52: ALTURA | Z52: ALTURA | AB52: ALTURA | AF52: Volume total (L) | AG52: =SUM('4'!Y53,'4'!AA53,'4'!AC53,'4'!AE53) -> 0 | AI52: TINA 01 | AK52: TINA 02 | AM52: TINA 03
O53: ÁGUA TRATADA - PH | X53: VOLUME | Y53: ='4'!Y52*275.3 -> 0 | Z53: VOLUME | AA53: =262.4*'4'!AA52 -> 0 | AB53: VOLUME | AC53: ='4'!AC52*277.7 -> 0 | AD53: VOLUME | AI53: ALTURA | AJ53: 0 | AK53: ALTURA | AM53: ALTURA
X54: Densidade | Y54: ='4'!AS7 -> 1.377 | Z54: Densidade | AA54: ='4'!Y54 -> 1.377 | AB54: Densidade | AC54: ='4'!Y54 -> 1.377 | AD54: Densidade | AE54: ='4'!Y54 -> 1.377 | AF54: Peso Total (Kg) | AG54: =SUM('4'!Y55,'4'!AA55,'4'!AC55,'4'!AE55) -> 0 | AI54: VOLUME | AJ54: ='4'!AJ53*275.3 -> 0 | AK54: VOLUME | AL54: =262.4*'4'!AL53 -> 0 | AM54: VOLUME | AN54: ='4'!AN53*277.7 -> 0
O55: Nº de amostras de água tratada para PH | R55: Nº de amostras de água tratada dentro dos padrões de PH | X55: Peso(Kg) | Y55: ='4'!Y53*'4'!Y54 -> 0 | Z55: Peso(Kg) | AA55: ='4'!AA53*'4'!AA54 -> 0 | AB55: Peso(Kg) | AC55: ='4'!AC53*'4'!AC54 -> 0 | AD55: Peso(Kg) | AE55: ='4'!AE53*'4'!AE54 -> 0 | AI55: Densidade | AJ55: ='4'!Y54 -> 1.377 | AK55: Densidade | AL55: ='4'!AJ55 -> 1.377 | AM55: Densidade | AN55: ='4'!AJ55 -> 1.377
AI56: Peso(Kg) | AJ56: ='4'!AJ54*'4'!AJ55 -> 0 | AK56: Peso(Kg) | AL56: ='4'!AL54*'4'!AL55 -> 0 | AM56: Peso(Kg) | AN56: ='4'!AN54*'4'!AN55 -> 0
O57: =COUNTA('4'!N7:N18) -> 12 | R57: =COUNTIF('4'!N7:N18,">=6") -> 12
X58: ESTOQUE DE CLORO
O59: ÁGUA TRATADA - PH | AI59: CONTROLE DIÁRIO DO CONSUMO DE COAGULANTE
X60: Carretas com Cloro | AB60: Cilindros com Cloro | AI60: CLORETO DE POLIALUMÍNIO | AN60: SULFATO DE ALUMÍNIO
O61: Nº de amostras de água tratada para PH | R61: Nº de amostras de água tratada dentro dos padrões de PH | AI61: CONSUMO REAL | AL61: ='4'!AJ56+'4'!AL56+'4'!AN56 -> 0 | AN61: CONSUMO REAL | AQ61: ='4'!AJ49+'4'!AL49+'4'!AN49 -> 0
X62: Recebido | AB62: Recebido | AI62: CONSUMO TEÓRICO | AL62: =AA33 -> 0 | AN62: CONSUMO TEÓRICO | AQ62: ='4'!AA32 -> 30004.8
O63: =COUNTA('4'!N7:N18) -> 12 | R63: =COUNTIF('4'!N7:N18,">=6") -> 12 | X63: Peso(kg) | Y63: 0 | AB63: Peso(kg) | AC63: 0 | AI63: DIFERENÇA | AL63: ='4'!AL61-'4'!AL62 -> 0 | AN63: DIFERENÇA | AQ63: ='4'!AQ61-'4'!AQ62 -> -30004.8
X64: correção
X65: Saldo anterior (kg) | Y65: ='3'!$Y$68 -> -6408.9667 | AB65: Saldo anterior (kg) | AC65: ='3'!AC$68 -> -510.75
X66: Consumido | AB66: Consumido
X67: Peso(kg) | Y67: =SUM('4'!AK38,'4'!AP38) -> 2397.347 | AB67: Peso(kg) | AC67: =SUM('4'!AM38,'4'!AR38) -> 0
X68: Saldo(kg) | Y68: =SUM('4'!Y63,'4'!Y65)-'4'!Y67-'4'!Y64 -> -8806.3137 | AB68: Saldo(kg) | AC68: =SUM('4'!AC63,'4'!AC65)-'4'!AC67 -> -510.75

Sheet 5
D2: CONTROLE DE ANÁLISE FÍSICO - QUÍMICAS \ ETA CASTELO BRANCO | AB2: CONTROLE DE PRODUTOS QUÍMICOS APLICADOS \ ETA CASTELO BRANCO
A4: HORA | B4: COR (Uc) | F4: TURBIDEZ (Ut) | K4: Ph | O4: CLORO RESIDUAL (mg/L) | R4: DOSAGEM DO COAGULANTE | T4: VAZÃO DA ETA | U4: TIPO DE COAGULANTE | V4: TÉCNICO | X4: Hora | Y4: Vazão ETA (l/s) | Z4: Vazão Coagulante (l/h) | AA4: Código | AB4: Dosagem (mg/l) | AC4: Vazão Polímero (l/h) | AD4: Dosagem (mg/l) | AE4: Pré 1 (Lib/dia) | AF4: Pré 1 (Kg/h) | AG4: Pré 2 (Lib/dia) | AH4: Pré 2 (Kg/h) | AI4: Pós (Lib/dia) | AJ4: Pós (Kg/h) | AK4: Pré 1 (Lib/dia) cilindros | AL4: Pré 1 (Kg/h) cilindros | AM4: Pré 2 (Lib/dia) cilindros | AN4: Pré 2 (Kg/h) cilindros | AO4: Pós (Lib/dia) cilindros | AP4: Pós (Kg/h) cilindros | AQ4: COAGULANTE | AU4: Tempo de Utilização (h)
AQ5: Codigo | AR5: Nome | AS5: d (g/ml) | AT5: C (%)
B6: Bruta | C6: DEC_1 | D6: DEC_2 | E6: TRAT | F6: Bruta | G6: DEC_1 | H6: DEC_2 | I6: TRAT | J6: FILT | K6: Bruta | L6: DEC_1 | M6: DEC_2 | N6: TRAT | O6: TRAT | P6: DEC_1 | Q6: DEC_2 | R6: L/h | S6: mg/l | T6: L/s | X6: 0.041666667 | Y6: 2757 | Z6: 940 | AA6: 1 | AB6: =IF('5'!AA6=1,(('5'!Z6*'5'!$AS$6*'5'!$AT$6)/('5'!Y6*0.0036)),IF('5'!AA6=2,(('5'!Z6*'5'!$AS$7*'5'!$AT$7)/('5'!Y6*0.0036)))) -> 62.981099 | AD6: =(('5'!AC6*'5'!$Q$10*1000000))/('5'!Y6*3600) -> 0 | AF6: =('5'!AE6/24)*0.454 -> 0 | AH6: =('5'!AG6/24)*0.454 -> 0 | AI6: 5000 | AJ6: =('5'!AI6/24)*0.454 -> 94.583333 | AL6: =('5'!AK6/24)*0.454 -> 0 | AN6: =('5'!AM6/24)*0.454 -> 0 | AP6: =('5'!AO6/24)*0.454 -> 0 | AQ6: 1 | AR6: S.A.L | AS6: 1.33 | AT6: 0.5 | AU6: 0
A7: 0 | B7: 60 | C7: 10 | D7: 12.5 | E7: 2.5 | F7: 9.5 | G7: 1.43 | H7: 1.9 | I7: 0.5 | J7: 0.5 | K7: 7.3 | L7: 6.7 | M7: 6.7 | N7: 6.4 | O7: 3.5 | R7: ='4'!$Z$29 -> 940 | S7: ='4'!$AB$29 -> 62.935444 | T7: ='4'!$Y$29 -> 2759 | U7: =IF('5'!AA6=1,'5'!AR6,'5'!AR7) -> S.A.L | V7: =ESCALA!$B$6 -> 0 | X7: 0.083333333 | Y7: 2735 | Z7: 940 | AA7: 1 | AB7: =IF('5'!AA7=1,(('5'!Z7*'5'!$AS$6*'5'!$AT$6)/('5'!Y7*0.0036)),IF('5'!AA7=2,(('5'!Z7*'5'!$AS$7*'5'!$AT$7)/('5'!Y7*0.0036)))) -> 63.487711 | AD7: =(('5'!AC7*'5'!$Q$10*1000000))/('5'!Y7*3600) -> 0 | AF7: =('5'!AE7/24)*0.454 -> 0 | AH7: =('5'!AG7/24)*0.454 -> 0 | AI7: 5000 | AJ7: =('5'!AI7/24)*0.454 -> 94.583333 | AL7: =('5'!AK7/24)*0.454 -> 0 | AN7: =('5'!AM7/24)*0.454 -> 0 | AP7: =('5'!AO7/24)*0.454 -> 0 | AQ7: 2 | AR7: PAC 18 | AS7: 1.377 | AT7: 1 | AU7: 24
A8: 0.083333333 | B8: 60 | C8: 10 | D8: 12.5 | E8: 2.5 | F8: 11 | G8: 1.3 | H8: 2 | I8: 0.5 | J8: 0.4 | K8: 7.3 | L8: 6.7 | M8: 6.7 | N8: 6.4 | O8: 3.2 | R8: ='5'!Z7 -> 940 | S8: ='5'!AB7 -> 63.487711 | T8: ='5'!Y7 -> 2735 | U8: =IF('5'!AA7=1,'5'!AR6,'5'!AR7) -> S.A.L | X8: 0.125 | Y8: 2754 | Z8: 940 | AA8: 1 | AB8: =IF('5'!AA8=1,(('5'!Z8*'5'!$AS$6*'5'!$AT$6)/('5'!Y8*0.0036)),IF('5'!AA8=2,(('5'!Z8*'5'!$AS$7*'5'!$AT$7)/('5'!Y8*0.0036)))) -> 63.049705 | AD8: =(('5'!AC8*'5'!$Q$10*1000000))/('5'!Y8*3600) -> 0 | AF8: =('5'!AE8/24)*0.454 -> 0 | AH8: =('5'!AG8/24)*0.454 -> 0 | AI8: 5000 | AJ8: =('5'!AI8/24)*0.454 -> 94.583333 | AL8: =('5'!AK8/24)*0.454 -> 0 | AN8: =('5'!AM8/24)*0.454 -> 0 | AP8: =('5'!AO8/24)*0.454 -> 0 | AQ8: Polímero Catiônico
A9: 0.16666667 | B9: 60 | C9: 10 | D9: 12.5 | E9: 2.5 | F9: 10 | G9: 1.4 | H9: 2 | I9: 0.5 | J9: 0.4 | K9: 7.3 | L9: 6.7 | M9: 6.7 | N9: 6.4 | O9: 3.2 | R9: ='5'!Z9 -> 940 | S9: ='5'!AB9 -> 63.884801 | T9: ='5'!Y9 -> 2718 | U9: =IF('5'!AA9=1,'5'!AR6,'5'!AR7) -> S.A.L | X9: 0.16666667 | Y9: 2718 | Z9: 940 | AA9: 1 | AB9: =IF('5'!AA9=1,(('5'!Z9*'5'!$AS$6*'5'!$AT$6)/('5'!Y9*0.0036)),IF('5'!AA9=2,(('5'!Z9*'5'!$AS$7*'5'!$AT$7)/('5'!Y9*0.0036)))) -> 63.884801 | AD9: =(('5'!AC9*'5'!$Q$10*1000000))/('5'!Y9*3600) -> 0 | AF9: =('5'!AE9/24)*0.454 -> 0 | AH9: =('5'!AG9/24)*0.454 -> 0 | AI9: 5000 | AJ9: =('5'!AI9/24)*0.454 -> 94.583333 | AL9: =('5'!AK9/24)*0.454 -> 0 | AN9: =('5'!AM9/24)*0.454 -> 0 | AP9: =('5'!AO9/24)*0.454 -> 0 | AQ9: Nome | AT9: C (%)
A10: 0.25 | B10: 60 | C10: 10 | D10: 12.5 | E10: 2.5 | F10: 9.3 | G10: 1.4 | H10: 1.9 | I10: 0.5 | J10: 0.4 | K10: 7.3 | L10: 6.7 | M10: 6.7 | N10: 6.4 | O10: 3.2 | R10: ='5'!Z11 -> 940 | S10: ='5'!AB11 -> 63.790922 | T10: ='5'!Y11 -> 2722 | U10: =IF('5'!AA11=1,'5'!AR6,'5'!AR7) -> S.A.L | X10: 0.20833333 | Y10: 2732 | Z10: 940 | AA10: 1 | AB10: =IF('5'!AA10=1,(('5'!Z10*'5'!$AS$6*'5'!$AT$6)/('5'!Y10*0.0036)),IF('5'!AA10=2,(('5'!Z10*'5'!$AS$7*'5'!$AT$7)/('5'!Y10*0.0036)))) -> 63.557426 | AD10: =(('5'!AC10*'5'!$Q$10*1000000))/('5'!Y10*3600) -> 0 | AF10: =('5'!AE10/24)*0.454 -> 0 | AH10: =('5'!AG10/24)*0.454 -> 0 | AI10: 5000 | AJ10: =('5'!AI10/24)*0.454 -> 94.583333 | AL10: =('5'!AK10/24)*0.454 -> 0 | AN10: =('5'!AM10/24)*0.454 -> 0 | AP10: =('5'!AO10/24)*0.454 -> 0 | AQ10: Aguapol 200 | AT10: 0.002
A11: 0.33333333 | B11: 60 | C11: 10 | D11: 12.5 | E11: 2.5 | F11: 8.7 | G11: 1.3 | H11: 1.8 | I11: 0.4 | J11: 0.4 | K11: 7.3 | L11: 6.7 | M11: 6.7 | N11: 6.4 | O11: 3 | R11: ='5'!Z13 -> 940 | S11: ='5'!AB13 -> 62.550032 | T11: ='5'!Y13 -> 2776 | U11: =IF('5'!AA13=1,'5'!AR6,'5'!AR7) -> S.A.L | X11: 0.25 | Y11: 2722 | Z11: 940 | AA11: 1 | AB11: =IF('5'!AA11=1,(('5'!Z11*'5'!$AS$6*'5'!$AT$6)/('5'!Y11*0.0036)),IF('5'!AA11=2,(('5'!Z11*'5'!$AS$7*'5'!$AT$7)/('5'!Y11*0.0036)))) -> 63.790922 | AD11: =(('5'!AC11*'5'!$Q$10*1000000))/('5'!Y11*3600) -> 0 | AF11: =('5'!AE11/24)*0.454 -> 0 | AH11: =('5'!AG11/24)*0.454 -> 0 | AI11: 5000 | AJ11: =('5'!AI11/24)*0.454 -> 94.583333 | AL11: =('5'!AK11/24)*0.454 -> 0 | AN11: =('5'!AM11/24)*0.454 -> 0 | AP11: =('5'!AO11/24)*0.454 -> 0
A12: 0.41666667 | B12: 60 | C12: 10 | D12: 12.5 | E12: 2.5 | F12: 8.7 | G12: 1.3 | H12: 1.7 | I12: 0.4 | J12: 0.4 | K12: 7.3 | L12: 6.7 | M12: 6.7 | N12: 6.4 | O12: 3 | R12: ='5'!Z15 -> 940 | S12: ='5'!AB15 -> 63.767495 | T12: ='5'!Y15 -> 2723 | U12: =IF('5'!AA15=1,'5'!AR6,'5'!AR7) -> S.A.L | V12: =ESCALA!$B$7 -> 0 | X12: 0.29166667 | Y12: 2723 | Z12: 940 | AA12: 1 | AB12: =IF('5'!AA12=1,(('5'!Z12*'5'!$AS$6*'5'!$AT$6)/('5'!Y12*0.0036)),IF('5'!AA12=2,(('5'!Z12*'5'!$AS$7*'5'!$AT$7)/('5'!Y12*0.0036)))) -> 63.767495 | AD12: =(('5'!AC12*'5'!$Q$10*1000000))/('5'!Y12*3600) -> 0 | AF12: =('5'!AE12/24)*0.454 -> 0 | AH12: =('5'!AG12/24)*0.454 -> 0 | AI12: 5000 | AJ12: =('5'!AI12/24)*0.454 -> 94.583333 | AL12: =('5'!AK12/24)*0.454 -> 0 | AN12: =('5'!AM12/24)*0.454 -> 0 | AP12: =('5'!AO12/24)*0.454 -> 0
A13: 0.5 | B13: 60 | C13: 10 | D13: 12.5 | E13: 2.5 | F13: 8.9 | G13: 1.3 | H13: 1.7 | I13: 0.4 | J13: 0.4 | K13: 7.3 | L13: 6.7 | M13: 6.7 | N13: 6.4 | O13: 3 | R13: ='5'!Z17 -> 940 | S13: ='5'!AB17 -> 64.120712 | T13: ='5'!Y17 -> 2708 | U13: =IF('5'!AA17=1,'5'!AR6,'5'!AR7) -> S.A.L | X13: 0.33333333 | Y13: 2776 | Z13: 940 | AA13: 1 | AB13: =IF('5'!AA13=1,(('5'!Z13*'5'!$AS$6*'5'!$AT$6)/('5'!Y13*0.0036)),IF('5'!AA13=2,(('5'!Z13*'5'!$AS$7*'5'!$AT$7)/('5'!Y13*0.0036)))) -> 62.550032 | AD13: =(('5'!AC13*'5'!$Q$10*1000000))/('5'!Y13*3600) -> 0 | AF13: =('5'!AE13/24)*0.454 -> 0 | AH13: =('5'!AG13/24)*0.454 -> 0 | AI13: 5000 | AJ13: =('5'!AI13/24)*0.454 -> 94.583333 | AL13: =('5'!AK13/24)*0.454 -> 0 | AN13: =('5'!AM13/24)*0.454 -> 0 | AP13: =('5'!AO13/24)*0.454 -> 0
A14: 0.58333333 | B14: 60 | C14: 10 | D14: 12.5 | E14: 2.5 | F14: 9 | G14: 1.4 | H14: 1.6 | I14: 0.4 | J14: 0.4 | K14: 7.3 | L14: 6.7 | M14: 6.7 | N14: 6.4 | O14: 3 | R14: ='5'!Z19 -> 940 | S14: ='5'!AB19 -> 59.834214 | T14: ='5'!Y19 -> 2902 | U14: =IF('5'!AA19=1,'5'!AR6,'5'!AR7) -> S.A.L | X14: 0.375 | Y14: 2778 | Z14: 940 | AA14: 1 | AB14: =IF('5'!AA14=1,(('5'!Z14*'5'!$AS$6*'5'!$AT$6)/('5'!Y14*0.0036)),IF('5'!AA14=2,(('5'!Z14*'5'!$AS$7*'5'!$AT$7)/('5'!Y14*0.0036)))) -> 62.505 | AD14: =(('5'!AC14*'5'!$Q$10*1000000))/('5'!Y14*3600) -> 0 | AF14: =('5'!AE14/24)*0.454 -> 0 | AH14: =('5'!AG14/24)*0.454 -> 0 | AI14: 5000 | AJ14: =('5'!AI14/24)*0.454 -> 94.583333 | AL14: =('5'!AK14/24)*0.454 -> 0 | AN14: =('5'!AM14/24)*0.454 -> 0 | AP14: =('5'!AO14/24)*0.454 -> 0
A15: 0.66666667 | B15: 60 | C15: 10 | D15: 12.5 | E15: 2.5 | F15: 9.2 | G15: 1.4 | H15: 1.6 | I15: 0.4 | J15: 0.4 | K15: 7.3 | L15: 6.7 | M15: 6.7 | N15: 6.4 | O15: 3 | R15: ='5'!Z21 -> 940 | S15: ='5'!AB21 -> 61.859241 | T15: ='5'!Y21 -> 2807 | U15: =IF('5'!AA21=1,'5'!AR6,'5'!AR7) -> S.A.L | X15: 0.41666667 | Y15: 2723 | Z15: 940 | AA15: 1 | AB15: =IF('5'!AA15=1,(('5'!Z15*'5'!$AS$6*'5'!$AT$6)/('5'!Y15*0.0036)),IF('5'!AA15=2,(('5'!Z15*'5'!$AS$7*'5'!$AT$7)/('5'!Y15*0.0036)))) -> 63.767495 | AD15: =(('5'!AC15*'5'!$Q$10*1000000))/('5'!Y15*3600) -> 0 | AF15: =('5'!AE15/24)*0.454 -> 0 | AH15: =('5'!AG15/24)*0.454 -> 0 | AI15: 5000 | AJ15: =('5'!AI15/24)*0.454 -> 94.583333 | AL15: =('5'!AK15/24)*0.454 -> 0 | AN15: =('5'!AM15/24)*0.454 -> 0 | AP15: =('5'!AO15/24)*0.454 -> 0
A16: 0.75 | B16: 60 | C16: 10 | D16: 12.5 | E16: 2.5 | F16: 9 | G16: 1.4 | H16: 1.6 | I16: 0.4 | J16: 0.4 | K16: 7.3 | L16: 6.7 | M16: 6.7 | N16: 6.4 | O16: 3 | R16: ='5'!Z23 -> 940 | S16: ='5'!AB23 -> 63.095526 | T16: ='5'!Y23 -> 2752 | U16: =IF('5'!AA23=1,'5'!AR6,'5'!AR7) -> S.A.L | X16: 0.45833333 | Y16: 2752 | Z16: 940 | AA16: 1 | AB16: =IF('5'!AA16=1,(('5'!Z16*'5'!$AS$6*'5'!$AT$6)/('5'!Y16*0.0036)),IF('5'!AA16=2,(('5'!Z16*'5'!$AS$7*'5'!$AT$7)/('5'!Y16*0.0036)))) -> 63.095526 | AD16: =(('5'!AC16*'5'!$Q$10*1000000))/('5'!Y16*3600) -> 0 | AF16: =('5'!AE16/24)*0.454 -> 0 | AH16: =('5'!AG16/24)*0.454 -> 0 | AI16: 5000 | AJ16: =('5'!AI16/24)*0.454 -> 94.583333 | AL16: =('5'!AK16/24)*0.454 -> 0 | AN16: =('5'!AM16/24)*0.454 -> 0 | AP16: =('5'!AO16/24)*0.454 -> 0
A17: 0.83333333 | B17: 60 | C17: 10 | D17: 12.5 | E17: 2.5 | F17: 9.1 | G17: 1.4 | H17: 1.8 | I17: 0.4 | J17: 0.4 | K17: 7.3 | L17: 6.7 | M17: 6.7 | N17: 6.4 | O17: 3 | R17: ='5'!Z25 -> 940 | S17: ='5'!AB25 -> 62.080404 | T17: ='5'!Y25 -> 2797 | U17: =IF('5'!AA25=1,'5'!AR6,'5'!AR7) -> S.A.L | V17: =ESCALA!$C$7 -> 0 | X17: 0.5 | Y17: 2708 | Z17: 940 | AA17: 1 | AB17: =IF('5'!AA17=1,(('5'!Z17*'5'!$AS$6*'5'!$AT$6)/('5'!Y17*0.0036)),IF('5'!AA17=2,(('5'!Z17*'5'!$AS$7*'5'!$AT$7)/('5'!Y17*0.0036)))) -> 64.120712 | AD17: =(('5'!AC17*'5'!$Q$10*1000000))/('5'!Y17*3600) -> 0 | AF17: =('5'!AE17/24)*0.454 -> 0 | AH17: =('5'!AG17/24)*0.454 -> 0 | AI17: 5000 | AJ17: =('5'!AI17/24)*0.454 -> 94.583333 | AL17: =('5'!AK17/24)*0.454 -> 0 | AN17: =('5'!AM17/24)*0.454 -> 0 | AP17: =('5'!AO17/24)*0.454 -> 0
A18: 0.91666667 | B18: 60 | C18: 10 | D18: 12.5 | E18: 2.5 | F18: 9 | G18: 1.4 | H18: 1.7 | I18: 0.4 | J18: 0.4 | K18: 7.3 | L18: 6.7 | M18: 6.7 | N18: 6.4 | O18: 3 | R18: ='5'!Z27 -> 940 | S18: ='5'!AB27 -> 61.574074 | T18: ='5'!Y27 -> 2820 | U18: =IF('5'!AA27=1,'5'!AR6,'5'!AR7) -> S.A.L | X18: 0.54166667 | Y18: 2858 | Z18: 940 | AA18: 1 | AB18: =IF('5'!AA18=1,(('5'!Z18*'5'!$AS$6*'5'!$AT$6)/('5'!Y18*0.0036)),IF('5'!AA18=2,(('5'!Z18*'5'!$AS$7*'5'!$AT$7)/('5'!Y18*0.0036)))) -> 60.755384 | AD18: =(('5'!AC18*'5'!$Q$10*1000000))/('5'!Y18*3600) -> 0 | AF18: =('5'!AE18/24)*0.454 -> 0 | AH18: =('5'!AG18/24)*0.454 -> 0 | AI18: 5000 | AJ18: =('5'!AI18/24)*0.454 -> 94.583333 | AL18: =('5'!AK18/24)*0.454 -> 0 | AN18: =('5'!AM18/24)*0.454 -> 0 | AP18: =('5'!AO18/24)*0.454 -> 0
A19: Média | B19: {=IF('5'!B7:B18>0.01,AVERAGE('5'!B7:B18),"")} -> 60 | C19: {=IF('5'!C7:C18>0.01,AVERAGE('5'!C7:C18),"")} -> 10 | D19: {=IF('5'!D7:D18>0.01,AVERAGE('5'!D7:D18),"")} -> 12.5 | E19: {=IF('5'!E7:E18>0.01,AVERAGE('5'!E7:E18),"")} -> 2.5 | F19: {=IF('5'!F7:F18>0.01,AVERAGE('5'!F7:F18),"")} -> 9.2833333 | G19: {=IF('5'!G7:G18>0.01,AVERAGE('5'!G7:G18),"")} -> 1.3691667 | H19: {=IF('5'!H7:H18>0.01,AVERAGE('5'!H7:H18),"")} -> 1.775 | I19: {=IF('5'!I7:I18>0.01,AVERAGE('5'!I7:I18),"")} -> 0.43333333 | ... S19: {=IF('5'!S7:S18>0.01,AVERAGE('5'!S7:S18),"")} -> 62.748381 | X19: 0.58333333 | Y19: 2902 | Z19: 940 | AA19: 1 | AB19: =IF('5'!AA19=1,(('5'!Z19*'5'!$AS$6*'5'!$AT$6)/('5'!Y19*0.0036)),IF('5'!AA19=2,(('5'!Z19*'5'!$AS$7*'5'!$AT$7)/('5'!Y19*0.0036)))) -> 59.834214 | AD19: =(('5'!AC19*'5'!$Q$10*1000000))/('5'!Y19*3600) -> 0 | AF19: =('5'!AE19/24)*0.454 -> 0 | AH19: =('5'!AG19/24)*0.454 -> 0 | AI19: 5000 | AJ19: =('5'!AI19/24)*0.454 -> 94.583333 | AL19: =('5'!AK19/24)*0.454 -> 0 | AN19: =('5'!AM19/24)*0.454 -> 0 | AP19: =('5'!AO19/24)*0.454 -> 0
A20: Máximo | B20: =MAX('5'!B7:B18) -> 60 | C20: =MAX('5'!C7:C18) -> 10 | D20: =MAX('5'!D7:D18) -> 12.5 | E20: =MAX('5'!E7:E18) -> 2.5 | F20: =MAX('5'!F7:F18) -> 11 | G20: =MAX('5'!G7:G18) -> 1.43 | H20: =MAX('5'!H7:H18) -> 2 | I20: =MAX('5'!I7:I18) -> 0.5 | ... S20: =MAX('5'!S7:S18) -> 64.120712 | X20: 0.625 | Y20: 2862 | Z20: 940 | AA20: 1 | AB20: =IF('5'!AA20=1,(('5'!Z20*'5'!$AS$6*'5'!$AT$6)/('5'!Y20*0.0036)),IF('5'!AA20=2,(('5'!Z20*'5'!$AS$7*'5'!$AT$7)/('5'!Y20*0.0036)))) -> 60.670471 | AD20: =(('5'!AC20*'5'!$Q$10*1000000))/('5'!Y20*3600) -> 0 | AF20: =('5'!AE20/24)*0.454 -> 0 | AH20: =('5'!AG20/24)*0.454 -> 0 | AI20: 5000 | AJ20: =('5'!AI20/24)*0.454 -> 94.583333 | AL20: =('5'!AK20/24)*0.454 -> 0 | AN20: =('5'!AM20/24)*0.454 -> 0 | AP20: =('5'!AO20/24)*0.454 -> 0
A21: Mínimo | B21: =MIN('5'!B7:B18) -> 60 | C21: =MIN('5'!C7:C18) -> 10 | D21: =MIN('5'!D7:D18) -> 12.5 | E21: =MIN('5'!E7:E18) -> 2.5 | F21: =MIN('5'!F7:F18) -> 8.7 | G21: =MIN('5'!G7:G18) -> 1.3 | H21: =MIN('5'!H7:H18) -> 1.6 | I21: =MIN('5'!I7:I18) -> 0.4 | ... S21: =MIN('5'!S7:S18) -> 59.834214 | X21: 0.66666667 | Y21: 2807 | Z21: 940 | AA21: 1 | AB21: =IF('5'!AA21=1,(('5'!Z21*'5'!$AS$6*'5'!$AT$6)/('5'!Y21*0.0036)),IF('5'!AA21=2,(('5'!Z21*'5'!$AS$7*'5'!$AT$7)/('5'!Y21*0.0036)))) -> 61.859241 | AD21: =(('5'!AC21*'5'!$Q$10*1000000))/('5'!Y21*3600) -> 0 | AF21: =('5'!AE21/24)*0.454 -> 0 | AH21: =('5'!AG21/24)*0.454 -> 0 | AI21: 5000 | AJ21: =('5'!AI21/24)*0.454 -> 94.583333 | AL21: =('5'!AK21/24)*0.454 -> 0 | AN21: =('5'!AM21/24)*0.454 -> 0 | AP21: =('5'!AO21/24)*0.454 -> 0
R22: Total | X22: 0.70833333 | Y22: 2748 | Z22: 940 | AA22: 1 | AB22: =IF('5'!AA22=1,(('5'!Z22*'5'!$AS$6*'5'!$AT$6)/('5'!Y22*0.0036)),IF('5'!AA22=2,(('5'!Z22*'5'!$AS$7*'5'!$AT$7)/('5'!Y22*0.0036)))) -> 63.187369 | AD22: =(('5'!AC22*'5'!$Q$10*1000000))/('5'!Y22*3600) -> 0 | AF22: =('5'!AE22/24)*0.454 -> 0 | AH22: =('5'!AG22/24)*0.454 -> 0 | AI22: 5000 | AJ22: =('5'!AI22/24)*0.454 -> 94.583333 | AL22: =('5'!AK22/24)*0.454 -> 0 | AN22: =('5'!AM22/24)*0.454 -> 0 | AP22: =('5'!AO22/24)*0.454 -> 0
A23: TURBIDEZ DOS FILTROS DA 1ª E 2ª ETAPAS | R23: 440 | S23: Litros | X23: 0.75 | Y23: 2752 | Z23: 940 | AA23: 1 | AB23: =IF('5'!AA23=1,(('5'!Z23*'5'!$AS$6*'5'!$AT$6)/('5'!Y23*0.0036)),IF('5'!AA23=2,(('5'!Z23*'5'!$AS$7*'5'!$AT$7)/('5'!Y23*0.0036)))) -> 63.095526 | AD23: =(('5'!AC23*'5'!$Q$10*1000000))/('5'!Y23*3600) -> 0 | AF23: =('5'!AE23/24)*0.454 -> 0 | AH23: =('5'!AG23/24)*0.454 -> 0 | AI23: 5000 | AJ23: =('5'!AI23/24)*0.454 -> 94.583333 | AL23: =('5'!AK23/24)*0.454 -> 0 | AN23: =('5'!AM23/24)*0.454 -> 0 | AP23: =('5'!AO23/24)*0.454 -> 0
A24: HORA | B24: 1 | C24: 2 | D24: 3 | E24: 4 | F24: 5 | G24: 6 | H24: 7 | I24: 8 | J24: 9 | K24: 10 | L24: 11 | M24: 12 | N24: 13 | O24: 14 | P24: 15 | Q24: 16 | R24: 0 | S24: Kilos | X24: 0.79166667 | Y24: 2777 | Z24: 940 | AA24: 1 | AB24: =IF('5'!AA24=1,(('5'!Z24*'5'!$AS$6*'5'!$AT$6)/('5'!Y24*0.0036)),IF('5'!AA24=2,(('5'!Z24*'5'!$AS$7*'5'!$AT$7)/('5'!Y24*0.0036)))) -> 62.527508 | AD24: =(('5'!AC24*'5'!$Q$10*1000000))/('5'!Y24*3600) -> 0 | AF24: =('5'!AE24/24)*0.454 -> 0 | AH24: =('5'!AG24/24)*0.454 -> 0 | AI24: 5000 | AJ24: =('5'!AI24/24)*0.454 -> 94.583333 | AL24: =('5'!AK24/24)*0.454 -> 0 | AN24: =('5'!AM24/24)*0.454 -> 0 | AP24: =('5'!AO24/24)*0.454 -> 0
A25: 0.41666667 | R25: =#DIV/0! -> #DIV/0! | T25: DATA | U25: =ESCALA!$A$7 -> 43895 | X25: 0.83333333 | Y25: 2797 | Z25: 940 | AA25: 1 | AB25: =IF('5'!AA25=1,(('5'!Z25*'5'!$AS$6*'5'!$AT$6)/('5'!Y25*0.0036)),IF('5'!AA25=2,(('5'!Z25*'5'!$AS$7*'5'!$AT$7)/('5'!Y25*0.0036)))) -> 62.080404 | AD25: =(('5'!AC25*'5'!$Q$10*1000000))/('5'!Y25*3600) -> 0 | AF25: =('5'!AE25/24)*0.454 -> 0 | AH25: =('5'!AG25/24)*0.454 -> 0 | AI25: 5000 | AJ25: =('5'!AI25/24)*0.454 -> 94.583333 | AL25: =('5'!AK25/24)*0.454 -> 0 | AN25: =('5'!AM25/24)*0.454 -> 0 | AP25: =('5'!AO25/24)*0.454 -> 0
A26: 0.66666667 | R26: =#DIV/0! -> #DIV/0! | X26: 0.875 | Y26: 2790 | Z26: 940 | AA26: 1 | AB26: =IF('5'!AA26=1,(('5'!Z26*'5'!$AS$6*'5'!$AT$6)/('5'!Y26*0.0036)),IF('5'!AA26=2,(('5'!Z26*'5'!$AS$7*'5'!$AT$7)/('5'!Y26*0.0036)))) -> 62.236161 | AD26: =(('5'!AC26*'5'!$Q$10*1000000))/('5'!Y26*3600) -> 0 | AF26: =('5'!AE26/24)*0.454 -> 0 | AH26: =('5'!AG26/24)*0.454 -> 0 | AI26: 5000 | AJ26: =('5'!AI26/24)*0.454 -> 94.583333 | AL26: =('5'!AK26/24)*0.454 -> 0 | AN26: =('5'!AM26/24)*0.454 -> 0 | AP26: =('5'!AO26/24)*0.454 -> 0
A27: Média | B27: =#DIV/0! -> #DIV/0! | C27: =#DIV/0! -> #DIV/0! | D27: =#DIV/0! -> #DIV/0! | E27: =#DIV/0! -> #DIV/0! | F27: =#DIV/0! -> #DIV/0! | G27: =#DIV/0! -> #DIV/0! | H27: =#DIV/0! -> #DIV/0! | I27: =#DIV/0! -> #DIV/0! | ... Q27: =#DIV/0! -> #DIV/0! | X27: 0.91666667 | Y27: 2820 | Z27: 940 | AA27: 1 | AB27: =IF('5'!AA27=1,(('5'!Z27*'5'!$AS$6*'5'!$AT$6)/('5'!Y27*0.0036)),IF('5'!AA27=2,(('5'!Z27*'5'!$AS$7*'5'!$AT$7)/('5'!Y27*0.0036)))) -> 61.574074 | AD27: =(('5'!AC27*'5'!$Q$10*1000000))/('5'!Y27*3600) -> 0 | AF27: =('5'!AE27/24)*0.454 -> 0 | AH27: =('5'!AG27/24)*0.454 -> 0 | AI27: 5000 | AJ27: =('5'!AI27/24)*0.454 -> 94.583333 | AL27: =('5'!AK27/24)*0.454 -> 0 | AN27: =('5'!AM27/24)*0.454 -> 0 | AP27: =('5'!AO27/24)*0.454 -> 0
A28: OBSERVAÇÕES | X28: 0.95833333 | Y28: 2740 | Z28: 940 | AA28: 1 | AB28: =IF('5'!AA28=1,(('5'!Z28*'5'!$AS$6*'5'!$AT$6)/('5'!Y28*0.0036)),IF('5'!AA28=2,(('5'!Z28*'5'!$AS$7*'5'!$AT$7)/('5'!Y28*0.0036)))) -> 63.371857 | AD28: =(('5'!AC28*'5'!$Q$10*1000000))/('5'!Y28*3600) -> 0 | AF28: =('5'!AE28/24)*0.454 -> 0 | AH28: =('5'!AG28/24)*0.454 -> 0 | AI28: 5000 | AJ28: =('5'!AI28/24)*0.454 -> 94.583333 | AL28: =('5'!AK28/24)*0.454 -> 0 | AN28: =('5'!AM28/24)*0.454 -> 0 | AP28: =('5'!AO28/24)*0.454 -> 0
X29: 1 | Y29: 2789 | Z29: 940 | AA29: 1 | AB29: =IF('5'!AA29=1,(('5'!Z29*'5'!$AS$6*'5'!$AT$6)/('5'!Y29*0.0036)),IF('5'!AA29=2,(('5'!Z29*'5'!$AS$7*'5'!$AT$7)/('5'!Y29*0.0036)))) -> 62.258476 | AD29: =(('5'!AC29*'5'!$Q$10*1000000))/('5'!Y29*3600) -> 0 | AF29: =('5'!AE29/24)*0.454 -> 0 | AH29: =('5'!AG29/24)*0.454 -> 0 | AI29: 5000 | AJ29: =('5'!AI29/24)*0.454 -> 94.583333 | AL29: =('5'!AK29/24)*0.454 -> 0 | AN29: =('5'!AM29/24)*0.454 -> 0 | AP29: =('5'!AO29/24)*0.454 -> 0
X30: Total | Y30: =SUM('5'!Y6:Y29)*3.6 -> 239472 | Z30: =SUM('5'!Z6:Z29) -> 22560 | AF30: =SUM('5'!AF6:AF29) -> 0 | AH30: =SUM('5'!AH6:AH29) -> 0 | AJ30: =SUM('5'!AJ6:AJ29) -> 2270 | AL30: =SUM('5'!AL6:AL29) -> 0 | AN30: =SUM('5'!AN6:AN29) -> 0 | AP30: =SUM('5'!AP6:AP29) -> 0
X32: S.A.L (l) - (kg) | Z32: =SUMIF('5'!AA6:AA29,"=1",'5'!Z6:Z29) -> 22560 | AA32: ='5'!Z32*'5'!AS6 -> 30004.8 | AB32: =SUMIF('5'!$AA$6:$AA$29,"=1",'5'!$AB$6:$AB$29)/COUNTIF('5'!$AA$6:$AA$29,"=1") -> 62.667025 | AC32: =SUMIF('5'!AA6:AA29,"=1",'5'!AC6:AC29) -> 0
X33: PAC 18 (l) - (kg) | Z33: =SUMIF('5'!AA6:AA29,"=2",'5'!Z6:Z29) -> 0 | AA33: ='5'!Z33*'5'!AS7 -> 0 | AB33: =SUMIF('5'!$AA$6:$AA$29,"=2",'5'!$AB$6:$AB$29)/COUNTIF('5'!$AA$6:$AA$29,"=2") -> #DIV/0! | AC33: =SUMIF('5'!AA6:AA29,"=2",'5'!AC6:AC29) -> 0
X34: Média | Y34: =AVERAGE('5'!Y6:Y29) -> 2771.6667 | Z34: =AVERAGE('5'!Z6:Z29) -> 940 | AC34: =SUM('5'!AC6:AC29)/COUNTIF('5'!AC6:AC29,"<>0") -> 0 | AD34: =SUM('5'!AD6:AD29)/COUNTIF('5'!AD6:AD29,"<>0") -> #DIV/0! | AF34: =AVERAGE('5'!AF6:AF29) -> 0 | AH34: =AVERAGE('5'!AH6:AH29) -> 0 | AJ34: ='5'!AJ30/24 -> 94.583333 | AL34: =AVERAGE('5'!AL6:AL29) -> 0 | AN34: =AVERAGE('5'!AN6:AN29) -> 0 | AP34: =AVERAGE('5'!AP6:AP29) -> 0
C35: Alcalinidade (mg/L) | F35: Ferro (mg/L) | I35: Manganês (mg/L) | L35: Alumínio (mg/L) | U35: TÉCNICO | X35: Decantadores | AA35: Filtros | AJ35: CLORAÇÃO INTERMEDIÁRIA | AO35: PÓS CLORAÇÃO
B36: HORA | C36: Bruta | D36: Dec. | E36: Trat (R-3) | F36: Bruta | G36: Filt. | H36: Trat (R-3) | I36: Bruta | J36: Filt. | K36: Trat (R-3) | L36: Trat (R-3) | X36: Lavados | AA36: Lavados
B37: 0.33333333 | C37: 82.7 | D37: 55.5 | E37: 51.4 | F37: 0.8 | G37: 0.1 | H37: 0.1 | I37: 0.1 | J37: 0.06 | K37: 0.03 | L37: 0.05 | U37: ='5'!V12 -> 0 | X37: HORAS OPERANDO | Z37: =COUNTA('5'!Z6:Z29) -> 24 | AJ37: CARRETA | AL37: CILINDROS | AO37: CARRETA | AQ37: CILINDROS
B38: 0.66666667 | AJ38: CONSUMO | AK38: =SUM('5'!AF30+'5'!AH30)*1.0561 -> 0 | AL38: CONSUMO | AM38: =SUM('5'!AL30+'5'!AN30)*1.0561 -> 0 | AO38: CONSUMO | AP38: ='5'!AJ30 -> 2270 | AQ38: CONSUMO | AR38: ='5'!AP30*1.0561 -> 0
A39: Nº amostras de água TRATADA | C39: Nº amostras de água FILTRADA | E39: Nº amostras de água tratada/filtrada FORA DO PADRÃO | J39: Nº amostras de água tratada/filtrada no PADRÃO | O39: Nº de amostras com turbidez menor ou igual a 0,5 NTU | R39: ÁGUA FILTRADA | S39: Nº de amostras com turbidez menor ou igual a 1,0 NTU | AJ39: DOSAGEM | AK39: =('5'!AK38/'5'!Y30)*1000 -> 0 | AL39: DOSAGEM | AM39: =('5'!AM38/'5'!Y30)*1000 -> 0 | AO39: DOSAGEM | AP39: =('5'!AP38/'5'!Y30)*1000 -> 9.4791875 | AQ39: DOSAGEM | AR39: =('5'!AR38/'5'!Y30)*1000 -> 0
A40: COR | B40: TURBIDEZ | C40: TURBIDEZ | E40: COR | G40: TURBIDEZ | J40: COR | L40: TURBIDEZ | X40: ESTOQUE DE COAGULANTE | AJ40: Consumo Total | AL40: =SUM('5'!AK38,'5'!AM38) -> 0 | AO40: Consumo Total | AQ40: =SUM('5'!AP38,'5'!AR38) -> 2270
A41: =COUNTA('5'!E7:E18) -> 12 | B41: =COUNTA('5'!I7:I18) -> 12 | C41: =COUNTA('5'!J7:J18) -> 12 | D41: =COUNTA('5'!K7:K18) -> 12 | E41: =COUNTIF('5'!E7:E18,">15") -> 0 | G41: =COUNTIF('5'!J7:J18,">1") -> 0 | J41: ='5'!A41-'5'!E41 -> 12 | L41: ='5'!C41-'5'!G41 -> 12 | O41: =COUNTIF('5'!J7:J18,"<=0,5") -> 12 | S41: =COUNTIF('5'!J7:J18,"<=1,0") -> 12 | AJ41: Dosagem Final | AL41: =SUM(('5'!AK38+'5'!AM38)/'5'!Y30)*1000 -> 0 | AO41: Dosagem Final | AQ41: =SUM(('5'!AP38+'5'!AR38)/'5'!Y30)*1000 -> 9.4791875
O42: ÁGUA FILTRATADA | X42: SULFATO DE ALUMÍNIO
H43: Nº de amostras água tratada com turbidez <= 5,0 NTU | L43: Nº de amostras água tratada para aluminio | Q43: Nº de amostras com turbidez entre 0,5 e 1,0 NTU | X43: TINA 01 | Z43: TINA 02 | AB43: TINA 03 | AD43: TANQUE
X44: ALTURA | Z44: ALTURA | AB44: ALTURA | AF44: Volume total (L) | AG44: =SUM('5'!Y45,'5'!AA45,'5'!AC45,'5'!AE45) -> 0 | AI44: CONSUMO DE SULFATO DE ALUMÍNIO ÀS 24:00hs
H45: =COUNTIF('5'!I7:I18,"<=5,0") -> 12 | L45: =COUNTA('5'!L37) -> 1 | Q45: ='5'!S41-'5'!O41 -> 0 | X45: VOLUME | Y45: ='5'!Y44*275.3 -> 0 | Z45: VOLUME | AA45: =262.4*'5'!AA44 -> 0 | AB45: VOLUME | AC45: ='5'!AC44*277.7 -> 0 | AD45: VOLUME | AI45: TINA 01 | AK45: TINA 02 | AM45: TINA 03
X46: Densidade | Y46: ='5'!AS6 -> 1.33 | Z46: Densidade | AA46: ='5'!Y46 -> 1.33 | AB46: Densidade | AC46: ='5'!Y46 -> 1.33 | AD46: Densidade | AE46: ='5'!Y46 -> 1.33 | AF46: Peso Total (Kg) | AG46: =SUM('5'!Y47,'5'!AA47,'5'!AC47,'5'!AE47) -> 0 | AI46: ALTURA | AK46: ALTURA | AM46: ALTURA
O47: ÁGUA TRATADA - CLORO RESIDUAL | X47: Peso(Kg) | Y47: ='5'!Y45*'5'!Y46 -> 0 | Z47: Peso(Kg) | AA47: ='5'!AA45*'5'!AA46 -> 0 | AB47: Peso(Kg) | AC47: ='5'!AC45*'5'!AC46 -> 0 | AD47: Peso(Kg) | AE47: ='5'!AE45*'5'!AE46 -> 0 | AI47: VOLUME | AJ47: ='5'!AJ46*275.3 -> 0 | AK47: VOLUME | AL47: =262.4*'5'!AL46 -> 0 | AM47: VOLUME | AN47: ='5'!AN46*277.7 -> 0
AI48: Densidade | AJ48: ='5'!Y46 -> 1.33 | AK48: Densidade | AL48: ='5'!AJ48 -> 1.33 | AM48: Densidade | AN48: ='5'!AJ48 -> 1.33
O49: Nº de amostras de água tratada para cloro residual | R49: Nº de amostras de água tratada dentro dos padrões de cloro residual | AI49: Peso(Kg) | AJ49: ='5'!AJ47*'5'!AJ48 -> 0 | AK49: Peso(Kg) | AL49: ='5'!AL47*'5'!AL48 -> 0 | AM49: Peso(Kg) | AN49: ='5'!AN47*'5'!AN48 -> 0
X50: PAC - 18
O51: =COUNTA('5'!O7:O18) -> 12 | P51: =COUNTA('5'!W17:W28) -> 0 | R51: =COUNTIF('5'!O7:O18,">=0,5") -> 12 | X51: TINA 01 | Z51: TINA 02 | AB51: TINA 03 | AD51: TANQUE | AI51: CONSUMO DE PAC ÀS 24:00hs
X52: ALTURA | Z52: ALTURA | AB52: ALTURA | AF52: Volume total (L) | AG52: =SUM('5'!Y53,'5'!AA53,'5'!AC53,'5'!AE53) -> 0 | AI52: TINA 01 | AK52: TINA 02 | AM52: TINA 03
O53: ÁGUA TRATADA - PH | X53: VOLUME | Y53: ='5'!Y52*275.3 -> 0 | Z53: VOLUME | AA53: =262.4*'5'!AA52 -> 0 | AB53: VOLUME | AC53: ='5'!AC52*277.7 -> 0 | AD53: VOLUME | AE53: 0 | AI53: ALTURA | AK53: ALTURA | AM53: ALTURA
X54: Densidade | Y54: ='5'!AS7 -> 1.377 | Z54: Densidade | AA54: ='5'!Y54 -> 1.377 | AB54: Densidade | AC54: ='5'!Y54 -> 1.377 | AD54: Densidade | AE54: ='5'!Y54 -> 1.377 | AF54: Peso Total (Kg) | AG54: =SUM('5'!Y55,'5'!AA55,'5'!AC55,'5'!AE55) -> 0 | AI54: VOLUME | AJ54: ='5'!AJ53*275.3 -> 0 | AK54: VOLUME | AL54: =262.4*'5'!AL53 -> 0 | AM54: VOLUME | AN54: ='5'!AN53*277.7 -> 0
O55: Nº de amostras de água tratada para PH | R55: Nº de amostras de água tratada dentro dos padrões de PH | X55: Peso(Kg) | Y55: ='5'!Y53*'5'!Y54 -> 0 | Z55: Peso(Kg) | AA55: ='5'!AA53*'5'!AA54 -> 0 | AB55: Peso(Kg) | AC55: ='5'!AC53*'5'!AC54 -> 0 | AD55: Peso(Kg) | AE55: ='5'!AE53*'5'!AE54 -> 0 | AI55: Densidade | AJ55: ='5'!Y54 -> 1.377 | AK55: Densidade | AL55: ='5'!AJ55 -> 1.377 | AM55: Densidade | AN55: ='5'!AJ55 -> 1.377
AI56: Peso(Kg) | AJ56: ='5'!AJ54*'5'!AJ55 -> 0 | AK56: Peso(Kg) | AL56: ='5'!AL54*'5'!AL55 -> 0 | AM56: Peso(Kg) | AN56: ='5'!AN54*'5'!AN55 -> 0
O57: =COUNTA('5'!N7:N18) -> 12 | R57: =COUNTIF('5'!N7:N18,">=6") -> 12
X58: ESTOQUE DE CLORO
AI59: CONTROLE DIÁRIO DO CONSUMO DE COAGULANTE
X60: Carretas com Cloro | AB60: Cilindros com Cloro | AI60: CLORETO DE POLIALUMÍNIO | AN60: SULFATO DE ALUMÍNIO
AI61: CONSUMO REAL | AL61: ='5'!AJ56+'5'!AL56+'5'!AN56 -> 0 | AN61: CONSUMO REAL | AQ61: ='5'!AJ49+'5'!AL49+'5'!AN49 -> 0
X62: Recebido | AB62: Recebido | AI62: CONSUMO TEÓRICO | AL62: =AA33 -> 0 | AN62: CONSUMO TEÓRICO | AQ62: ='5'!AA32 -> 30004.8
X63: Peso(kg) | AB63: Peso(kg) | AI63: DIFERENÇA | AL63: ='5'!AL61-'5'!AL62 -> 0 | AN63: DIFERENÇA | AQ63: ='5'!AQ61-'5'!AQ62 -> -30004.8
X65: Saldo anterior (kg) | Y65: ='4'!$Y$68 -> -8806.3137 | AB65: Saldo anterior (kg) | AC65: ='4'!$AC$68 -> -510.75
X66: Consumido | AB66: Consumido
X67: Peso(kg) | Y67: =SUM('5'!AK38,'5'!AP38) -> 2270 | AB67: Peso(kg) | AC67: =SUM('5'!AM38,'5'!AR38) -> 0
X68: Saldo(kg) | Y68: =SUM('5'!Y63,'5'!Y65)-'5'!Y67 -> -11076.314 | AB68: Saldo(kg) | AC68: =SUM('5'!AC63,'5'!AC65)-'5'!AC67 -> -510.75

Sheet 6
D2: CONTROLE DE ANÁLISE FÍSICO - QUÍMICAS \ ETA CASTELO BRANCO | AB2: CONTROLE DE PRODUTOS QUÍMICOS APLICADOS \ ETA CASTELO BRANCO
A4: HORA | B4: COR (Uc) | F4: TURBIDEZ (Ut) | K4: Ph | O4: CLORO RESIDUAL (mg/L) | R4: DOSAGEM DO COAGULANTE | T4: VAZÃO DA ETA | U4: TIPO DE COAGULANTE | V4: TÉCNICO | X4: Hora | Y4: Vazão ETA (l/s) | Z4: Vazão Coagulante (l/h) | AA4: Código | AB4: Dosagem (mg/l) | AC4: Vazão Polímero (l/h) | AD4: Dosagem (mg/l) | AE4: Pré 1 (Lib/dia) | AF4: Pré 1 (Kg/h) | AG4: Pré 2 (Lib/dia) | AH4: Pré 2 (Kg/h) | AI4: Pós (Lib/dia) | AJ4: Pós (Kg/h) | AK4: Pré 1 (Lib/dia) cilindros | AL4: Pré 1 (Kg/h) cilindros | AM4: Pré 2 (Lib/dia) cilindros | AN4: Pré 2 (Kg/h) cilindros | AO4: Pós (Lib/dia) cilindros | AP4: Pós (Kg/h) cilindros | AQ4: COAGULANTE | AU4: Tempo de Utilização (h)
AQ5: Codigo | AR5: Nome | AS5: d (g/ml) | AT5: C (%)
B6: Bruta | C6: DEC_1 | D6: DEC_2 | E6: TRAT | F6: Bruta | G6: DEC_1 | H6: DEC_2 | I6: TRAT | J6: FILT | K6: Bruta | L6: DEC_1 | M6: DEC_2 | N6: TRAT | O6: TRAT | P6: DEC_1 | Q6: DEC_2 | R6: L/h | S6: mg/l | T6: L/s | X6: 0.041666667 | Y6: 2770 | Z6: 940 | AA6: 1 | AB6: =IF('6'!AA11=1,(('6'!Z11*'6'!$AS$6*'6'!$AT$6)/('6'!Y11*0.0036)),IF('6'!AA11=2,(('6'!Z11*'6'!$AS$7*'6'!$AT$7)/('6'!Y11*0.0036)))) -> 63.557426 | AD6: =(('6'!AC6*'6'!$Q$10*1000000))/('6'!Y6*3600) -> 0 | AF6: =('6'!AE6/24)*0.454 -> 0 | AH6: =('6'!AG6/24)*0.454 -> 0 | AI6: 5000 | AJ6: =('6'!AI6/24)*0.454 -> 94.583333 | AL6: =('6'!AK6/24)*0.454 -> 0 | AN6: =('6'!AM6/24)*0.454 -> 0 | AP6: =('6'!AO6/24)*0.454 -> 0 | AQ6: 1 | AR6: S.A.L | AS6: 1.33 | AT6: 0.5 | AU6: 0
A7: 0 | B7: 60 | C7: 10 | D7: 12.5 | E7: 2.5 | F7: 9 | G7: 1.3 | H7: 1.6 | I7: 0.4 | J7: 0.4 | K7: 7.3 | L7: 6.7 | M7: 6.7 | N7: 6.4 | O7: 3 | R7: ='5'!$Z$29 -> 940 | S7: ='5'!$AB$29 -> 62.258476 | T7: ='5'!$Y$29 -> 2789 | U7: =IF('6'!AA6=1,'6'!AR6,'6'!AR7) -> S.A.L | V7: =ESCALA!$B$7 -> 0 | X7: 0.083333333 | Y7: 2743 | Z7: 940 | AA7: 1 | AB7: =IF('6'!AA12=1,(('6'!Z12*'6'!$AS$6*'6'!$AT$6)/('6'!Y12*0.0036)),IF('6'!AA12=2,(('6'!Z12*'6'!$AS$7*'6'!$AT$7)/('6'!Y12*0.0036)))) -> 63.371857 | AD7: =(('6'!AC7*'6'!$Q$10*1000000))/('6'!Y7*3600) -> 0 | AF7: =('6'!AE7/24)*0.454 -> 0 | AH7: =('6'!AG7/24)*0.454 -> 0 | AI7: 5000 | AJ7: =('6'!AI7/24)*0.454 -> 94.583333 | AL7: =('6'!AK7/24)*0.454 -> 0 | AN7: =('6'!AM7/24)*0.454 -> 0 | AP7: =('6'!AO7/24)*0.454 -> 0 | AQ7: 2 | AR7: PAC 18 | AS7: 1.377 | AT7: 1 | AU7: 24
A8: 0.083333333 | B8: 60 | C8: 10 | D8: 10 | E8: 2.5 | F8: 8.8 | G8: 1.3 | H8: 1.5 | I8: 0.4 | J8: 0.4 | K8: 7.3 | L8: 6.7 | M8: 6.7 | N8: 6.4 | O8: 3 | R8: ='6'!Z7 -> 940 | S8: ='6'!AB7 -> 63.371857 | T8: ='6'!Y7 -> 2743 | U8: =IF('6'!AA7=1,'6'!AR6,'6'!AR7) -> S.A.L | X8: 0.125 | Y8: 2748 | Z8: 940 | AA8: 1 | AB8: =IF('6'!AA13=1,(('6'!Z13*'6'!$AS$6*'6'!$AT$6)/('6'!Y13*0.0036)),IF('6'!AA13=2,(('6'!Z13*'6'!$AS$7*'6'!$AT$7)/('6'!Y13*0.0036)))) -> 63.603989 | AD8: =(('6'!AC8*'6'!$Q$10*1000000))/('6'!Y8*3600) -> 0 | AF8: =('6'!AE8/24)*0.454 -> 0 | AH8: =('6'!AG8/24)*0.454 -> 0 | AI8: 5000 | AJ8: =('6'!AI8/24)*0.454 -> 94.583333 | AL8: =('6'!AK8/24)*0.454 -> 0 | AN8: =('6'!AM8/24)*0.454 -> 0 | AP8: =('6'!AO8/24)*0.454 -> 0 | AQ8: Polímero Catiônico
A9: 0.16666667 | B9: 60 | C9: 10 | D9: 10 | E9: 2.5 | F9: 6.5 | G9: 1.2 | H9: 1.4 | I9: 0.4 | J9: 0.4 | K9: 7.3 | L9: 6.7 | M9: 6.7 | N9: 6.4 | O9: 3 | R9: ='6'!Z9 -> 940 | S9: ='6'!AB9 -> 63.767495 | T9: ='6'!Y9 -> 2745 | U9: =IF('6'!AA9=1,'6'!AR6,'6'!AR7) -> S.A.L | X9: 0.16666667 | Y9: 2745 | Z9: 940 | AA9: 1 | AB9: =IF('6'!AA14=1,(('6'!Z14*'6'!$AS$6*'6'!$AT$6)/('6'!Y14*0.0036)),IF('6'!AA14=2,(('6'!Z14*'6'!$AS$7*'6'!$AT$7)/('6'!Y14*0.0036)))) -> 63.767495 | AD9: =(('6'!AC9*'6'!$Q$10*1000000))/('6'!Y9*3600) -> 0 | AF9: =('6'!AE9/24)*0.454 -> 0 | AH9: =('6'!AG9/24)*0.454 -> 0 | AI9: 5000 | AJ9: =('6'!AI9/24)*0.454 -> 94.583333 | AL9: =('6'!AK9/24)*0.454 -> 0 | AN9: =('6'!AM9/24)*0.454 -> 0 | AP9: =('6'!AO9/24)*0.454 -> 0 | AQ9: Nome | AT9: C (%)
A10: 0.25 | B10: 60 | C10: 10 | D10: 10 | E10: 2.5 | F10: 8.3 | G10: 1.2 | H10: 1.4 | I10: 0.4 | J10: 0.4 | K10: 7.3 | L10: 6.7 | M10: 6.7 | N10: 6.4 | O10: 3 | R10: ='6'!Z11 -> 940 | S10: ='6'!AB11 -> 63.557426 | T10: ='6'!Y11 -> 2732 | U10: =IF('6'!AA11=1,'6'!AR6,'6'!AR7) -> S.A.L | X10: 0.20833333 | Y10: 2772 | Z10: 940 | AA10: 1 | AB10: =IF('6'!AA15=1,(('6'!Z15*'6'!$AS$6*'6'!$AT$6)/('6'!Y15*0.0036)),IF('6'!AA15=2,(('6'!Z15*'6'!$AS$7*'6'!$AT$7)/('6'!Y15*0.0036)))) -> 64.168104 | AD10: =(('6'!AC10*'6'!$Q$10*1000000))/('6'!Y10*3600) -> 0 | AF10: =('6'!AE10/24)*0.454 -> 0 | AH10: =('6'!AG10/24)*0.454 -> 0 | AI10: 5000 | AJ10: =('6'!AI10/24)*0.454 -> 94.583333 | AL10: =('6'!AK10/24)*0.454 -> 0 | AN10: =('6'!AM10/24)*0.454 -> 0 | AP10: =('6'!AO10/24)*0.454 -> 0 | AQ10: Aguapol 200 | AT10: 0.002
A11: 0.33333333 | B11: 60 | C11: 7.5 | D11: 10 | E11: 2.5 | F11: 8.5 | G11: 1.2 | H11: 1.5 | I11: 0.3 | J11: 0.4 | K11: 7.3 | L11: 6.6 | M11: 6.7 | N11: 6.5 | O11: 2.5 | P11: 1.4 | Q11: 0.4 | R11: ='6'!Z13 -> 940 | S11: ='6'!AB13 -> 63.603989 | T11: ='6'!Y13 -> 2730 | U11: =IF('6'!AA13=1,'6'!AR6,'6'!AR7) -> S.A.L | X11: 0.25 | Y11: 2732 | Z11: 940 | AA11: 1 | AB11: =IF('6'!AA11=1,(('6'!Z11*'6'!$AS$6*'6'!$AT$6)/('6'!Y11*0.0036)),IF('6'!AA11=2,(('6'!Z11*'6'!$AS$7*'6'!$AT$7)/('6'!Y11*0.0036)))) -> 63.557426 | AD11: =(('6'!AC11*'6'!$Q$10*1000000))/('6'!Y11*3600) -> 0 | AF11: =('6'!AE11/24)*0.454 -> 0 | AH11: =('6'!AG11/24)*0.454 -> 0 | AI11: 5000 | AJ11: =('6'!AI11/24)*0.454 -> 94.583333 | AL11: =('6'!AK11/24)*0.454 -> 0 | AN11: =('6'!AM11/24)*0.454 -> 0 | AP11: =('6'!AO11/24)*0.454 -> 0
A12: 0.41666667 | B12: 60 | C12: 7.5 | D12: 10 | E12: 2.5 | F12: 9.2 | G12: 1.3 | H12: 1.6 | I12: 0.4 | J12: 0.3 | K12: 7.3 | L12: 6.6 | M12: 6.6 | N12: 6.5 | O12: 2.5 | P12: 1.6 | Q12: 2.2 | R12: ='6'!Z15 -> 940 | S12: ='6'!AB15 -> 64.168104 | T12: ='6'!Y15 -> 2706 | U12: =IF('6'!AA15=1,'6'!AR6,'6'!AR7) -> S.A.L | V12: =ESCALA!$B$8 -> 0 | X12: 0.29166667 | Y12: 2740 | Z12: 940 | AA12: 1 | AB12: =IF('6'!AA12=1,(('6'!Z12*'6'!$AS$6*'6'!$AT$6)/('6'!Y12*0.0036)),IF('6'!AA12=2,(('6'!Z12*'6'!$AS$7*'6'!$AT$7)/('6'!Y12*0.0036)))) -> 63.371857 | AD12: =(('6'!AC15*'6'!$Q$10*1000000))/('6'!Y12*3600) -> 0 | AF12: =('6'!AE12/24)*0.454 -> 0 | AH12: =('6'!AG12/24)*0.454 -> 0 | AI12: 5000 | AJ12: =('6'!AI12/24)*0.454 -> 94.583333 | AL12: =('6'!AK12/24)*0.454 -> 0 | AN12: =('6'!AM12/24)*0.454 -> 0 | AP12: =('6'!AO12/24)*0.454 -> 0
A13: 0.5 | B13: 60 | C13: 7.5 | D13: 10 | E13: 2.5 | F13: 8.7 | G13: 1.4 | H13: 1.7 | I13: 0.3 | J13: 0.3 | K13: 7.3 | L13: 6.6 | M13: 6.6 | N13: 6.5 | O13: 2.5 | P13: 2.2 | Q13: 1.7 | R13: ='6'!Z17 -> 940 | S13: ='6'!AB17 -> 61.269897 | T13: ='6'!Y17 -> 2834 | U13: =IF('6'!AA17=1,'6'!AR6,'6'!AR7) -> S.A.L | X13: 0.33333333 | Y13: 2730 | Z13: 940 | AA13: 1 | AB13: =IF('6'!AA13=1,(('6'!Z13*'6'!$AS$6*'6'!$AT$6)/('6'!Y13*0.0036)),IF('6'!AA13=2,(('6'!Z13*'6'!$AS$7*'6'!$AT$7)/('6'!Y13*0.0036)))) -> 63.603989 | AD13: =(('6'!AC16*'6'!$Q$10*1000000))/('6'!Y13*3600) -> 0 | AF13: =('6'!AE13/24)*0.454 -> 0 | AH13: =('6'!AG13/24)*0.454 -> 0 | AI13: 2000 | AJ13: =('6'!AI13/24)*0.454 -> 37.833333 | AK13: 1500 | AL13: =('6'!AK13/24)*0.454 -> 28.375 | AM13: 1500 | AN13: =('6'!AM13/24)*0.454 -> 28.375 | AP13: =('6'!AO13/24)*0.454 -> 0
A14: 0.58333333 | B14: 60 | C14: 10 | D14: 12.5 | E14: 2.5 | F14: 8.3 | G14: 1.5 | H14: 1.8 | I14: 0.3 | J14: 0.3 | K14: 7.3 | L14: 6.6 | M14: 6.6 | N14: 6.5 | O14: 2.5 | P14: 2.5 | Q14: 1.2 | R14: ='6'!Z19 -> 940 | S14: ='6'!AB19 -> 63.325634 | T14: ='6'!Y19 -> 2742 | U14: =IF('6'!AA19=1,'6'!AR6,'6'!AR7) -> S.A.L | X14: 0.375 | Y14: 2723 | Z14: 940 | AA14: 1 | AB14: =IF('6'!AA14=1,(('6'!Z14*'6'!$AS$6*'6'!$AT$6)/('6'!Y14*0.0036)),IF('6'!AA14=2,(('6'!Z14*'6'!$AS$7*'6'!$AT$7)/('6'!Y14*0.0036)))) -> 63.767495 | AD14: =(('6'!AC14*'6'!$Q$10*1000000))/('6'!Y14*3600) -> 0 | AF14: =('6'!AE14/24)*0.454 -> 0 | AH14: =('6'!AG14/24)*0.454 -> 0 | AI14: 2500 | AJ14: =('6'!AI14/24)*0.454 -> 47.291667 | AK14: 1500 | AL14: =('6'!AK14/24)*0.454 -> 28.375 | AM14: 1500 | AN14: =('6'!AM14/24)*0.454 -> 28.375 | AP14: =('6'!AO14/24)*0.454 -> 0
A15: 0.66666667 | B15: 60 | C15: 10 | D15: 12.5 | E15: 2.5 | F15: 8.5 | G15: 1.2 | H15: 1.7 | I15: 0.3 | J15: 0.3 | K15: 7.3 | L15: 6.6 | M15: 6.6 | N15: 6.5 | O15: 2.5 | P15: 2.2 | Q15: 1.4 | R15: ='6'!Z21 -> 940 | S15: ='6'!AB21 -> 61.793199 | T15: ='6'!Y21 -> 2810 | U15: =IF('6'!AA21=1,'6'!AR6,'6'!AR7) -> S.A.L | X15: 0.41666667 | Y15: 2706 | Z15: 940 | AA15: 1 | AB15: =IF('6'!AA15=1,(('6'!Z15*'6'!$AS$6*'6'!$AT$6)/('6'!Y15*0.0036)),IF('6'!AA15=2,(('6'!Z15*'6'!$AS$7*'6'!$AT$7)/('6'!Y15*0.0036)))) -> 64.168104 | AD15: =(('6'!AC15*'6'!$Q$10*1000000))/('6'!Y15*3600) -> 0 | AF15: =('6'!AE15/24)*0.454 -> 0 | AH15: =('6'!AG15/24)*0.454 -> 0 | AI15: 2500 | AJ15: =('6'!AI15/24)*0.454 -> 47.291667 | AK15: 1500 | AL15: =('6'!AK15/24)*0.454 -> 28.375 | AM15: 1500 | AN15: =('6'!AM15/24)*0.454 -> 28.375 | AP15: =('6'!AO15/24)*0.454 -> 0
A16: 0.75 | B16: 60 | C16: 10 | D16: 12.5 | E16: 2.5 | F16: 8.5 | G16: 1.2 | H16: 1.7 | I16: 0.3 | J16: 0.3 | K16: 7.3 | L16: 6.6 | M16: 6.6 | N16: 6.5 | O16: 2.5 | R16: ='6'!Z23 -> 940 | S16: ='6'!AB23 -> 62.392702 | T16: ='6'!Y23 -> 2783 | U16: =IF('6'!AA23=1,'6'!AR6,'6'!AR7) -> S.A.L | X16: 0.45833333 | Y16: 2783 | Z16: 940 | AA16: 1 | AB16: =IF('6'!AA16=1,(('6'!Z16*'6'!$AS$6*'6'!$AT$6)/('6'!Y16*0.0036)),IF('6'!AA16=2,(('6'!Z16*'6'!$AS$7*'6'!$AT$7)/('6'!Y16*0.0036)))) -> 62.392702 | AD16: =(('6'!AC16*'6'!$Q$10*1000000))/('6'!Y16*3600) -> 0 | AF16: =('6'!AE16/24)*0.454 -> 0 | AH16: =('6'!AG16/24)*0.454 -> 0 | AI16: 2500 | AJ16: =('6'!AI16/24)*0.454 -> 47.291667 | AK16: 1500 | AL16: =('6'!AK16/24)*0.454 -> 28.375 | AM16: 1500 | AN16: =('6'!AM16/24)*0.454 -> 28.375 | AP16: =('6'!AO16/24)*0.454 -> 0
A17: 0.83333333 | B17: 60 | C17: 10 | D17: 12.5 | E17: 2.5 | F17: 8.6 | G17: 1.3 | H17: 1.7 | I17: 0.4 | J17: 0.4 | K17: 7.3 | L17: 6.7 | M17: 6.7 | N17: 6.5 | O17: 2.8 | R17: ='6'!Z25 -> 940 | S17: ='6'!AB25 -> 62.798875 | T17: ='6'!Y25 -> 2765 | U17: =IF('6'!AA24=1,'6'!AR6,'6'!AR7) -> S.A.L | V17: =ESCALA!$C$8 -> 0 | X17: 0.5 | Y17: 2834 | Z17: 940 | AA17: 1 | AB17: =IF('6'!AA17=1,(('6'!Z17*'6'!$AS$6*'6'!$AT$6)/('6'!Y17*0.0036)),IF('6'!AA17=2,(('6'!Z17*'6'!$AS$7*'6'!$AT$7)/('6'!Y17*0.0036)))) -> 61.269897 | AD17: =(('6'!AC17*'6'!$Q$10*1000000))/('6'!Y17*3600) -> 0 | AF17: =('6'!AE17/24)*0.454 -> 0 | AH17: =('6'!AG17/24)*0.454 -> 0 | AI17: 2500 | AJ17: =('6'!AI17/24)*0.454 -> 47.291667 | AK17: 1500 | AL17: =('6'!AK17/24)*0.454 -> 28.375 | AM17: 1500 | AN17: =('6'!AM17/24)*0.454 -> 28.375 | AP17: =('6'!AO17/24)*0.454 -> 0
A18: 0.91666667 | B18: 60 | C18: 10 | D18: 12.5 | E18: 2.5 | F18: 8.7 | G18: 1.3 | H18: 1.7 | I18: 0.4 | J18: 0.4 | K18: 7.3 | L18: 6.7 | M18: 6.7 | N18: 6.5 | O18: 2.8 | R18: ='6'!Z27 -> 940 | S18: ='6'!AB27 -> 63.580699 | T18: ='6'!Y27 -> 2731 | U18: =IF('6'!AA27=1,'6'!AR6,'6'!AR7) -> S.A.L | X18: 0.54166667 | Y18: 2728 | Z18: 940 | AA18: 1 | AB18: =IF('6'!AA18=1,(('6'!Z18*'6'!$AS$6*'6'!$AT$6)/('6'!Y18*0.0036)),IF('6'!AA18=2,(('6'!Z18*'6'!$AS$7*'6'!$AT$7)/('6'!Y18*0.0036)))) -> 63.650619 | AD18: =(('6'!AC18*'6'!$Q$10*1000000))/('6'!Y17*3600) -> 0 | AF18: =('6'!AE18/24)*0.454 -> 0 | AH18: =('6'!AG18/24)*0.454 -> 0 | AI18: 2500 | AJ18: =('6'!AI18/24)*0.454 -> 47.291667 | AK18: 1500 | AL18: =('6'!AK18/24)*0.454 -> 28.375 | AM18: 1500 | AN18: =('6'!AM18/24)*0.454 -> 28.375 | AP18: =('6'!AO18/24)*0.454 -> 0
A19: Média | B19: {=IF('6'!B7:B18>0.01,AVERAGE('6'!B7:B18),"")} -> 60 | C19: {=IF('6'!C7:C18>0.01,AVERAGE('6'!C7:C18),"")} -> 9.375 | D19: {=IF('6'!D7:D18>0.01,AVERAGE('6'!D7:D18),"")} -> 11.25 | E19: {=IF('6'!E7:E18>0.01,AVERAGE('6'!E7:E18),"")} -> 2.5 | F19: {=IF('6'!F7:F18>0.01,AVERAGE('6'!F7:F18),"")} -> 8.4666667 | G19: {=IF('6'!G7:G18>0.01,AVERAGE('6'!G7:G18),"")} -> 1.2833333 | H19: {=IF('6'!H7:H18>0.01,AVERAGE('6'!H7:H18),"")} -> 1.6083333 | I19: {=IF('6'!I7:I18>0.01,AVERAGE('6'!I7:I18),"")} -> 0.35833333 | ... S19: {=IF('6'!S7:S18>0.01,AVERAGE('6'!S7:S18),"")} -> 62.990696 | X19: 0.58333333 | Y19: 2742 | Z19: 940 | AA19: 1 | AB19: =IF('6'!AA19=1,(('6'!Z19*'6'!$AS$6*'6'!$AT$6)/('6'!Y19*0.0036)),IF('6'!AA19=2,(('6'!Z19*'6'!$AS$7*'6'!$AT$7)/('6'!Y19*0.0036)))) -> 63.325634 | AD19: =(('6'!AC19*'6'!$Q$10*1000000))/('6'!Y19*3600) -> 0 | AF19: =('6'!AE19/24)*0.454 -> 0 | AH19: =('6'!AG19/24)*0.454 -> 0 | AI19: 2500 | AJ19: =('6'!AI19/24)*0.454 -> 47.291667 | AK19: 1500 | AL19: =('6'!AK19/24)*0.454 -> 28.375 | AM19: 1500 | AN19: =('6'!AM19/24)*0.454 -> 28.375 | AP19: =('6'!AO19/24)*0.454 -> 0
A20: Máximo | B20: =MAX('6'!B7:B18) -> 60 | C20: =MAX('6'!C7:C18) -> 10 | D20: =MAX('6'!D7:D18) -> 12.5 | E20: =MAX('6'!E7:E18) -> 2.5 | F20: =MAX('6'!F7:F18) -> 9.2 | G20: =MAX('6'!G7:G18) -> 1.5 | H20: =MAX('6'!H7:H18) -> 1.8 | I20: =MAX('6'!I7:I18) -> 0.4 | ... S20: =MAX('6'!S7:S18) -> 64.168104 | X20: 0.625 | Y20: 2809 | Z20: 940 | AA20: 1 | AB20: =IF('6'!AA20=1,(('6'!Z20*'6'!$AS$6*'6'!$AT$6)/('6'!Y20*0.0036)),IF('6'!AA20=2,(('6'!Z20*'6'!$AS$7*'6'!$AT$7)/('6'!Y20*0.0036)))) -> 61.815197 | AD20: =(('6'!AC20*'6'!$Q$10*1000000))/('6'!Y20*3600) -> 0 | AF20: =('6'!AE20/24)*0.454 -> 0 | AH20: =('6'!AG20/24)*0.454 -> 0 | AI20: 2500 | AJ20: =('6'!AI20/24)*0.454 -> 47.291667 | AK20: 1500 | AL20: =('6'!AK20/24)*0.454 -> 28.375 | AM20: 1500 | AN20: =('6'!AM20/24)*0.454 -> 28.375 | AP20: =('6'!AO20/24)*0.454 -> 0
A21: Mínimo | B21: =MIN('6'!B7:B18) -> 60 | C21: =MIN('6'!C7:C18) -> 7.5 | D21: =MIN('6'!D7:D18) -> 10 | E21: =MIN('6'!E7:E18) -> 2.5 | F21: =MIN('6'!F7:F18) -> 6.5 | G21: =MIN('6'!G7:G18) -> 1.2 | H21: =MIN('6'!H7:H18) -> 1.4 | I21: =MIN('6'!I7:I18) -> 0.3 | ... S21: =MIN('6'!S7:S18) -> 61.269897 | X21: 0.66666667 | Y21: 2810 | Z21: 940 | AA21: 1 | AB21: =IF('6'!AA21=1,(('6'!Z21*'6'!$AS$6*'6'!$AT$6)/('6'!Y21*0.0036)),IF('6'!AA21=2,(('6'!Z21*'6'!$AS$7*'6'!$AT$7)/('6'!Y21*0.0036)))) -> 61.793199 | AD21: =(('6'!AC21*'6'!$Q$10*1000000))/('6'!Y21*3600) -> 0 | AF21: =('6'!AE21/24)*0.454 -> 0 | AH21: =('6'!AG21/24)*0.454 -> 0 | AI21: 2500 | AJ21: =('6'!AI21/24)*0.454 -> 47.291667 | AK21: 1500 | AL21: =('6'!AK21/24)*0.454 -> 28.375 | AM21: 1500 | AN21: =('6'!AM21/24)*0.454 -> 28.375 | AP21: =('6'!AO21/24)*0.454 -> 0
R22: Total | X22: 0.70833333 | Y22: 2699 | Z22: 940 | AA22: 1 | AB22: =IF('6'!AA22=1,(('6'!Z22*'6'!$AS$6*'6'!$AT$6)/('6'!Y22*0.0036)),IF('6'!AA22=2,(('6'!Z22*'6'!$AS$7*'6'!$AT$7)/('6'!Y22*0.0036)))) -> 64.334527 | AD22: =(('6'!AC22*'6'!$Q$10*1000000))/('6'!Y22*3600) -> 0 | AF22: =('6'!AE22/24)*0.454 -> 0 | AH22: =('6'!AG22/24)*0.454 -> 0 | AI22: 2500 | AJ22: =('6'!AI22/24)*0.454 -> 47.291667 | AK22: 1500 | AL22: =('6'!AK22/24)*0.454 -> 28.375 | AM22: 1500 | AN22: =('6'!AM22/24)*0.454 -> 28.375 | AP22: =('6'!AO22/24)*0.454 -> 0
A23: TURBIDEZ DOS FILTROS DA 1ª E 2ª ETAPAS | R23: 440 | S23: Litros | X23: 0.75 | Y23: 2783 | Z23: 940 | AA23: 1 | AB23: =IF('6'!AA23=1,(('6'!Z23*'6'!$AS$6*'6'!$AT$6)/('6'!Y23*0.0036)),IF('6'!AA23=2,(('6'!Z23*'6'!$AS$7*'6'!$AT$7)/('6'!Y23*0.0036)))) -> 62.392702 | AD23: =(('6'!AC23*'6'!$Q$10*1000000))/('6'!Y23*3600) -> 0 | AF23: =('6'!AE23/24)*0.454 -> 0 | AH23: =('6'!AG23/24)*0.454 -> 0 | AI23: 5200 | AJ23: =('6'!AI23/24)*0.454 -> 98.366667 | AL23: =('6'!AK23/24)*0.454 -> 0 | AN23: =('6'!AM23/24)*0.454 -> 0 | AP23: =('6'!AO23/24)*0.454 -> 0
A24: HORA | B24: 1 | C24: 2 | D24: 3 | E24: 4 | F24: 5 | G24: 6 | H24: 7 | I24: 8 | J24: 9 | K24: 10 | L24: 11 | M24: 12 | N24: 13 | O24: 14 | P24: 15 | Q24: 16 | R24: 0 | S24: Kilos | X24: 0.79166667 | Y24: 2789 | Z24: 940 | AA24: 1 | AB24: =IF('6'!AA24=1,(('6'!Z24*'6'!$AS$6*'6'!$AT$6)/('6'!Y24*0.0036)),IF('6'!AA24=2,(('6'!Z24*'6'!$AS$7*'6'!$AT$7)/('6'!Y24*0.0036)))) -> 62.258476 | AD24: =(('6'!AC24*'6'!$Q$10*1000000))/('6'!Y24*3600) -> 0 | AF24: =('6'!AE24/24)*0.454 -> 0 | AH24: =('6'!AG24/24)*0.454 -> 0 | AI24: 5200 | AJ24: =('6'!AI24/24)*0.454 -> 98.366667 | AL24: =('6'!AK24/24)*0.454 -> 0 | AN24: =('6'!AM24/24)*0.454 -> 0 | AP24: =('6'!AO24/24)*0.454 -> 0
A25: 0.41666667 | C25: 0.36 | D25: 0.36 | E25: 0.41 | F25: 0.45 | G25: 0.37 | H25: 0.37 | I25: 0.34 | K25: 0.28 | L25: 0.23 | M25: 0.32 | N25: 0.3 | O25: 0.32 | P25: 0.36 | R25: =#DIV/0! -> #DIV/0! | T25: DATA | U25: =ESCALA!$A$8 -> 43896 | X25: 0.83333333 | Y25: 2765 | Z25: 940 | AA25: 1 | AB25: =IF('6'!AA25=1,(('6'!Z25*'6'!$AS$6*'6'!$AT$6)/('6'!Y25*0.0036)),IF('6'!AA25=2,(('6'!Z25*'6'!$AS$7*'6'!$AT$7)/('6'!Y25*0.0036)))) -> 62.798875 | AD25: =(('6'!AC25*'6'!$Q$10*1000000))/('6'!Y25*3600) -> 0 | AF25: =('6'!AE25/24)*0.454 -> 0 | AH25: =('6'!AG25/24)*0.454 -> 0 | AI25: 5200 | AJ25: =('6'!AI25/24)*0.454 -> 98.366667 | AL25: =('6'!AK25/24)*0.454 -> 0 | AN25: =('6'!AM25/24)*0.454 -> 0 | AP25: =('6'!AO25/24)*0.454 -> 0
A26: 0.66666667 | R26: =#DIV/0! -> #DIV/0! | X26: 0.875 | Y26: 2750 | Z26: 940 | AA26: 1 | AB26: =IF('6'!AA26=1,(('6'!Z26*'6'!$AS$6*'6'!$AT$6)/('6'!Y26*0.0036)),IF('6'!AA26=2,(('6'!Z26*'6'!$AS$7*'6'!$AT$7)/('6'!Y26*0.0036)))) -> 63.141414 | AD26: =(('6'!AC26*'6'!$Q$10*1000000))/('6'!Y26*3600) -> 0 | AF26: =('6'!AE26/24)*0.454 -> 0 | AH26: =('6'!AG26/24)*0.454 -> 0 | AI26: 5200 | AJ26: =('6'!AI26/24)*0.454 -> 98.366667 | AL26: =('6'!AK26/24)*0.454 -> 0 | AN26: =('6'!AM26/24)*0.454 -> 0 | AP26: =('6'!AO26/24)*0.454 -> 0
A27: Média | C27: =#DIV/0! -> #DIV/0! | D27: =#DIV/0! -> #DIV/0! | E27: =#DIV/0! -> #DIV/0! | F27: =#DIV/0! -> #DIV/0! | G27: =#DIV/0! -> #DIV/0! | H27: =#DIV/0! -> #DIV/0! | I27: =#DIV/0! -> #DIV/0! | J27: =#DIV/0! -> #DIV/0! | ... Q27: =#DIV/0! -> #DIV/0! | X27: 0.91666667 | Y27: 2731 | Z27: 940 | AA27: 1 | AB27: =IF('6'!AA27=1,(('6'!Z27*'6'!$AS$6*'6'!$AT$6)/('6'!Y27*0.0036)),IF('6'!AA27=2,(('6'!Z27*'6'!$AS$7*'6'!$AT$7)/('6'!Y27*0.0036)))) -> 63.580699 | AD27: =(('6'!AC27*'6'!$Q$10*1000000))/('6'!Y27*3600) -> 0 | AF27: =('6'!AE27/24)*0.454 -> 0 | AH27: =('6'!AG27/24)*0.454 -> 0 | AI27: 5200 | AJ27: =('6'!AI27/24)*0.454 -> 98.366667 | AL27: =('6'!AK27/24)*0.454 -> 0 | AN27: =('6'!AM27/24)*0.454 -> 0 | AP27: =('6'!AO27/24)*0.454 -> 0
A28: OBSERVAÇÕES | X28: 0.95833333 | Y28: 2749 | Z28: 940 | AA28: 1 | AB28: =IF('6'!AA28=1,(('6'!Z28*'6'!$AS$6*'6'!$AT$6)/('6'!Y28*0.0036)),IF('6'!AA28=2,(('6'!Z28*'6'!$AS$7*'6'!$AT$7)/('6'!Y28*0.0036)))) -> 63.164383 | AD28: =(('6'!AC28*'6'!$Q$10*1000000))/('6'!Y28*3600) -> 0 | AF28: =('6'!AE28/24)*0.454 -> 0 | AH28: =('6'!AG28/24)*0.454 -> 0 | AI28: 5200 | AJ28: =('6'!AI28/24)*0.454 -> 98.366667 | AL28: =('6'!AK28/24)*0.454 -> 0 | AN28: =('6'!AM28/24)*0.454 -> 0 | AP28: =('6'!AO28/24)*0.454 -> 0
X29: 1 | Y29: 2697 | Z29: 940 | AA29: 1 | AB29: =IF('6'!AA29=1,(('6'!Z29*'6'!$AS$6*'6'!$AT$6)/('6'!Y29*0.0036)),IF('6'!AA29=2,(('6'!Z29*'6'!$AS$7*'6'!$AT$7)/('6'!Y29*0.0036)))) -> 64.382235 | AD29: =(('6'!AC29*'6'!$Q$10*1000000))/('6'!Y29*3600) -> 0 | AF29: =('6'!AE29/24)*0.454 -> 0 | AH29: =('6'!AG29/24)*0.454 -> 0 | AI29: 5200 | AJ29: =('6'!AI29/24)*0.454 -> 98.366667 | AL29: =('6'!AK29/24)*0.454 -> 0 | AN29: =('6'!AM29/24)*0.454 -> 0 | AP29: =('6'!AO29/24)*0.454 -> 0
X30: Total | Y30: =SUM('6'!Y6:Y29)*3.6 -> 237880.8 | Z30: =SUM('6'!Z6:Z29) -> 22560 | AF30: =SUM('6'!AF6:AF29) -> 0 | AH30: =SUM('6'!AH6:AH29) -> 0 | AJ30: =SUM('6'!AJ6:AJ29) -> 1814.1083 | AL30: =SUM('6'!AL6:AL29) -> 283.75 | AN30: =SUM('6'!AN6:AN29) -> 283.75 | AP30: =SUM('6'!AP6:AP29) -> 0
X32: S.A.L (l) - (kg) | Z32: =SUMIF('6'!AA6:AA29,"=1",'6'!Z6:Z29) -> 22560 | AA32: ='6'!Z32*'6'!AS6 -> 30004.8 | AB32: =SUMIF('6'!$AA$6:$AA$29,"=1",'6'!$AB$6:$AB$29)/COUNTIF('6'!$AA$6:$AA$29,"=1") -> 63.218263 | AC32: =SUMIF('6'!AA6:AA29,"=1",'6'!AC6:AC29) -> 0
X33: PAC 18 (l) - (kg) | Z33: =SUMIF('6'!AA6:AA29,"=2",'6'!Z6:Z29) -> 0 | AA33: ='6'!Z33*'6'!AS7 -> 0 | AB33: =SUMIF('6'!$AA$6:$AA$29,"=2",'6'!$AB$6:$AB$29)/COUNTIF('6'!$AA$6:$AA$29,"=2") -> #DIV/0! | AC33: =SUMIF('6'!AA6:AA29,"=2",'6'!AC6:AC29) -> 0
X34: Média | Y34: =AVERAGE('6'!Y6:Y29) -> 2753.25 | Z34: =AVERAGE('6'!Z6:Z29) -> 940 | AC34: =SUM('6'!AC6:AC29)/COUNTIF('6'!AC6:AC29,"<>0") -> 0 | AD34: =SUM('6'!AD6:AD29)/COUNTIF('6'!AD6:AD29,"<>0") -> #DIV/0! | AF34: =AVERAGE('6'!AF6:AF29) -> 0 | AH34: =AVERAGE('6'!AH6:AH29) -> 0 | AJ34: ='6'!AJ30/24 -> 75.587847 | AL34: =AVERAGE('6'!AL6:AL29) -> 11.822917 | AN34: =AVERAGE('6'!AN6:AN29) -> 11.822917 | AP34: =AVERAGE('6'!AP6:AP29) -> 0
C35: Alcalinidade (mg/L) | F35: Ferro (mg/L) | I35: Manganês (mg/L) | L35: Alumínio (mg/L) | U35: TÉCNICO | X35: Decantadores | AA35: Filtros | AJ35: CLORAÇÃO INTERMEDIÁRIA | AO35: PÓS CLORAÇÃO
B36: HORA | C36: Bruta | D36: Dec. | E36: Trat (R-3) | F36: Bruta | G36: Filt. | H36: Trat (R-3) | I36: Bruta | J36: Filt. | K36: Trat (R-3) | L36: Trat (R-3) | X36: Lavados | AA36: Lavados
B37: 0.33333333 | C37: 80.7 | D37: 54.5 | E37: 46.4 | F37: 1.2 | G37: 0.1 | H37: 0.1 | I37: 0.15 | J37: 0.1 | K37: 0.03 | L37: 0.05 | U37: ='6'!V12 -> 0 | X37: HORAS OPERANDO | Z37: =COUNTA('6'!Z6:Z29) -> 24 | AJ37: CARRETA | AL37: CILINDROS | AO37: CARRETA | AQ37: CILINDROS
B38: 0.66666667 | AJ38: CONSUMO | AK38: =SUM('6'!AF30+'6'!AH30) -> 0 | AL38: CONSUMO | AM38: =SUM('6'!AL30+'6'!AN30) -> 567.5 | AO38: CONSUMO | AP38: ='6'!AJ30 -> 1814.1083 | AQ38: CONSUMO | AR38: ='6'!AP30 -> 0
A39: Nº amostras de água TRATADA | C39: Nº amostras de água FILTRADA | E39: Nº amostras de água tratada/filtrada FORA DO PADRÃO | J39: Nº amostras de água tratada/filtrada no PADRÃO | O39: Nº de amostras com turbidez menor ou igual a 0,5 NTU | R39: ÁGUA FILTRADA | S39: Nº de amostras com turbidez menor ou igual a 1,0 NTU | AJ39: DOSAGEM | AK39: =('6'!AK38/'6'!Y30)*1000 -> 0 | AL39: DOSAGEM | AM39: =('6'!AM38/'6'!Y30)*1000 -> 2.3856486 | AO39: DOSAGEM | AP39: =('6'!AP38/'6'!Y30)*1000 -> 7.6261234 | AQ39: DOSAGEM | AR39: =('6'!AR38/'6'!Y30)*1000 -> 0
A40: COR | B40: TURBIDEZ | C40: TURBIDEZ | E40: COR | G40: TURBIDEZ | J40: COR | L40: TURBIDEZ | X40: ESTOQUE DE COAGULANTE | AJ40: Consumo Total | AL40: =SUM('6'!AK38,'6'!AM38) -> 567.5 | AO40: Consumo Total | AQ40: =SUM('6'!AP38,'6'!AR38) -> 1814.1083
A41: =COUNTA('6'!E7:E18) -> 12 | B41: =COUNTA('6'!I7:I18) -> 12 | C41: =COUNTA('6'!J7:J18) -> 12 | D41: =COUNTA('6'!K7:K18) -> 12 | E41: =COUNTIF('6'!E7:E18,">15") -> 0 | G41: =COUNTIF('6'!J7:J18,">1") -> 0 | J41: ='6'!A41-'6'!E41 -> 12 | L41: ='6'!C41-'6'!G41 -> 12 | O41: =COUNTIF('6'!J7:J18,"<=0,5") -> 12 | S41: =COUNTIF('6'!J7:J18,"<=1,0") -> 12 | AJ41: Dosagem Final | AL41: =SUM(('6'!AK38+'6'!AM38)/'6'!Y30)*1000 -> 2.3856486 | AO41: Dosagem Final | AQ41: =SUM(('6'!AP38+'6'!AR38)/'6'!Y30)*1000 -> 7.6261234
O42: ÁGUA FILTRATADA | X42: SULFATO DE ALUMÍNIO
H43: Nº de amostras água tratada com turbidez <= 5,0 NTU | L43: Nº de amostras água tratada para aluminio | Q43: Nº de amostras com turbidez entre 0,5 e 1,0 NTU | X43: TINA 01 | Z43: TINA 02 | AB43: TINA 03 | AD43: TANQUE
X44: ALTURA | Z44: ALTURA | AB44: ALTURA | AF44: Volume total (L) | AG44: =SUM('6'!Y45,'6'!AA45,'6'!AC45,'6'!AE45) -> 0 | AI44: CONSUMO DE SULFATO DE ALUMÍNIO ÀS 24:00hs
H45: =COUNTIF('6'!I7:I18,"<=5,0") -> 12 | L45: =COUNTA('6'!L37) -> 1 | Q45: ='6'!S41-'6'!O41 -> 0 | X45: VOLUME | Y45: ='6'!Y44*275.3 -> 0 | Z45: VOLUME | AA45: =262.4*'6'!AA44 -> 0 | AB45: VOLUME | AC45: ='6'!AC44*277.7 -> 0 | AD45: VOLUME | AI45: TINA 01 | AK45: TINA 02 | AM45: TINA 03
X46: Densidade | Y46: ='6'!AS6 -> 1.33 | Z46: Densidade | AA46: ='6'!Y46 -> 1.33 | AB46: Densidade | AC46: ='6'!Y46 -> 1.33 | AD46: Densidade | AE46: ='6'!Y46 -> 1.33 | AF46: Peso Total (Kg) | AG46: =SUM('6'!Y47,'6'!AA47,'6'!AC47,'6'!AE47) -> 0 | AI46: ALTURA | AK46: ALTURA | AM46: ALTURA
O47: ÁGUA TRATADA - CLORO RESIDUAL | X47: Peso(Kg) | Y47: ='6'!Y45*'6'!Y46 -> 0 | Z47: Peso(Kg) | AA47: ='6'!AA45*'6'!AA46 -> 0 | AB47: Peso(Kg) | AC47: ='6'!AC45*'6'!AC46 -> 0 | AD47: Peso(Kg) | AE47: ='6'!AE45*'6'!AE46 -> 0 | AI47: VOLUME | AJ47: ='6'!AJ46*275.3 -> 0 | AK47: VOLUME | AL47: =262.4*'6'!AL46 -> 0 | AM47: VOLUME | AN47: ='6'!AN46*277.7 -> 0
AI48: Densidade | AJ48: ='6'!Y46 -> 1.33 | AK48: Densidade | AL48: ='6'!AJ48 -> 1.33 | AM48: Densidade | AN48: ='6'!AJ48 -> 1.33
O49: Nº de amostras de água tratada para cloro residual | R49: Nº de amostras de água tratada dentro dos padrões de cloro residual | AI49: Peso(Kg) | AJ49: ='6'!AJ47*'6'!AJ48 -> 0 | AK49: Peso(Kg) | AL49: ='6'!AL47*'6'!AL48 -> 0 | AM49: Peso(Kg) | AN49: ='6'!AN47*'6'!AN48 -> 0
X50: PAC - 18
O51: =COUNTA('6'!O7:O18) -> 12 | P51: =COUNTA('6'!W17:W28) -> 0 | R51: =COUNTIF('6'!O7:O18,">=0,5") -> 12 | X51: TINA 01 | Z51: TINA 02 | AB51: TINA 03 | AD51: TANQUE | AI51: CONSUMO DE PAC ÀS 24:00hs
X52: ALTURA | Z52: ALTURA | AB52: ALTURA | AF52: Volume total (L) | AG52: =SUM('6'!Y53,'6'!AA53,'6'!AC53,'6'!AE53) -> 0 | AI52: TINA 01 | AK52: TINA 02 | AM52: TINA 03
O53: ÁGUA TRATADA - PH | X53: VOLUME | Y53: ='6'!Y52*275.3 -> 0 | Z53: VOLUME | AA53: =262.4*'6'!AA52 -> 0 | AB53: VOLUME | AC53: ='6'!AC52*277.7 -> 0 | AD53: VOLUME | AE53: 0 | AI53: ALTURA | AJ53: 0 | AK53: ALTURA | AM53: ALTURA
X54: Densidade | Y54: ='6'!AS7 -> 1.377 | Z54: Densidade | AA54: ='6'!Y54 -> 1.377 | AB54: Densidade | AC54: ='6'!Y54 -> 1.377 | AD54: Densidade | AE54: ='6'!Y54 -> 1.377 | AF54: Peso Total (Kg) | AG54: =SUM('6'!Y55,'6'!AA55,'6'!AC55,'6'!AE55) -> 0 | AI54: VOLUME | AJ54: ='6'!AJ53*275.3 -> 0 | AK54: VOLUME | AL54: =262.4*'6'!AL53 -> 0 | AM54: VOLUME | AN54: ='6'!AN53*277.7 -> 0
O55: Nº de amostras de água tratada para PH | R55: Nº de amostras de água tratada dentro dos padrões de PH | X55: Peso(Kg) | Y55: ='6'!Y53*'6'!Y54 -> 0 | Z55: Peso(Kg) | AA55: ='6'!AA53*'6'!AA54 -> 0 | AB55: Peso(Kg) | AC55: ='6'!AC53*'6'!AC54 -> 0 | AD55: Peso(Kg) | AE55: ='6'!AE53*'6'!AE54 -> 0 | AI55: Densidade | AJ55: ='6'!Y54 -> 1.377 | AK55: Densidade | AL55: ='6'!AJ55 -> 1.377 | AM55: Densidade | AN55: ='6'!AJ55 -> 1.377
AI56: Peso(Kg) | AJ56: ='6'!AJ54*'6'!AJ55 -> 0 | AK56: Peso(Kg) | AL56: ='6'!AL54*'6'!AL55 -> 0 | AM56: Peso(Kg) | AN56: ='6'!AN54*'6'!AN55 -> 0
O57: =COUNTA('6'!N7:N18) -> 12 | R57: =COUNTIF('6'!N7:N18,">=6") -> 12
X58: ESTOQUE DE CLORO
AI59: CONTROLE DIÁRIO DO CONSUMO DE COAGULANTE
X60: Carretas com Cloro | AB60: Cilindros com Cloro | AI60: CLORETO DE POLIALUMÍNIO | AN60: SULFATO DE ALUMÍNIO
AI61: CONSUMO REAL | AL61: ='6'!AJ56+'6'!AL56+'6'!AN56 -> 0 | AN61: CONSUMO REAL | AQ61: =AJ49+AL49+AN49 -> 0
X62: Recebido | AB62: Recebido | AI62: CONSUMO TEÓRICO | AL62: =AA33 -> 0 | AN62: CONSUMO TEÓRICO | AQ62: =AA32 -> 30004.8
X63: Peso(kg) | AB63: Peso(kg) | AC63: 0 | AI63: DIFERENÇA | AL63: ='6'!AL61-'6'!AL62 -> 0 | AN63: DIFERENÇA | AQ63: =AQ61-AQ62 -> -30004.8
AC64: 0
X65: Saldo anterior (kg) | Y65: ='5'!$Y$68 -> -11076.314 | AB65: Saldo anterior (kg) | AC65: ='5'!$AC$68 -> -510.75
X66: Consumido | AB66: Consumido
X67: Peso(kg) | Y67: =SUM('6'!AK38,'6'!AP38) -> 1814.1083 | AB67: Peso(kg) | AC67: =SUM('6'!AM38,'6'!AR38) -> 567.5
X68: Saldo(kg) | Y68: =SUM('6'!Y63,'6'!Y65)-'6'!Y67 -> -12890.422 | AB68: Saldo(kg) | AC68: =SUM('6'!AC63,'6'!AC65)-'6'!AC67-'6'!AC64 -> -1078.25

Sheet 7
D2: CONTROLE DE ANÁLISE FÍSICO - QUÍMICAS \ ETA CASTELO BRANCO | AB2: CONTROLE DE PRODUTOS QUÍMICOS APLICADOS \ ETA CASTELO BRANCO
A4: HORA | B4: COR (Uc) | F4: TURBIDEZ (Ut) | K4: Ph | O4: CLORO RESIDUAL (mg/L) | R4: DOSAGEM DO COAGULANTE | T4: VAZÃO DA ETA | U4: TIPO DE COAGULANTE | V4: TÉCNICO | X4: Hora | Y4: Vazão ETA (l/s) | Z4: Vazão Coagulante (l/h) | AA4: Código | AB4: Dosagem (mg/l) | AC4: Vazão Polímero (l/h) | AD4: Dosagem (mg/l) | AE4: Pré 1 (Lib/dia) | AF4: Pré 1 (Kg/h) | AG4: Pré 2 (Lib/dia) | AH4: Pré 2 (Kg/h) | AI4: Pós (Lib/dia) | AJ4: Pós (Kg/h) | AK4: Pré 1 (Lib/dia) cilindros | AL4: Pré 1 (Kg/h) cilindros | AM4: Pré 2 (Lib/dia) cilindros | AN4: Pré 2 (Kg/h) cilindros | AO4: Pós (Lib/dia) cilindros | AP4: Pós (Kg/h) cilindros | AQ4: COAGULANTE | AU4: Tempo de Utilização (h)
AQ5: Codigo | AR5: Nome | AS5: d (g/ml) | AT5: C (%)
B6: Bruta | C6: DEC_1 | D6: DEC_2 | E6: TRAT | F6: Bruta | G6: DEC_1 | H6: DEC_2 | I6: TRAT | J6: FILT | K6: Bruta | L6: DEC_1 | M6: DEC_2 | N6: TRAT | O6: TRAT | P6: DEC_1 | Q6: DEC_2 | R6: L/h | S6: mg/l | T6: L/s | X6: 0.041666667 | Y6: 2735 | Z6: 940 | AA6: 1 | AB6: =IF('6'!AA11=1,(('6'!Z11*'6'!$AS$6*'6'!$AT$6)/('6'!Y11*0.0036)),IF('6'!AA11=2,(('6'!Z11*'6'!$AS$7*'6'!$AT$7)/('6'!Y11*0.0036)))) -> 63.557426 | AF6: =('7'!AE6/24)*0.454 -> 0 | AH6: =('7'!AG6/24)*0.454 -> 0 | AI6: 5200 | AJ6: =('7'!AI6/24)*0.454 -> 98.366667 | AL6: =('7'!AK6/24)*0.454 -> 0 | AN6: =('7'!AM6/24)*0.454 -> 0 | AP6: =('7'!AO6/24)*0.454 -> 0 | AQ6: 1 | AR6: S.A.L | AS6: 1.33 | AT6: 0.5 | AU6: 0
A7: 0 | B7: 60 | C7: 10 | D7: 12.5 | E7: 2.5 | F7: 8.8 | G7: 1.3 | H7: 1.7 | I7: 0.4 | J7: 0.4 | K7: 7.3 | L7: 6.7 | M7: 6.7 | N7: 6.5 | O7: 3 | R7: ='6'!$Z$29 -> 940 | S7: ='6'!$AB$29 -> 64.382235 | T7: ='6'!$Y$29 -> 2697 | U7: =IF('7'!AA6=1,'7'!AR6,'7'!AR7) -> S.A.L | V7: =ESCALA!$C$8 -> 0 | X7: 0.083333333 | Y7: 2703 | Z7: 940 | AA7: 1 | AB7: =IF('6'!AA12=1,(('6'!Z12*'6'!$AS$6*'6'!$AT$6)/('6'!Y12*0.0036)),IF('6'!AA12=2,(('6'!Z12*'6'!$AS$7*'6'!$AT$7)/('6'!Y12*0.0036)))) -> 63.371857 | AF7: =('7'!AE7/24)*0.454 -> 0 | AH7: =('7'!AG7/24)*0.454 -> 0 | AI7: 5200 | AJ7: =('7'!AI7/24)*0.454 -> 98.366667 | AL7: =('7'!AK7/24)*0.454 -> 0 | AN7: =('7'!AM7/24)*0.454 -> 0 | AP7: =('7'!AO7/24)*0.454 -> 0 | AQ7: 2 | AR7: PAC 18 | AS7: 1.377 | AT7: 1 | AU7: 24
A8: 0.083333333 | B8: 60 | C8: 10 | D8: 12.5 | E8: 2.5 | F8: 9 | G8: 1.4 | H8: 1.7 | I8: 0.4 | J8: 0.4 | K8: 7.3 | L8: 6.7 | M8: 6.7 | N8: 6.5 | O8: 3 | R8: =Z7 -> 940 | S8: =AB7 -> 63.371857 | T8: =Y7 -> 2703 | U8: =IF('7'!AA7=1,'7'!AR6,'7'!AR7) -> S.A.L | X8: 0.125 | Y8: 2694 | Z8: 940 | AA8: 1 | AB8: =IF('6'!AA13=1,(('6'!Z13*'6'!$AS$6*'6'!$AT$6)/('6'!Y13*0.0036)),IF('6'!AA13=2,(('6'!Z13*'6'!$AS$7*'6'!$AT$7)/('6'!Y13*0.0036)))) -> 63.603989 | AF8: =('7'!AE8/24)*0.454 -> 0 | AH8: =('7'!AG8/24)*0.454 -> 0 | AI8: 5200 | AJ8: =('7'!AI8/24)*0.454 -> 98.366667 | AL8: =('7'!AK8/24)*0.454 -> 0 | AN8: =('7'!AM8/24)*0.454 -> 0 | AP8: =('7'!AO8/24)*0.454 -> 0 | AQ8: Polímero Catiônico
A9: 0.16666667 | B9: 60 | C9: 10 | D9: 12.5 | E9: 2.5 | F9: 9.1 | G9: 1.4 | H9: 1.6 | I9: 0.4 | J9: 0.5 | K9: 7.3 | L9: 6.7 | M9: 6.7 | N9: 6.5 | O9: 3.2 | R9: =Z9 -> 940 | S9: =AB9 -> 63.767495 | T9: =Y9 -> 2698 | U9: =IF('7'!AA9=1,'7'!AR6,'7'!AR7) -> S.A.L | X9: 0.16666667 | Y9: 2698 | Z9: 940 | AA9: 1 | AB9: =IF('6'!AA14=1,(('6'!Z14*'6'!$AS$6*'6'!$AT$6)/('6'!Y14*0.0036)),IF('6'!AA14=2,(('6'!Z14*'6'!$AS$7*'6'!$AT$7)/('6'!Y14*0.0036)))) -> 63.767495 | AF9: =('7'!AE9/24)*0.454 -> 0 | AH9: =('7'!AG9/24)*0.454 -> 0 | AI9: 5200 | AJ9: =('7'!AI9/24)*0.454 -> 98.366667 | AL9: =('7'!AK9/24)*0.454 -> 0 | AN9: =('7'!AM9/24)*0.454 -> 0 | AP9: =('7'!AO9/24)*0.454 -> 0 | AQ9: Nome | AT9: C (%)
A10: 0.25 | B10: 60 | C10: 10 | D10: 12.5 | E10: 2.5 | F10: 9.1 | G10: 1.5 | H10: 1.6 | I10: 0.4 | J10: 0.5 | K10: 7.3 | L10: 6.7 | M10: 6.7 | N10: 6.5 | O10: 3.2 | R10: =Z11 -> 940 | S10: =AB11 -> 63.557426 | T10: =Y11 -> 2701 | U10: =IF('7'!AA11=1,'7'!AR6,'7'!AR7) -> S.A.L | X10: 0.20833333 | Y10: 2683 | Z10: 940 | AA10: 1 | AB10: =IF('6'!AA15=1,(('6'!Z15*'6'!$AS$6*'6'!$AT$6)/('6'!Y15*0.0036)),IF('6'!AA15=2,(('6'!Z15*'6'!$AS$7*'6'!$AT$7)/('6'!Y15*0.0036)))) -> 64.168104 | AF10: =('7'!AE10/24)*0.454 -> 0 | AH10: =('7'!AG10/24)*0.454 -> 0 | AI10: 5200 | AJ10: =('7'!AI10/24)*0.454 -> 98.366667 | AL10: =('7'!AK10/24)*0.454 -> 0 | AN10: =('7'!AM10/24)*0.454 -> 0 | AP10: =('7'!AO10/24)*0.454 -> 0 | AQ10: Aguapol 200 | AT10: 0.002
A11: 0.33333333 | B11: 60 | C11: 10 | D11: 12.5 | E11: 2.5 | F11: 8.8 | G11: 1.5 | H11: 1.7 | I11: 0.4 | J11: 0.5 | K11: 7.3 | L11: 6.7 | M11: 6.7 | N11: 6.5 | O11: 3.2 | R11: =Z13 -> 940 | S11: =AB13 -> 63.603989 | T11: =Y13 -> 2733 | U11: =IF('7'!AA13=1,'7'!AR6,'7'!AR7) -> S.A.L | X11: 0.25 | Y11: 2701 | Z11: 940 | AA11: 1 | AB11: =IF('6'!AA11=1,(('6'!Z11*'6'!$AS$6*'6'!$AT$6)/('6'!Y11*0.0036)),IF('6'!AA11=2,(('6'!Z11*'6'!$AS$7*'6'!$AT$7)/('6'!Y11*0.0036)))) -> 63.557426 | AF11: =('7'!AE11/24)*0.454 -> 0 | AH11: =('7'!AG11/24)*0.454 -> 0 | AI11: 5200 | AJ11: =('7'!AI11/24)*0.454 -> 98.366667 | AL11: =('7'!AK11/24)*0.454 -> 0 | AN11: =('7'!AM11/24)*0.454 -> 0 | AP11: =('7'!AO11/24)*0.454 -> 0
A12: 0.41666667 | B12: 60 | C12: 10 | D12: 12.5 | E12: 2.5 | F12: 8.6 | G12: 1.6 | H12: 1.8 | I12: 0.4 | J12: 0.5 | K12: 7.3 | L12: 6.7 | M12: 6.7 | N12: 6.5 | O12: 3.5 | R12: =Z15 -> 940 | S12: =AB15 -> 64.168104 | T12: =Y15 -> 2765 | U12: =IF('7'!AA15=1,'7'!AR6,'7'!AR7) -> S.A.L | V12: =ESCALA!$B$9 -> 0 | X12: 0.29166667 | Y12: 2710 | Z12: 940 | AA12: 1 | AB12: =IF('6'!AA12=1,(('6'!Z12*'6'!$AS$6*'6'!$AT$6)/('6'!Y12*0.0036)),IF('6'!AA12=2,(('6'!Z12*'6'!$AS$7*'6'!$AT$7)/('6'!Y12*0.0036)))) -> 63.371857 | AF12: =('7'!AE12/24)*0.454 -> 0 | AH12: =('7'!AG12/24)*0.454 -> 0 | AI12: 5200 | AJ12: =('7'!AI12/24)*0.454 -> 98.366667 | AL12: =('7'!AK12/24)*0.454 -> 0 | AN12: =('7'!AM12/24)*0.454 -> 0 | AP12: =('7'!AO12/24)*0.454 -> 0
A13: 0.5 | B13: 60 | C13: 10 | D13: 12.5 | E13: 2.5 | F13: 8.3 | G13: 1.6 | H13: 1.7 | I13: 0.4 | J13: 0.5 | K13: 7.3 | L13: 6.74 | M13: 6.7 | N13: 6.5 | O13: 3.5 | R13: =Z17 -> 940 | S13: =AB17 -> 61.269897 | T13: =Y17 -> 2770 | U13: =IF('7'!AA17=1,'7'!AR6,'7'!AR7) -> S.A.L | X13: 0.33333333 | Y13: 2733 | Z13: 940 | AA13: 1 | AB13: =IF('6'!AA13=1,(('6'!Z13*'6'!$AS$6*'6'!$AT$6)/('6'!Y13*0.0036)),IF('6'!AA13=2,(('6'!Z13*'6'!$AS$7*'6'!$AT$7)/('6'!Y13*0.0036)))) -> 63.603989 | AF13: =('7'!AE13/24)*0.454 -> 0 | AH13: =('7'!AG13/24)*0.454 -> 0 | AI13: 5200 | AJ13: =('7'!AI13/24)*0.454 -> 98.366667 | AL13: =('7'!AK13/24)*0.454 -> 0 | AN13: =('7'!AM13/24)*0.454 -> 0 | AP13: =('7'!AO13/24)*0.454 -> 0
A14: 0.58333333 | B14: 60 | C14: 10 | D14: 12.5 | E14: 2.5 | F14: 8.6 | G14: 1.6 | H14: 1.8 | I14: 0.4 | J14: 0.5 | K14: 7.3 | L14: 6.7 | M14: 6.7 | N14: 6.5 | O14: 3.5 | R14: =Z19 -> 940 | S14: =AB19 -> 63.325634 | T14: =Y19 -> 2702 | U14: =IF('7'!AA19=1,'7'!AR6,'7'!AR7) -> S.A.L | X14: 0.375 | Y14: 2759 | Z14: 940 | AA14: 1 | AB14: =IF('6'!AA14=1,(('6'!Z14*'6'!$AS$6*'6'!$AT$6)/('6'!Y14*0.0036)),IF('6'!AA14=2,(('6'!Z14*'6'!$AS$7*'6'!$AT$7)/('6'!Y14*0.0036)))) -> 63.767495 | AF14: =('7'!AE14/24)*0.454 -> 0 | AH14: =('7'!AG14/24)*0.454 -> 0 | AI14: 5200 | AJ14: =('7'!AI14/24)*0.454 -> 98.366667 | AL14: =('7'!AK14/24)*0.454 -> 0 | AN14: =('7'!AM14/24)*0.454 -> 0 | AP14: =('7'!AO14/24)*0.454 -> 0
A15: 0.66666667 | B15: 60 | C15: 10 | D15: 12.5 | E15: 2.5 | F15: 8.4 | G15: 1.5 | H15: 1.6 | I15: 0.4 | J15: 0.5 | K15: 7.3 | L15: 6.7 | M15: 6.7 | N15: 6.5 | O15: 3.5 | R15: =Z21 -> 940 | S15: =AB21 -> 61.793199 | T15: =Y21 -> 2715 | U15: =IF('7'!AA21=1,'7'!AR6,'7'!AR7) -> S.A.L | X15: 0.41666667 | Y15: 2765 | Z15: 940 | AA15: 1 | AB15: =IF('6'!AA15=1,(('6'!Z15*'6'!$AS$6*'6'!$AT$6)/('6'!Y15*0.0036)),IF('6'!AA15=2,(('6'!Z15*'6'!$AS$7*'6'!$AT$7)/('6'!Y15*0.0036)))) -> 64.168104 | AF15: =('7'!AE15/24)*0.454 -> 0 | AH15: =('7'!AG15/24)*0.454 -> 0 | AI15: 5200 | AJ15: =('7'!AI15/24)*0.454 -> 98.366667 | AL15: =('7'!AK15/24)*0.454 -> 0 | AN15: =('7'!AM15/24)*0.454 -> 0 | AP15: =('7'!AO15/24)*0.454 -> 0
A16: 0.75 | B16: 60 | C16: 10 | D16: 12.5 | E16: 2.5 | F16: 8.6 | G16: 1.4 | H16: 1.5 | I16: 0.4 | J16: 0.5 | K16: 7.3 | L16: 6.7 | M16: 6.7 | N16: 6.5 | O16: 3.5 | R16: =Z23 -> 940 | S16: =AB23 -> 62.392702 | T16: =Y23 -> 2715 | U16: =IF('7'!AA23=1,'7'!AR6,'7'!AR7) -> S.A.L | X16: 0.45833333 | Y16: 2555 | Z16: 940 | AA16: 1 | AB16: =IF('6'!AA16=1,(('6'!Z16*'6'!$AS$6*'6'!$AT$6)/('6'!Y16*0.0036)),IF('6'!AA16=2,(('6'!Z16*'6'!$AS$7*'6'!$AT$7)/('6'!Y16*0.0036)))) -> 62.392702 | AF16: =('7'!AE16/24)*0.454 -> 0 | AH16: =('7'!AG16/24)*0.454 -> 0 | AI16: 5200 | AJ16: =('7'!AI16/24)*0.454 -> 98.366667 | AL16: =('7'!AK16/24)*0.454 -> 0 | AN16: =('7'!AM16/24)*0.454 -> 0 | AP16: =('7'!AO16/24)*0.454 -> 0
A17: 0.83333333 | B17: 60 | C17: 10 | D17: 10 | E17: 2.5 | F17: 7.5 | G17: 1.3 | H17: 1.3 | I17: 0.4 | J17: 0.4 | K17: 7.3 | L17: 6.6 | M17: 6.6 | N17: 6.3 | O17: 3.5 | R17: =Z25 -> 940 | S17: =AB25 -> 62.798875 | T17: =Y25 -> 2749 | U17: =IF('7'!AA25=1,'7'!AR6,'7'!AR7) -> S.A.L | V17: =ESCALA!$C$9 -> 0 | X17: 0.5 | Y17: 2770 | Z17: 940 | AA17: 1 | AB17: =IF('6'!AA17=1,(('6'!Z17*'6'!$AS$6*'6'!$AT$6)/('6'!Y17*0.0036)),IF('6'!AA17=2,(('6'!Z17*'6'!$AS$7*'6'!$AT$7)/('6'!Y17*0.0036)))) -> 61.269897 | AF17: =('7'!AE17/24)*0.454 -> 0 | AH17: =('7'!AG17/24)*0.454 -> 0 | AI17: 5200 | AJ17: =('7'!AI17/24)*0.454 -> 98.366667 | AL17: =('7'!AK17/24)*0.454 -> 0 | AN17: =('7'!AM17/24)*0.454 -> 0 | AP17: =('7'!AO17/24)*0.454 -> 0
A18: 0.91666667 | B18: 60 | C18: 10 | D18: 10 | E18: 2.5 | F18: 7.5 | G18: 1.3 | H18: 1.3 | I18: 0.4 | J18: 0.4 | K18: 7.3 | L18: 6.6 | M18: 6.6 | N18: 6.3 | O18: 3.3 | R18: =Z27 -> 940 | S18: =AB27 -> 63.580699 | T18: =Y27 -> 2725 | U18: =IF('7'!AA27=1,'7'!AR6,'7'!AR7) -> S.A.L | X18: 0.54166667 | Y18: 2771 | Z18: 940 | AA18: 1 | AB18: =IF('6'!AA18=1,(('6'!Z18*'6'!$AS$6*'6'!$AT$6)/('6'!Y18*0.0036)),IF('6'!AA18=2,(('6'!Z18*'6'!$AS$7*'6'!$AT$7)/('6'!Y18*0.0036)))) -> 63.650619 | AF18: =('7'!AE18/24)*0.454 -> 0 | AH18: =('7'!AG18/24)*0.454 -> 0 | AI18: 5200 | AJ18: =('7'!AI18/24)*0.454 -> 98.366667 | AL18: =('7'!AK18/24)*0.454 -> 0 | AN18: =('7'!AM18/24)*0.454 -> 0 | AP18: =('7'!AO18/24)*0.454 -> 0
A19: Média | B19: {=IF('7'!B7:B18>0.01,AVERAGE('7'!B7:B18),"")} -> 60 | C19: {=IF('7'!C7:C18>0.01,AVERAGE('7'!C7:C18),"")} -> 10 | D19: {=IF('7'!D7:D18>0.01,AVERAGE('7'!D7:D18),"")} -> 12.083333 | E19: {=IF('7'!E7:E18>0.01,AVERAGE('7'!E7:E18),"")} -> 2.5 | F19: {=IF('7'!F7:F18>0.01,AVERAGE('7'!F7:F18),"")} -> 8.525 | G19: {=IF('7'!G7:G18>0.01,AVERAGE('7'!G7:G18),"")} -> 1.45 | H19: {=IF('7'!H7:H18>0.01,AVERAGE('7'!H7:H18),"")} -> 1.6083333 | I19: {=IF('7'!I7:I18>0.01,AVERAGE('7'!I7:I18),"")} -> 0.4 | ... S19: {=IF('7'!S7:S18>0.01,AVERAGE('7'!S7:S18),"")} -> 63.167676 | X19: 0.58333333 | Y19: 2702 | Z19: 940 | AA19: 1 | AB19: =IF('6'!AA19=1,(('6'!Z19*'6'!$AS$6*'6'!$AT$6)/('6'!Y19*0.0036)),IF('6'!AA19=2,(('6'!Z19*'6'!$AS$7*'6'!$AT$7)/('6'!Y19*0.0036)))) -> 63.325634 | AF19: =('7'!AE19/24)*0.454 -> 0 | AH19: =('7'!AG19/24)*0.454 -> 0 | AI19: 5200 | AJ19: =('7'!AI19/24)*0.454 -> 98.366667 | AL19: =('7'!AK19/24)*0.454 -> 0 | AN19: =('7'!AM19/24)*0.454 -> 0 | AP19: =('7'!AO19/24)*0.454 -> 0
A20: Máximo | B20: =MAX('7'!B7:B18) -> 60 | C20: =MAX('7'!C7:C18) -> 10 | D20: =MAX('7'!D7:D18) -> 12.5 | E20: =MAX('7'!E7:E18) -> 2.5 | F20: =MAX('7'!F7:F18) -> 9.1 | G20: =MAX('7'!G7:G18) -> 1.6 | H20: =MAX('7'!H7:H18) -> 1.8 | I20: =MAX('7'!I7:I18) -> 0.4 | ... S20: =MAX('7'!S7:S18) -> 64.382235 | X20: 0.625 | Y20: 2761 | Z20: 940 | AA20: 1 | AB20: =IF('6'!AA20=1,(('6'!Z20*'6'!$AS$6*'6'!$AT$6)/('6'!Y20*0.0036)),IF('6'!AA20=2,(('6'!Z20*'6'!$AS$7*'6'!$AT$7)/('6'!Y20*0.0036)))) -> 61.815197 | AF20: =('7'!AE20/24)*0.454 -> 0 | AH20: =('7'!AG20/24)*0.454 -> 0 | AI20: 5200 | AJ20: =('7'!AI20/24)*0.454 -> 98.366667 | AL20: =('7'!AK20/24)*0.454 -> 0 | AN20: =('7'!AM20/24)*0.454 -> 0 | AP20: =('7'!AO20/24)*0.454 -> 0
A21: Mínimo | B21: =MIN('7'!B7:B18) -> 60 | C21: =MIN('7'!C7:C18) -> 10 | D21: =MIN('7'!D7:D18) -> 10 | E21: =MIN('7'!E7:E18) -> 2.5 | F21: =MIN('7'!F7:F18) -> 7.5 | G21: =MIN('7'!G7:G18) -> 1.3 | H21: =MIN('7'!H7:H18) -> 1.3 | I21: =MIN('7'!I7:I18) -> 0.4 | ... S21: =MIN('7'!S7:S18) -> 61.269897 | X21: 0.66666667 | Y21: 2715 | Z21: 940 | AA21: 1 | AB21: =IF('6'!AA21=1,(('6'!Z21*'6'!$AS$6*'6'!$AT$6)/('6'!Y21*0.0036)),IF('6'!AA21=2,(('6'!Z21*'6'!$AS$7*'6'!$AT$7)/('6'!Y21*0.0036)))) -> 61.793199 | AF21: =('7'!AE21/24)*0.454 -> 0 | AH21: =('7'!AG21/24)*0.454 -> 0 | AI21: 5200 | AJ21: =('7'!AI21/24)*0.454 -> 98.366667 | AL21: =('7'!AK21/24)*0.454 -> 0 | AN21: =('7'!AM21/24)*0.454 -> 0 | AP21: =('7'!AO21/24)*0.454 -> 0
R22: Total | X22: 0.70833333 | Y22: 2718 | Z22: 940 | AA22: 1 | AB22: =IF('6'!AA22=1,(('6'!Z22*'6'!$AS$6*'6'!$AT$6)/('6'!Y22*0.0036)),IF('6'!AA22=2,(('6'!Z22*'6'!$AS$7*'6'!$AT$7)/('6'!Y22*0.0036)))) -> 64.334527 | AF22: =('7'!AE22/24)*0.454 -> 0 | AH22: =('7'!AG22/24)*0.454 -> 0 | AI22: 5200 | AJ22: =('7'!AI22/24)*0.454 -> 98.366667 | AL22: =('7'!AK22/24)*0.454 -> 0 | AN22: =('7'!AM22/24)*0.454 -> 0 | AP22: =('7'!AO22/24)*0.454 -> 0
A23: TURBIDEZ DOS FILTROS DA 1ª E 2ª ETAPAS | S23: Litros | X23: 0.75 | Y23: 2715 | Z23: 940 | AA23: 1 | AB23: =IF('6'!AA23=1,(('6'!Z23*'6'!$AS$6*'6'!$AT$6)/('6'!Y23*0.0036)),IF('6'!AA23=2,(('6'!Z23*'6'!$AS$7*'6'!$AT$7)/('6'!Y23*0.0036)))) -> 62.392702 | AF23: =('7'!AE23/24)*0.454 -> 0 | AH23: =('7'!AG23/24)*0.454 -> 0 | AI23: 5200 | AJ23: =('7'!AI23/24)*0.454 -> 98.366667 | AL23: =('7'!AK23/24)*0.454 -> 0 | AN23: =('7'!AM23/24)*0.454 -> 0 | AP23: =('7'!AO23/24)*0.454 -> 0
A24: HORA | B24: 1 | C24: 2 | D24: 3 | E24: 4 | F24: 5 | G24: 6 | H24: 7 | I24: 8 | J24: 9 | K24: 10 | L24: 11 | M24: 12 | N24: 13 | O24: 14 | P24: 15 | Q24: 16 | R24: 0 | S24: Kilos | X24: 0.79166667 | Y24: 2800 | Z24: 940 | AA24: 1 | AB24: =IF('6'!AA24=1,(('6'!Z24*'6'!$AS$6*'6'!$AT$6)/('6'!Y24*0.0036)),IF('6'!AA24=2,(('6'!Z24*'6'!$AS$7*'6'!$AT$7)/('6'!Y24*0.0036)))) -> 62.258476 | AF24: =('7'!AE24/24)*0.454 -> 0 | AH24: =('7'!AG24/24)*0.454 -> 0 | AI24: 5200 | AJ24: =('7'!AI24/24)*0.454 -> 98.366667 | AL24: =('7'!AK24/24)*0.454 -> 0 | AN24: =('7'!AM24/24)*0.454 -> 0 | AP24: =('7'!AO24/24)*0.454 -> 0
A25: 0.41666667 | B25: * | C25: 0.42 | D25: 0.44 | E25: 0.38 | F25: 0.47 | G25: 0.4 | H25: 0.42 | I25: 0.4 | J25: * | K25: 0.33 | L25: 0.36 | M25: 0.31 | N25: 0.28 | O25: 0.27 | P25: 0.29 | Q25: * | T25: DATA | U25: =ESCALA!$A$10 -> 43898 | X25: 0.83333333 | Y25: 2749 | Z25: 940 | AA25: 1 | AB25: =IF('6'!AA25=1,(('6'!Z25*'6'!$AS$6*'6'!$AT$6)/('6'!Y25*0.0036)),IF('6'!AA25=2,(('6'!Z25*'6'!$AS$7*'6'!$AT$7)/('6'!Y25*0.0036)))) -> 62.798875 | AF25: =('7'!AE25/24)*0.454 -> 0 | AH25: =('7'!AG25/24)*0.454 -> 0 | AI25: 3000 | AJ25: =('7'!AI25/24)*0.454 -> 56.75 | AK25: 1250 | AL25: =('7'!AK25/24)*0.454 -> 23.645833 | AM25: 1250 | AN25: =('7'!AM25/24)*0.454 -> 23.645833 | AP25: =('7'!AO25/24)*0.454 -> 0
A26: 0.66666667 | X26: 0.875 | Y26: 2724 | Z26: 940 | AA26: 1 | AB26: =IF('6'!AA26=1,(('6'!Z26*'6'!$AS$6*'6'!$AT$6)/('6'!Y26*0.0036)),IF('6'!AA26=2,(('6'!Z26*'6'!$AS$7*'6'!$AT$7)/('6'!Y26*0.0036)))) -> 63.141414 | AF26: =('7'!AE26/24)*0.454 -> 0 | AH26: =('7'!AG26/24)*0.454 -> 0 | AI26: 3000 | AJ26: =('7'!AI26/24)*0.454 -> 56.75 | AK26: 1250 | AL26: =('7'!AK26/24)*0.454 -> 23.645833 | AM26: 1250 | AN26: =('7'!AM26/24)*0.454 -> 23.645833 | AP26: =('7'!AO26/24)*0.454 -> 0
A27: Média | B27: =#DIV/0! -> #DIV/0! | C27: =#DIV/0! -> #DIV/0! | D27: =#DIV/0! -> #DIV/0! | E27: =#DIV/0! -> #DIV/0! | F27: =#DIV/0! -> #DIV/0! | G27: =#DIV/0! -> #DIV/0! | H27: =#DIV/0! -> #DIV/0! | I27: =#DIV/0! -> #DIV/0! | ... Q27: =#DIV/0! -> #DIV/0! | X27: 0.91666667 | Y27: 2725 | Z27: 940 | AA27: 1 | AB27: =IF('6'!AA27=1,(('6'!Z27*'6'!$AS$6*'6'!$AT$6)/('6'!Y27*0.0036)),IF('6'!AA27=2,(('6'!Z27*'6'!$AS$7*'6'!$AT$7)/('6'!Y27*0.0036)))) -> 63.580699 | AF27: =('7'!AE27/24)*0.454 -> 0 | AH27: =('7'!AG27/24)*0.454 -> 0 | AI27: 3000 | AJ27: =('7'!AI27/24)*0.454 -> 56.75 | AK27: 1250 | AL27: =('7'!AK27/24)*0.454 -> 23.645833 | AM27: 1250 | AN27: =('7'!AM27/24)*0.454 -> 23.645833 | AP27: =('7'!AO27/24)*0.454 -> 0
A28: OBSERVAÇÕES | X28: 0.95833333 | Y28: 2746 | Z28: 940 | AA28: 1 | AB28: =IF('6'!AA28=1,(('6'!Z28*'6'!$AS$6*'6'!$AT$6)/('6'!Y28*0.0036)),IF('6'!AA28=2,(('6'!Z28*'6'!$AS$7*'6'!$AT$7)/('6'!Y28*0.0036)))) -> 63.164383 | AF28: =('7'!AE28/24)*0.454 -> 0 | AH28: =('7'!AG28/24)*0.454 -> 0 | AI28: 3000 | AJ28: =('7'!AI28/24)*0.454 -> 56.75 | AK28: 1250 | AL28: =('7'!AK28/24)*0.454 -> 23.645833 | AM28: 1250 | AN28: =('7'!AM28/24)*0.454 -> 23.645833 | AP28: =('7'!AO28/24)*0.454 -> 0
X29: 1 | Y29: 2702 | Z29: 940 | AA29: 1 | AB29: =IF('6'!AA29=1,(('6'!Z29*'6'!$AS$6*'6'!$AT$6)/('6'!Y29*0.0036)),IF('6'!AA29=2,(('6'!Z29*'6'!$AS$7*'6'!$AT$7)/('6'!Y29*0.0036)))) -> 64.382235 | AF29: =('7'!AE29/24)*0.454 -> 0 | AH29: =('7'!AG29/24)*0.454 -> 0 | AI29: 3000 | AJ29: =('7'!AI29/24)*0.454 -> 56.75 | AK29: 1250 | AL29: =('7'!AK29/24)*0.454 -> 23.645833 | AM29: 1250 | AN29: =('7'!AM29/24)*0.454 -> 23.645833 | AP29: =('7'!AO29/24)*0.454 -> 0
X30: Total | Y30: =SUM('7'!Y6:Y29)*3.6 -> 235202.4 | Z30: =SUM('7'!Z6:Z29) -> 22560 | AF30: =SUM('7'!AF6:AF29) -> 0 | AH30: =SUM('7'!AH6:AH29) -> 0 | AJ30: =SUM('7'!AJ6:AJ29) -> 2152.7167 | AL30: =SUM('7'!AL6:AL29) -> 118.22917 | AN30: =SUM('7'!AN6:AN29) -> 118.22917 | AP30: =SUM('7'!AP6:AP29) -> 0
X32: S.A.L (l) - (kg) | Z32: =SUMIF('7'!AA6:AA29,"=1",'7'!Z6:Z29) -> 22560 | AA32: ='7'!Z32*'7'!AS6 -> 30004.8 | AB32: =SUMIF('7'!$AA$6:$AA$29,"=1",'7'!$AB$6:$AB$29)/COUNTIF('7'!$AA$6:$AA$29,"=1") -> 63.218263 | AC32: =SUMIF('7'!AA6:AA29,"=1",'7'!AC6:AC29) -> 0
X33: PAC 18 (l) - (kg) | Z33: =SUMIF('7'!AA6:AA29,"=2",'7'!Z6:Z29) -> 0 | AA33: ='7'!Z33*'7'!AS7 -> 0 | AB33: =SUMIF('7'!$AA$6:$AA$29,"=2",'7'!$AB$6:$AB$29)/COUNTIF('7'!$AA$6:$AA$29,"=2") -> #DIV/0! | AC33: =SUMIF('7'!AA6:AA29,"=2",'7'!AC6:AC29) -> 0
X34: Média | Y34: =AVERAGE('7'!Y6:Y29) -> 2722.25 | Z34: =AVERAGE('7'!Z6:Z29) -> 940 | AC34: =SUM('7'!AC6:AC29)/COUNTIF('7'!AC6:AC29,"<>0") -> 0 | AD34: =SUM('7'!AD6:AD29)/COUNTIF('7'!AD6:AD29,"<>0") -> 0 | AF34: =AVERAGE('7'!AF6:AF29) -> 0 | AH34: =AVERAGE('7'!AH6:AH29) -> 0 | AJ34: ='7'!AJ30/24 -> 89.696528 | AL34: =AVERAGE('7'!AL6:AL29) -> 4.9262153 | AN34: =AVERAGE('7'!AN6:AN29) -> 4.9262153 | AP34: =AVERAGE('7'!AP6:AP29) -> 0
C35: Alcalinidade (mg/L) | F35: Ferro (mg/L) | I35: Manganês (mg/L) | L35: Alumínio (mg/L) | U35: TÉCNICO | X35: Decantadores | AA35: Filtros | AJ35: CLORAÇÃO INTERMEDIÁRIA | AO35: PÓS CLORAÇÃO
B36: HORA | C36: Bruta | D36: Dec. | E36: Trat (R-3) | F36: Bruta | G36: Filt. | H36: Trat (R-3) | I36: Bruta | J36: Filt. | K36: Trat (R-3) | L36: Trat (R-3) | X36: Lavados | Y36: 1 | AA36: Lavados | AB36: 7
B37: 0.33333333 | C37: 82.7 | D37: 54.5 | E37: 48.4 | F37: 0.8 | G37: 0.2 | H37: 0 | I37: 0.1 | J37: 0.06 | K37: 0.03 | L37: 0.05 | U37: ='7'!V12 -> 0 | X37: HORAS OPERANDO | Z37: =COUNTA('7'!Z6:Z29) -> 24 | AJ37: CARRETA | AL37: CILINDROS | AO37: CARRETA | AQ37: CILINDROS
B38: 0.66666667 | AJ38: CONSUMO | AK38: =SUM('7'!AF30+'7'!AH30) -> 0 | AL38: CONSUMO | AM38: =SUM('7'!AL30+'7'!AN30) -> 236.45833 | AO38: CONSUMO | AP38: ='7'!AJ30 -> 2152.7167 | AQ38: CONSUMO | AR38: ='7'!AP30 -> 0
A39: Nº amostras de água TRATADA | C39: Nº amostras de água FILTRADA | E39: Nº amostras de água tratada/filtrada FORA DO PADRÃO | J39: Nº amostras de água tratada/filtrada no PADRÃO | O39: Nº de amostras com turbidez menor ou igual a 0,5 NTU | R39: ÁGUA FILTRADA | S39: Nº de amostras com turbidez menor ou igual a 1,0 NTU | AJ39: DOSAGEM | AK39: =('7'!AK38/'7'!Y30)*1000 -> 0 | AL39: DOSAGEM | AM39: =('7'!AM38/'7'!Y30)*1000 -> 1.0053398 | AO39: DOSAGEM | AP39: =('7'!AP38/'7'!Y30)*1000 -> 9.1526135 | AQ39: DOSAGEM | AR39: =('7'!AR38/'7'!Y30)*1000 -> 0
A40: COR | B40: TURBIDEZ | C40: TURBIDEZ | E40: COR | G40: TURBIDEZ | J40: COR | L40: TURBIDEZ | X40: ESTOQUE DE COAGULANTE | AJ40: Consumo Total | AL40: =SUM('7'!AK38,'7'!AM38) -> 236.45833 | AO40: Consumo Total | AQ40: =SUM('7'!AP38,'7'!AR38) -> 2152.7167
A41: =COUNTA('7'!E7:E18) -> 12 | B41: =COUNTA('7'!I7:I18) -> 12 | C41: =COUNTA('7'!J7:J18) -> 12 | D41: =COUNTA('7'!K7:K18) -> 12 | E41: =COUNTIF('7'!E7:E18,">15") -> 0 | G41: =COUNTIF('7'!J7:J18,">1") -> 0 | J41: ='7'!A41-'7'!E41 -> 12 | L41: ='7'!C41-'7'!G41 -> 12 | O41: =COUNTIF('7'!J7:J18,"<=0,5") -> 12 | S41: =COUNTIF('7'!J7:J18,"<=1,0") -> 12 | AJ41: Dosagem Final | AL41: =SUM(('7'!AK38+'7'!AM38)/'7'!Y30)*1000 -> 1.0053398 | AO41: Dosagem Final | AQ41: =SUM(('7'!AP38+'7'!AR38)/'7'!Y30)*1000 -> 9.1526135
O42: ÁGUA FILTRATADA | X42: SULFATO DE ALUMÍNIO
H43: Nº de amostras água tratada com turbidez <= 5,0 NTU | L43: Nº de amostras água tratada para aluminio | Q43: Nº de amostras com turbidez entre 0,5 e 1,0 NTU | X43: TINA 01 | Z43: TINA 02 | AB43: TINA 03 | AD43: TANQUE
X44: ALTURA | Y44: 140 | Z44: ALTURA | AB44: ALTURA | AC44: 140 | AF44: Volume total (L) | AG44: =SUM('7'!Y45,'7'!AA45,'7'!AC45,'7'!AE45) -> 197420 | AI44: CONSUMO DE SULFATO DE ALUMÍNIO ÀS 24:00hs
H45: =COUNTIF('7'!I7:I18,"<=5,0") -> 12 | L45: =COUNTA('7'!L37) -> 1 | Q45: ='7'!S41-'7'!O41 -> 0 | X45: VOLUME | Y45: ='7'!Y44*275.3 -> 38542 | Z45: VOLUME | AA45: =262.4*'7'!AA44 -> 0 | AB45: VOLUME | AC45: ='7'!AC44*277.7 -> 38878 | AD45: VOLUME | AE45: 120000 | AI45: TINA 01 | AK45: TINA 02 | AM45: TINA 03
X46: Densidade | Y46: ='7'!AS6 -> 1.33 | Z46: Densidade | AA46: 0.1 | AB46: Densidade | AC46: ='7'!Y46 -> 1.33 | AD46: Densidade | AE46: ='7'!Y46 -> 1.33 | AF46: Peso Total (Kg) | AG46: =SUM('7'!Y47,'7'!AA47,'7'!AC47,'7'!AE47) -> 262568.6 | AI46: ALTURA | AJ46: 31 | AK46: ALTURA | AM46: ALTURA | AN46: 49
O47: ÁGUA TRATADA - CLORO RESIDUAL | X47: Peso(Kg) | Y47: ='7'!Y45*'7'!Y46 -> 51260.86 | Z47: Peso(Kg) | AA47: ='7'!AA45*'7'!AA46 -> 0 | AB47: Peso(Kg) | AC47: ='7'!AC45*'7'!AC46 -> 51707.74 | AD47: Peso(Kg) | AE47: ='7'!AE45*'7'!AE46 -> 159600 | AI47: VOLUME | AJ47: ='7'!AJ46*275.3 -> 8534.3 | AK47: VOLUME | AL47: =262.4*'7'!AL46 -> 0 | AM47: VOLUME | AN47: ='7'!AN46*277.7 -> 13607.3
AI48: Densidade | AJ48: ='7'!Y46 -> 1.33 | AK48: Densidade | AL48: ='7'!AJ48 -> 1.33 | AM48: Densidade | AN48: ='7'!AJ48 -> 1.33
O49: Nº de amostras de água tratada para cloro residual | R49: Nº de amostras de água tratada dentro dos padrões de cloro residual | AI49: Peso(Kg) | AJ49: ='7'!AJ47*'7'!AJ48 -> 11350.619 | AK49: Peso(Kg) | AL49: ='7'!AL47*'7'!AL48 -> 0 | AM49: Peso(Kg) | AN49: ='7'!AN47*'7'!AN48 -> 18097.709
X50: PAC - 18
O51: =COUNTA('7'!O7:O18) -> 12 | P51: =COUNTA('7'!W17:W28) -> 0 | R51: =COUNTIF('7'!O7:O18,">=0,5") -> 12 | X51: TINA 01 | Z51: TINA 02 | AB51: TINA 03 | AD51: TANQUE | AI51: CONSUMO DE PAC ÀS 24:00hs
X52: ALTURA | Z52: ALTURA | AB52: ALTURA | AF52: Volume total (L) | AG52: =SUM('7'!Y53,'7'!AA53,'7'!AC53,'7'!AE53) -> 0 | AI52: TINA 01 | AK52: TINA 02 | AM52: TINA 03
O53: ÁGUA TRATADA - PH | X53: VOLUME | Y53: ='7'!Y52*275.3 -> 0 | Z53: VOLUME | AA53: =262.4*'7'!AA52 -> 0 | AB53: VOLUME | AC53: ='7'!AC52*277.7 -> 0 | AD53: VOLUME | AE53: 0 | AI53: ALTURA | AK53: ALTURA | AM53: ALTURA | AN53: 85
X54: Densidade | Y54: ='7'!AS7 -> 1.377 | Z54: Densidade | AA54: ='7'!Y54 -> 1.377 | AB54: Densidade | AC54: ='7'!Y54 -> 1.377 | AD54: Densidade | AE54: ='7'!Y54 -> 1.377 | AF54: Peso Total (Kg) | AG54: =SUM('7'!Y55,'7'!AA55,'7'!AC55,'7'!AE55) -> 0 | AI54: VOLUME | AJ54: ='7'!AJ53*275.3 -> 0 | AK54: VOLUME | AL54: =262.4*'7'!AL53 -> 0 | AM54: VOLUME | AN54: ='7'!AN53*277.7 -> 23604.5
O55: Nº de amostras de água tratada para PH | R55: Nº de amostras de água tratada dentro dos padrões de PH | X55: Peso(Kg) | Y55: ='7'!Y53*'7'!Y54 -> 0 | Z55: Peso(Kg) | AA55: ='7'!AA53*'7'!AA54 -> 0 | AB55: Peso(Kg) | AC55: ='7'!AC53*'7'!AC54 -> 0 | AD55: Peso(Kg) | AE55: ='7'!AE53*'7'!AE54 -> 0 | AI55: Densidade | AJ55: ='7'!Y54 -> 1.377 | AK55: Densidade | AL55: ='7'!AJ55 -> 1.377 | AM55: Densidade | AN55: ='7'!AJ55 -> 1.377
AI56: Peso(Kg) | AJ56: ='7'!AJ54*'7'!AJ55 -> 0 | AK56: Peso(Kg) | AL56: ='7'!AL54*'7'!AL55 -> 0 | AM56: Peso(Kg) | AN56: ='7'!AN54*'7'!AN55 -> 32503.396
O57: =COUNTA('7'!N7:N18) -> 12 | R57: =COUNTIF('7'!N7:N18,">=6") -> 12
X58: ESTOQUE DE CLORO
AI59: CONTROLE DIÁRIO DO CONSUMO DE COAGULANTE
X60: Carretas com Cloro | AB60: Cilindros com Cloro | AI60: CLORETO DE POLIALUMÍNIO | AN60: SULFATO DE ALUMÍNIO
AI61: CONSUMO REAL | AL61: ='7'!AJ56+'7'!AL56+'7'!AN56 -> 32503.396 | AN61: CONSUMO REAL | AQ61: ='7'!AJ49+'7'!AL49+'7'!AN49 -> 29448.328
X62: Recebido | AB62: Recebido | AI62: CONSUMO TEÓRICO | AL62: =AA33 -> 0 | AN62: CONSUMO TEÓRICO | AQ62: ='7'!AA32 -> 30004.8
X63: Peso(kg) | AB63: Peso(kg) | AI63: DIFERENÇA | AL63: ='7'!AL61-'7'!AL62 -> 32503.396 | AN63: DIFERENÇA | AQ63: ='7'!AQ61-'7'!AQ62 -> -556.472
X65: Saldo anterior (kg) | AB65: Saldo anterior (kg)
X66: Consumido | AB66: Consumido
X67: Peso(kg) | AB67: Peso(kg) | AC67: =SUM('7'!AM38,'7'!AR38) -> 236.45833
X68: Saldo(kg) | Y68: =SUM('7'!Y63,'7'!Y65)-'7'!Y67 -> 0 | AB68: Saldo(kg) | AC68: =SUM('7'!AC63,'7'!AC65)-'7'!AC67 -> -236.45833

Sheet 8
D2: CONTROLE DE ANÁLISE FÍSICO - QUÍMICAS \ ETA CASTELO BRANCO | AB2: CONTROLE DE PRODUTOS QUÍMICOS APLICADOS \ ETA CASTELO BRANCO
A4: HORA | B4: COR (Uc) | F4: TURBIDEZ (Ut) | K4: Ph | O4: CLORO RESIDUAL (mg/L) | R4: DOSAGEM DO COAGULANTE | T4: VAZÃO DA ETA | U4: TIPO DE COAGULANTE | V4: TÉCNICO | X4: Hora | Y4: Vazão ETA (l/s) | Z4: Vazão Coagulante (l/h) | AA4: Código | AB4: Dosagem (mg/l) | AC4: Vazão Polímero (l/h) | AD4: Dosagem (mg/l) | AE4: Pré 1 (Lib/dia) | AF4: Pré 1 (Kg/h) | AG4: Pré 2 (Lib/dia) | AH4: Pré 2 (Kg/h) | AI4: Pós (Lib/dia) | AJ4: Pós (Kg/h) | AK4: Pré 1 (Lib/dia) cilindros | AL4: Pré 1 (Kg/h) cilindros | AM4: Pré 2 (Lib/dia) cilindros | AN4: Pré 2 (Kg/h) cilindros | AO4: Pós (Lib/dia) cilindros | AP4: Pós (Kg/h) cilindros | AQ4: COAGULANTE | AU4: Tempo de Utilização (h)
AQ5: Codigo | AR5: Nome | AS5: d (g/ml) | AT5: C (%)
B6: Bruta | C6: DEC_1 | D6: DEC_2 | E6: TRAT | F6: Bruta | G6: DEC_1 | H6: DEC_2 | I6: TRAT | J6: FILT | K6: Bruta | L6: DEC_1 | M6: DEC_2 | N6: TRAT | O6: TRAT | P6: DEC_1 | Q6: DEC_2 | R6: L/h | S6: mg/l | T6: L/s | X6: 0.041666667 | Y6: 2753 | Z6: 940 | AA6: 1 | AB6: =IF('8'!AA6=1,(('8'!Z6*'8'!$AS$6*'8'!$AT$6)/('8'!Y6*0.0036)),IF('8'!AA6=2,(('8'!Z6*'8'!$AS$7*'8'!$AT$7)/('8'!Y6*0.0036)))) -> 63.072608 | AD6: =(('8'!AC6*'8'!$Q$10*1000000))/('8'!Y6*3600) -> 0 | AF6: =('8'!AE6/24)*0.454 -> 0 | AH6: =('8'!AG6/24)*0.454 -> 0 | AI6: 3000 | AJ6: =('8'!AI6/24)*0.454 -> 56.75 | AK6: 1250 | AL6: =('8'!AK6/24)*0.454 -> 23.645833 | AM6: 1250 | AN6: =('8'!AM6/24)*0.454 -> 23.645833 | AP6: =('8'!AO6/24)*0.454 -> 0 | AQ6: 1 | AR6: S.A.L | AS6: 1.33 | AT6: 0.5
A7: 0 | B7: 60 | C7: 10 | D7: 10 | E7: 2.5 | F7: 7.5 | G7: 1.2 | H7: 1.3 | I7: 0.4 | J7: 0.4 | K7: 7.2 | L7: 6.5 | M7: 6.5 | N7: 6.3 | O7: 3.3 | R7: ='7'!$Z$29 -> 940 | S7: ='7'!AB29 -> 64.382235 | T7: ='7'!Y29 -> 2702 | U7: =IF('8'!AA6=1,'8'!AR6,'8'!AR7) -> S.A.L | V7: =ESCALA!$C$9 -> 0 | X7: 0.083333333 | Y7: 2771 | Z7: 940 | AA7: 1 | AB7: =IF('8'!AA7=1,(('8'!Z7*'8'!$AS$6*'8'!$AT$6)/('8'!Y7*0.0036)),IF('8'!AA7=2,(('8'!Z7*'8'!$AS$7*'8'!$AT$7)/('8'!Y7*0.0036)))) -> 62.662897 | AD7: =(('8'!AC7*'8'!$Q$10*1000000))/('8'!Y7*3600) -> 0 | AF7: =('8'!AE7/24)*0.454 -> 0 | AH7: =('8'!AG7/24)*0.454 -> 0 | AI7: 3000 | AJ7: =('8'!AI7/24)*0.454 -> 56.75 | AK7: 1250 | AL7: =('8'!AK7/24)*0.454 -> 23.645833 | AM7: 1250 | AN7: =('8'!AM7/24)*0.454 -> 23.645833 | AP7: =('8'!AO7/24)*0.454 -> 0 | AQ7: 2 | AR7: PAC 18 | AS7: 1.377 | AT7: 1 | AU7: 24
A8: 0.083333333 | B8: 60 | C8: 10 | D8: 10 | E8: 2.5 | F8: 7.5 | G8: 1.2 | H8: 1.2 | I8: 0.4 | J8: 0.3 | K8: 7.2 | L8: 6.5 | M8: 6.5 | N8: 6.3 | O8: 3.2 | R8: ='8'!Z7 -> 940 | S8: ='8'!AB7 -> 62.662897 | T8: ='8'!Y7 -> 2771 | U8: =IF('8'!AA7=1,'8'!AR6,'8'!AR7) -> S.A.L | X8: 0.125 | Y8: 2792 | Z8: 940 | AA8: 1 | AB8: =IF('8'!AA8=1,(('8'!Z8*'8'!$AS$6*'8'!$AT$6)/('8'!Y8*0.0036)),IF('8'!AA8=2,(('8'!Z8*'8'!$AS$7*'8'!$AT$7)/('8'!Y8*0.0036)))) -> 62.191579 | AD8: =(('8'!AC8*'8'!$Q$10*1000000))/('8'!Y8*3600) -> 0 | AF8: =('8'!AE8/24)*0.454 -> 0 | AH8: =('8'!AG8/24)*0.454 -> 0 | AI8: 3000 | AJ8: =('8'!AI8/24)*0.454 -> 56.75 | AK8: 1250 | AL8: =('8'!AK8/24)*0.454 -> 23.645833 | AM8: 1250 | AN8: =('8'!AM8/24)*0.454 -> 23.645833 | AP8: =('8'!AO8/24)*0.454 -> 0 | AQ8: Polímero Catiônico
A9: 0.16666667 | B9: 60 | C9: 10 | D9: 10 | E9: 2.5 | F9: 7.7 | G9: 1.2 | H9: 1.2 | I9: 0.3 | J9: 0.3 | K9: 7.2 | L9: 6.5 | M9: 6.5 | N9: 6.3 | O9: 3.2 | R9: ='8'!Z9 -> 940 | S9: ='8'!AB9 -> 63.884801 | T9: ='8'!Y9 -> 2718 | U9: =IF('8'!AA9=1,'8'!AR6,'8'!AR7) -> S.A.L | X9: 0.16666667 | Y9: 2718 | Z9: 940 | AA9: 1 | AB9: =IF('8'!AA9=1,(('8'!Z9*'8'!$AS$6*'8'!$AT$6)/('8'!Y9*0.0036)),IF('8'!AA9=2,(('8'!Z9*'8'!$AS$7*'8'!$AT$7)/('8'!Y9*0.0036)))) -> 63.884801 | AD9: =(('8'!AC9*'8'!$Q$10*1000000))/('8'!Y9*3600) -> 0 | AF9: =('8'!AE9/24)*0.454 -> 0 | AH9: =('8'!AG9/24)*0.454 -> 0 | AI9: 3000 | AJ9: =('8'!AI9/24)*0.454 -> 56.75 | AK9: 1250 | AL9: =('8'!AK9/24)*0.454 -> 23.645833 | AM9: 1250 | AN9: =('8'!AM9/24)*0.454 -> 23.645833 | AP9: =('8'!AO9/24)*0.454 -> 0 | AQ9: Nome | AT9: C (%)
A10: 0.25 | B10: 60 | C10: 10 | D10: 10 | E10: 2.5 | F10: 7.8 | G10: 1.2 | H10: 1.2 | I10: 0.3 | J10: 0.3 | K10: 7.2 | L10: 6.5 | M10: 6.5 | N10: 6.3 | O10: 3 | R10: ='8'!Z11 -> 940 | S10: ='8'!AB11 -> 64.669977 | T10: ='8'!Y11 -> 2685 | U10: =IF('8'!AA11=1,'8'!AR6,'8'!AR7) -> S.A.L | X10: 0.20833333 | Y10: 2752 | Z10: 940 | AA10: 1 | AB10: =IF('8'!AA10=1,(('8'!Z10*'8'!$AS$6*'8'!$AT$6)/('8'!Y10*0.0036)),IF('8'!AA10=2,(('8'!Z10*'8'!$AS$7*'8'!$AT$7)/('8'!Y10*0.0036)))) -> 63.095526 | AD10: =(('8'!AC10*'8'!$Q$10*1000000))/('8'!Y10*3600) -> 0 | AF10: =('8'!AE10/24)*0.454 -> 0 | AH10: =('8'!AG10/24)*0.454 -> 0 | AI10: 3000 | AJ10: =('8'!AI10/24)*0.454 -> 56.75 | AK10: 1250 | AL10: =('8'!AK10/24)*0.454 -> 23.645833 | AM10: 1250 | AN10: =('8'!AM10/24)*0.454 -> 23.645833 | AP10: =('8'!AO10/24)*0.454 -> 0 | AQ10: Aguapol 200 | AT10: 0.002
A11: 0.33333333 | B11: 60 | C11: 10 | D11: 10 | E11: 2.5 | F11: 8 | G11: 1.1 | H11: 1.1 | I11: 0.3 | J11: 0.3 | K11: 7 | L11: 6.7 | M11: 6.7 | N11: 6.3 | O11: 3 | R11: ='8'!Z13 -> 940 | S11: ='8'!AB13 -> 63.814366 | T11: ='8'!Y13 -> 2721 | U11: =IF('8'!AA13=1,'8'!AR6,'8'!AR7) -> S.A.L | X11: 0.25 | Y11: 2685 | Z11: 940 | AA11: 1 | AB11: =IF('8'!AA11=1,(('8'!Z11*'8'!$AS$6*'8'!$AT$6)/('8'!Y11*0.0036)),IF('8'!AA11=2,(('8'!Z11*'8'!$AS$7*'8'!$AT$7)/('8'!Y11*0.0036)))) -> 64.669977 | AD11: =(('8'!AC11*'8'!$Q$10*1000000))/('8'!Y11*3600) -> 0 | AF11: =('8'!AE11/24)*0.454 -> 0 | AH11: =('8'!AG11/24)*0.454 -> 0 | AI11: 3000 | AJ11: =('8'!AI11/24)*0.454 -> 56.75 | AK11: 1250 | AL11: =('8'!AK11/24)*0.454 -> 23.645833 | AM11: 1250 | AN11: =('8'!AM11/24)*0.454 -> 23.645833 | AP11: =('8'!AO11/24)*0.454 -> 0
A12: 0.41666667 | B12: 60 | C12: 10 | D12: 10 | E12: 2.5 | F12: 8.7 | G12: 1.5 | H12: 1.2 | I12: 0.3 | J12: 0.4 | K12: 7.3 | L12: 6.7 | M12: 6.7 | N12: 6.3 | O12: 2.8 | R12: ='8'!Z15 -> 940 | S12: ='8'!AB15 -> 64.766464 | T12: ='8'!Y15 -> 2681 | U12: =IF('8'!AA15=1,'8'!AR6,'8'!AR7) -> S.A.L | V12: =ESCALA!$B$10 -> 0 | X12: 0.29166667 | Y12: 2685 | Z12: 940 | AA12: 1 | AB12: =IF('8'!AA12=1,(('8'!Z12*'8'!$AS$6*'8'!$AT$6)/('8'!Y12*0.0036)),IF('8'!AA12=2,(('8'!Z12*'8'!$AS$7*'8'!$AT$7)/('8'!Y12*0.0036)))) -> 64.669977 | AD12: =(('8'!AC12*'8'!$Q$10*1000000))/('8'!Y12*3600) -> 0 | AF12: =('8'!AE12/24)*0.454 -> 0 | AH12: =('8'!AG12/24)*0.454 -> 0 | AI12: 5200 | AJ12: =('8'!AI12/24)*0.454 -> 98.366667 | AL12: =('8'!AK12/24)*0.454 -> 0 | AN12: =('8'!AM12/24)*0.454 -> 0 | AP12: =('8'!AO12/24)*0.454 -> 0
A13: 0.5 | B13: 60 | C13: 10 | D13: 10 | E13: 2.5 | F13: 8.8 | G13: 1.5 | H13: 1.3 | I13: 0.3 | J13: 0.4 | K13: 7.3 | L13: 6.7 | M13: 6.7 | N13: 6.3 | O13: 2.8 | R13: ='8'!Z17 -> 940 | S13: ='8'!AB17 -> 64.120712 | T13: ='8'!Y17 -> 2708 | U13: =IF('8'!AA17=1,'8'!AR6,'8'!AR7) -> S.A.L | X13: 0.33333333 | Y13: 2721 | Z13: 940 | AA13: 1 | AB13: =IF('8'!AA13=1,(('8'!Z13*'8'!$AS$6*'8'!$AT$6)/('8'!Y13*0.0036)),IF('8'!AA13=2,(('8'!Z13*'8'!$AS$7*'8'!$AT$7)/('8'!Y13*0.0036)))) -> 63.814366 | AD13: =(('8'!AC13*'8'!$Q$10*1000000))/('8'!Y13*3600) -> 0 | AF13: =('8'!AE13/24)*0.454 -> 0 | AH13: =('8'!AG13/24)*0.454 -> 0 | AI13: 5200 | AJ13: =('8'!AI13/24)*0.454 -> 98.366667 | AL13: =('8'!AK13/24)*0.454 -> 0 | AN13: =('8'!AM13/24)*0.454 -> 0 | AP13: =('8'!AO13/24)*0.454 -> 0
A14: 0.58333333 | B14: 60 | C14: 12.5 | D14: 10 | E14: 2.5 | F14: 8.8 | G14: 1.6 | H14: 1.3 | I14: 0.3 | J14: 0.4 | K14: 7.3 | L14: 6.7 | M14: 6.7 | N14: 6.3 | O14: 2.8 | R14: ='8'!Z19 -> 940 | S14: ='8'!AB19 -> 61.443344 | T14: ='8'!Y19 -> 2826 | U14: =IF('8'!AA19=1,'8'!AR6,'8'!AR7) -> S.A.L | X14: 0.375 | Y14: 2758 | Z14: 940 | AA14: 1 | AB14: =IF('8'!AA14=1,(('8'!Z14*'8'!$AS$6*'8'!$AT$6)/('8'!Y14*0.0036)),IF('8'!AA14=2,(('8'!Z14*'8'!$AS$7*'8'!$AT$7)/('8'!Y14*0.0036)))) -> 62.958263 | AD14: =(('8'!AC14*'8'!$Q$10*1000000))/('8'!Y14*3600) -> 0 | AF14: =('8'!AE14/24)*0.454 -> 0 | AH14: =('8'!AG14/24)*0.454 -> 0 | AI14: 5200 | AJ14: =('8'!AI14/24)*0.454 -> 98.366667 | AL14: =('8'!AK14/24)*0.454 -> 0 | AN14: =('8'!AM14/24)*0.454 -> 0 | AP14: =('8'!AO14/24)*0.454 -> 0
A15: 0.66666667 | B15: 60 | C15: 12.5 | D15: 10 | E15: 2.5 | F15: 8.8 | G15: 1.7 | H15: 1.3 | I15: 0.4 | J15: 0.5 | K15: 7.3 | L15: 6.7 | M15: 6.7 | N15: 6.3 | O15: 2.8 | R15: ='8'!Z21 -> 940 | S15: ='8'!AB21 -> 63.534171 | T15: ='8'!Y21 -> 2733 | U15: =IF('8'!AA21=1,'8'!AR6,'8'!AR7) -> S.A.L | X15: 0.41666667 | Y15: 2681 | Z15: 940 | AA15: 1 | AB15: =IF('8'!AA15=1,(('8'!Z15*'8'!$AS$6*'8'!$AT$6)/('8'!Y15*0.0036)),IF('8'!AA15=2,(('8'!Z15*'8'!$AS$7*'8'!$AT$7)/('8'!Y15*0.0036)))) -> 64.766464 | AD15: =(('8'!AC15*'8'!$Q$10*1000000))/('8'!Y15*3600) -> 0 | AF15: =('8'!AE15/24)*0.454 -> 0 | AH15: =('8'!AG15/24)*0.454 -> 0 | AI15: 5200 | AJ15: =('8'!AI15/24)*0.454 -> 98.366667 | AL15: =('8'!AK15/24)*0.454 -> 0 | AN15: =('8'!AM15/24)*0.454 -> 0 | AP15: =('8'!AO15/24)*0.454 -> 0
A16: 0.75 | B16: 60 | C16: 10 | D16: 10 | E16: 2.5 | F16: 8.8 | G16: 1.5 | H16: 1.3 | I16: 0.4 | J16: 0.5 | K16: 7.3 | L16: 6.7 | M16: 6.7 | N16: 6.3 | O16: 2.8 | R16: ='8'!Z23 -> 940 | S16: ='8'!AB23 -> 65.747402 | T16: ='8'!Y23 -> 2641 | U16: =IF('8'!AA23=1,'8'!AR6,'8'!AR7) -> S.A.L | X16: 0.45833333 | Y16: 2723 | Z16: 940 | AA16: 1 | AB16: =IF('8'!AA16=1,(('8'!Z16*'8'!$AS$6*'8'!$AT$6)/('8'!Y16*0.0036)),IF('8'!AA16=2,(('8'!Z16*'8'!$AS$7*'8'!$AT$7)/('8'!Y16*0.0036)))) -> 63.767495 | AD16: =(('8'!AC16*'8'!$Q$10*1000000))/('8'!Y16*3600) -> 0 | AF16: =('8'!AE16/24)*0.454 -> 0 | AH16: =('8'!AG16/24)*0.454 -> 0 | AI16: 5200 | AJ16: =('8'!AI16/24)*0.454 -> 98.366667 | AL16: =('8'!AK16/24)*0.454 -> 0 | AN16: =('8'!AM16/24)*0.454 -> 0 | AP16: =('8'!AO16/24)*0.454 -> 0
A17: 0.83333333 | B17: 60 | C17: 12.5 | D17: 10 | E17: 2.5 | F17: 8.1 | G17: 1.8 | H17: 1.3 | I17: 0.4 | J17: 0.5 | K17: 7.3 | L17: 6.7 | M17: 6.7 | N17: 6.4 | O17: 3 | R17: ='8'!Z25 -> 940 | S17: ='8'!AB25 -> 63.072608 | T17: ='8'!Y25 -> 2753 | U17: =IF('8'!AA25=1,'8'!AR6,'8'!AR7) -> S.A.L | V17: =ESCALA!$C$10 -> 0 | X17: 0.5 | Y17: 2708 | Z17: 940 | AA17: 1 | AB17: =IF('8'!AA17=1,(('8'!Z17*'8'!$AS$6*'8'!$AT$6)/('8'!Y17*0.0036)),IF('8'!AA17=2,(('8'!Z17*'8'!$AS$7*'8'!$AT$7)/('8'!Y17*0.0036)))) -> 64.120712 | AD17: =(('8'!AC17*'8'!$Q$10*1000000))/('8'!Y17*3600) -> 0 | AF17: =('8'!AE17/24)*0.454 -> 0 | AH17: =('8'!AG17/24)*0.454 -> 0 | AI17: 5200 | AJ17: =('8'!AI17/24)*0.454 -> 98.366667 | AL17: =('8'!AK17/24)*0.454 -> 0 | AN17: =('8'!AM17/24)*0.454 -> 0 | AP17: =('8'!AO17/24)*0.454 -> 0
A18: 0.91666667 | B18: 60 | C18: 12.5 | D18: 10 | E18: 2.5 | F18: 8.2 | G18: 1.8 | H18: 1.3 | I18: 0.4 | J18: 0.5 | K18: 7.3 | L18: 6.7 | M18: 6.7 | N18: 6.4 | O18: 3 | R18: ='8'!Z27 -> 940 | S18: ='8'!AB27 -> 64.936009 | T18: ='8'!Y27 -> 2674 | U18: =IF('8'!AA27=1,'8'!AR6,'8'!AR7) -> S.A.L | X18: 0.54166667 | Y18: 2671 | Z18: 940 | AA18: 1 | AB18: =IF('8'!AA18=1,(('8'!Z18*'8'!$AS$6*'8'!$AT$6)/('8'!Y18*0.0036)),IF('8'!AA18=2,(('8'!Z18*'8'!$AS$7*'8'!$AT$7)/('8'!Y18*0.0036)))) -> 65.008944 | AD18: =(('8'!AC18*'8'!$Q$10*1000000))/('8'!Y18*3600) -> 0 | AF18: =('8'!AE18/24)*0.454 -> 0 | AH18: =('8'!AG18/24)*0.454 -> 0 | AI18: 5200 | AJ18: =('8'!AI18/24)*0.454 -> 98.366667 | AL18: =('8'!AK18/24)*0.454 -> 0 | AN18: =('8'!AM18/24)*0.454 -> 0 | AP18: =('8'!AO18/24)*0.454 -> 0
A19: Média | B19: {=IF('8'!B7:B18>0.01,AVERAGE('8'!B7:B18),"")} -> 60 | C19: {=IF('8'!C7:C18>0.01,AVERAGE('8'!C7:C18),"")} -> 10.833333 | D19: {=IF('8'!D7:D18>0.01,AVERAGE('8'!D7:D18),"")} -> 10 | E19: {=IF('8'!E7:E18>0.01,AVERAGE('8'!E7:E18),"")} -> 2.5 | F19: {=IF('8'!F7:F18>0.01,AVERAGE('8'!F7:F18),"")} -> 8.225 | G19: {=IF('8'!G7:G18>0.01,AVERAGE('8'!G7:G18),"")} -> 1.4416667 | H19: {=IF('8'!H7:H18>0.01,AVERAGE('8'!H7:H18),"")} -> 1.25 | I19: {=IF('8'!I7:I18>0.01,AVERAGE('8'!I7:I18),"")} -> 0.35 | ... R19: {=IF('8'!R7:R18>0.01,AVERAGE('8'!R7:R18),"")} -> 940 | S19: =AVERAGE('8'!S7:S18) -> 63.919582 | X19: 0.58333333 | Y19: 2826 | Z19: 940 | AA19: 1 | AB19: =IF('8'!AA19=1,(('8'!Z19*'8'!$AS$6*'8'!$AT$6)/('8'!Y19*0.0036)),IF('8'!AA19=2,(('8'!Z19*'8'!$AS$7*'8'!$AT$7)/('8'!Y19*0.0036)))) -> 61.443344 | AD19: =(('8'!AC19*'8'!$Q$10*1000000))/('8'!Y19*3600) -> 0 | AF19: =('8'!AE19/24)*0.454 -> 0 | AH19: =('8'!AG19/24)*0.454 -> 0 | AI19: 5200 | AJ19: =('8'!AI19/24)*0.454 -> 98.366667 | AL19: =('8'!AK19/24)*0.454 -> 0 | AN19: =('8'!AM19/24)*0.454 -> 0 | AP19: =('8'!AO19/24)*0.454 -> 0
A20: Máximo | B20: =MAX('8'!B7:B18) -> 60 | C20: =MAX('8'!C7:C18) -> 12.5 | D20: =MAX('8'!D7:D18) -> 10 | E20: =MAX('8'!E7:E18) -> 2.5 | F20: =MAX('8'!F7:F18) -> 8.8 | G20: =MAX('8'!G7:G18) -> 1.8 | H20: =MAX('8'!H7:H18) -> 1.3 | I20: =MAX('8'!I7:I18) -> 0.4 | ... S20: =MAX('8'!S7:S18) -> 65.747402 | X20: 0.625 | Y20: 2678 | Z20: 940 | AA20: 1 | AB20: =IF('8'!AA20=1,(('8'!Z20*'8'!$AS$6*'8'!$AT$6)/('8'!Y20*0.0036)),IF('8'!AA20=2,(('8'!Z20*'8'!$AS$7*'8'!$AT$7)/('8'!Y20*0.0036)))) -> 64.839018 | AD20: =(('8'!AC20*'8'!$Q$10*1000000))/('8'!Y20*3600) -> 0 | AF20: =('8'!AE20/24)*0.454 -> 0 | AH20: =('8'!AG20/24)*0.454 -> 0 | AI20: 5200 | AJ20: =('8'!AI20/24)*0.454 -> 98.366667 | AL20: =('8'!AK20/24)*0.454 -> 0 | AN20: =('8'!AM20/24)*0.454 -> 0 | AP20: =('8'!AO20/24)*0.454 -> 0
A21: Mínimo | B21: =MIN('8'!B7:B18) -> 60 | C21: =MIN('8'!C7:C18) -> 10 | D21: =MIN('8'!D7:D18) -> 10 | E21: =MIN('8'!E7:E18) -> 2.5 | F21: =MIN('8'!F7:F18) -> 7.5 | G21: =MIN('8'!G7:G18) -> 1.1 | H21: =MIN('8'!H7:H18) -> 1.1 | I21: =MIN('8'!I7:I18) -> 0.3 | ... S21: =MIN('8'!S7:S18) -> 61.443344 | X21: 0.66666667 | Y21: 2733 | Z21: 940 | AA21: 1 | AB21: =IF('8'!AA21=1,(('8'!Z21*'8'!$AS$6*'8'!$AT$6)/('8'!Y21*0.0036)),IF('8'!AA21=2,(('8'!Z21*'8'!$AS$7*'8'!$AT$7)/('8'!Y21*0.0036)))) -> 63.534171 | AD21: =(('8'!AC21*'8'!$Q$10*1000000))/('8'!Y21*3600) -> 0 | AF21: =('8'!AE21/24)*0.454 -> 0 | AH21: =('8'!AG21/24)*0.454 -> 0 | AI21: 5200 | AJ21: =('8'!AI21/24)*0.454 -> 98.366667 | AL21: =('8'!AK21/24)*0.454 -> 0 | AN21: =('8'!AM21/24)*0.454 -> 0 | AP21: =('8'!AO21/24)*0.454 -> 0
R22: Total | X22: 0.70833333 | Y22: 2915 | Z22: 940 | AA22: 1 | AB22: =IF('8'!AA22=1,(('8'!Z22*'8'!$AS$6*'8'!$AT$6)/('8'!Y22*0.0036)),IF('8'!AA22=2,(('8'!Z22*'8'!$AS$7*'8'!$AT$7)/('8'!Y22*0.0036)))) -> 59.567372 | AD22: =(('8'!AC22*'8'!$Q$10*1000000))/('8'!Y22*3600) -> 0 | AF22: =('8'!AE22/24)*0.454 -> 0 | AH22: =('8'!AG22/24)*0.454 -> 0 | AI22: 5200 | AJ22: =('8'!AI22/24)*0.454 -> 98.366667 | AL22: =('8'!AK22/24)*0.454 -> 0 | AN22: =('8'!AM22/24)*0.454 -> 0 | AP22: =('8'!AO22/24)*0.454 -> 0
A23: TURBIDEZ DOS FILTROS DA 1ª E 2ª ETAPAS | R23: 440 | S23: Litros | X23: 0.75 | Y23: 2641 | Z23: 940 | AA23: 1 | AB23: =IF('8'!AA23=1,(('8'!Z23*'8'!$AS$6*'8'!$AT$6)/('8'!Y23*0.0036)),IF('8'!AA23=2,(('8'!Z23*'8'!$AS$7*'8'!$AT$7)/('8'!Y23*0.0036)))) -> 65.747402 | AD23: =(('8'!AC23*'8'!$Q$10*1000000))/('8'!Y23*3600) -> 0 | AF23: =('8'!AE23/24)*0.454 -> 0 | AH23: =('8'!AG23/24)*0.454 -> 0 | AI23: 5200 | AJ23: =('8'!AI23/24)*0.454 -> 98.366667 | AL23: =('8'!AK23/24)*0.454 -> 0 | AN23: =('8'!AM23/24)*0.454 -> 0 | AP23: =('8'!AO23/24)*0.454 -> 0
A24: HORA | B24: 1 | C24: 2 | D24: 3 | E24: 4 | F24: 5 | G24: 6 | H24: 7 | I24: 8 | J24: 9 | K24: 10 | L24: 11 | M24: 12 | N24: 13 | O24: 14 | P24: 15 | Q24: 16 | R24: 0 | S24: Kilos | X24: 0.79166667 | Y24: 2741 | Z24: 940 | AA24: 1 | AB24: =IF('8'!AA24=1,(('8'!Z24*'8'!$AS$6*'8'!$AT$6)/('8'!Y24*0.0036)),IF('8'!AA24=2,(('8'!Z24*'8'!$AS$7*'8'!$AT$7)/('8'!Y24*0.0036)))) -> 63.348737 | AD24: =(('8'!AC24*'8'!$Q$10*1000000))/('8'!Y24*3600) -> 0 | AF24: =('8'!AE24/24)*0.454 -> 0 | AH24: =('8'!AG24/24)*0.454 -> 0 | AI24: 5200 | AJ24: =('8'!AI24/24)*0.454 -> 98.366667 | AL24: =('8'!AK24/24)*0.454 -> 0 | AN24: =('8'!AM24/24)*0.454 -> 0 | AP24: =('8'!AO24/24)*0.454 -> 0
